Sample_Name,point_index,correlation_value,delay_time_s
k_1s-100ug_mL 1,1,0.0897,0.5
k_1s-100ug_mL 1,2,0.0946,1.0
k_1s-100ug_mL 1,3,0.0952,1.5
k_1s-100ug_mL 1,4,0.0967,2.0
k_1s-100ug_mL 1,5,0.0949,2.5
k_1s-100ug_mL 1,6,0.0957,3.0
k_1s-100ug_mL 1,7,0.0942,3.5
k_1s-100ug_mL 1,8,0.0951,4.0
k_1s-100ug_mL 1,9,0.0949,4.5
k_1s-100ug_mL 1,10,0.0943,5.5
k_1s-100ug_mL 1,11,0.0945,6.5
k_1s-100ug_mL 1,12,0.0935,7.5
k_1s-100ug_mL 1,13,0.094,8.5
k_1s-100ug_mL 1,14,0.0946,9.5
k_1s-100ug_mL 1,15,0.0942,10.5
k_1s-100ug_mL 1,16,0.094,11.5
k_1s-100ug_mL 1,17,0.0935,12.5
k_1s-100ug_mL 1,18,0.0928,14.5
k_1s-100ug_mL 1,19,0.0933,16.5
k_1s-100ug_mL 1,20,0.0931,18.5
k_1s-100ug_mL 1,21,0.0927,20.5
k_1s-100ug_mL 1,22,0.0924,22.5
k_1s-100ug_mL 1,23,0.0922,24.5
k_1s-100ug_mL 1,24,0.0918,26.5
k_1s-100ug_mL 1,25,0.0915,28.5
k_1s-100ug_mL 1,26,0.0909,32.5
k_1s-100ug_mL 1,27,0.0906,36.5
k_1s-100ug_mL 1,28,0.0902,40.5
k_1s-100ug_mL 1,29,0.0898,44.5
k_1s-100ug_mL 1,30,0.0891,48.5
k_1s-100ug_mL 1,31,0.0893,52.5
k_1s-100ug_mL 1,32,0.0886,56.5
k_1s-100ug_mL 1,33,0.0887,60.5
k_1s-100ug_mL 1,34,0.0878,68.5
k_1s-100ug_mL 1,35,0.0871,76.5
k_1s-100ug_mL 1,36,0.087,84.5
k_1s-100ug_mL 1,37,0.0863,92.5
k_1s-100ug_mL 1,38,0.0858,101.0
k_1s-100ug_mL 1,39,0.0852,109.0
k_1s-100ug_mL 1,40,0.0847,117.0
k_1s-100ug_mL 1,41,0.0842,125.0
k_1s-100ug_mL 1,42,0.0833,141.0
k_1s-100ug_mL 1,43,0.0827,157.0
k_1s-100ug_mL 1,44,0.0816,173.0
k_1s-100ug_mL 1,45,0.0808,189.0
k_1s-100ug_mL 1,46,0.08,205.0
k_1s-100ug_mL 1,47,0.0791,221.0
k_1s-100ug_mL 1,48,0.0784,237.0
k_1s-100ug_mL 1,49,0.0778,253.0
k_1s-100ug_mL 1,50,0.0766,285.0
k_1s-100ug_mL 1,51,0.0753,317.0
k_1s-100ug_mL 1,52,0.0741,349.0
k_1s-100ug_mL 1,53,0.0729,381.0
k_1s-100ug_mL 1,54,0.0718,413.0
k_1s-100ug_mL 1,55,0.0708,445.0
k_1s-100ug_mL 1,56,0.0697,477.0
k_1s-100ug_mL 1,57,0.0687,509.0
k_1s-100ug_mL 1,58,0.0669,573.0
k_1s-100ug_mL 1,59,0.0651,637.0
k_1s-100ug_mL 1,60,0.0634,701.0
k_1s-100ug_mL 1,61,0.0619,765.0
k_1s-100ug_mL 1,62,0.0603,829.0
k_1s-100ug_mL 1,63,0.0587,893.0
k_1s-100ug_mL 1,64,0.0574,957.0
k_1s-100ug_mL 1,65,0.0561,1020.0
k_1s-100ug_mL 1,66,0.0536,1150.0
k_1s-100ug_mL 1,67,0.0512,1280.0
k_1s-100ug_mL 1,68,0.049,1400.0
k_1s-100ug_mL 1,69,0.047,1530.0
k_1s-100ug_mL 1,70,0.045,1660.0
k_1s-100ug_mL 1,71,0.0433,1790.0
k_1s-100ug_mL 1,72,0.0416,1920.0
k_1s-100ug_mL 1,73,0.0402,2040.0
k_1s-100ug_mL 1,74,0.0374,2300.0
k_1s-100ug_mL 1,75,0.0349,2560.0
k_1s-100ug_mL 1,76,0.0326,2810.0
k_1s-100ug_mL 1,77,0.0304,3070.0
k_1s-100ug_mL 1,78,0.0285,3320.0
k_1s-100ug_mL 1,79,0.0267,3580.0
k_1s-100ug_mL 1,80,0.025,3840.0
k_1s-100ug_mL 1,81,0.0235,4090.0
k_1s-100ug_mL 1,82,0.0209,4600.0
k_1s-100ug_mL 1,83,0.0187,5120.0
k_1s-100ug_mL 1,84,0.0168,5630.0
k_1s-100ug_mL 1,85,0.0152,6140.0
k_1s-100ug_mL 1,86,0.0139,6650.0
k_1s-100ug_mL 1,87,0.0127,7160.0
k_1s-100ug_mL 1,88,0.0118,7680.0
k_1s-100ug_mL 1,89,0.0113,8190.0
k_1s-100ug_mL 1,90,0.0101,9210.0
k_1s-100ug_mL 1,91,0.00831,10200.0
k_1s-100ug_mL 1,92,0.0068,11300.0
k_1s-100ug_mL 1,93,0.00589,12300.0
k_1s-100ug_mL 1,94,0.00538,13300.0
k_1s-100ug_mL 1,95,0.00495,14300.0
k_1s-100ug_mL 1,96,0.00471,15400.0
k_1s-100ug_mL 1,97,0.00401,16400.0
k_1s-100ug_mL 1,98,0.00303,18400.0
k_1s-100ug_mL 1,99,0.00175,20500.0
k_1s-100ug_mL 1,100,0.00124,22500.0
k_1s-100ug_mL 1,101,0.00144,24600.0
k_1s-100ug_mL 1,102,0.00197,26600.0
k_1s-100ug_mL 1,103,0.00293,28700.0
k_1s-100ug_mL 1,104,0.00373,30700.0
k_1s-100ug_mL 1,105,0.00381,32800.0
k_1s-100ug_mL 1,106,0.00351,36900.0
k_1s-100ug_mL 1,107,0.00255,41000.0
k_1s-100ug_mL 1,108,0.00389,45100.0
k_1s-100ug_mL 1,109,0.00372,49100.0
k_1s-100ug_mL 1,110,0.00286,53200.0
k_1s-100ug_mL 1,111,0.0015,57300.0
k_1s-100ug_mL 1,112,0.00172,61400.0
k_1s-100ug_mL 1,113,0.0029,65500.0
k_1s-100ug_mL 1,114,0.00339,73700.0
k_1s-100ug_mL 1,115,0.00503,81900.0
k_1s-100ug_mL 1,116,0.00324,90100.0
k_1s-100ug_mL 1,117,0.00483,98300.0
k_1s-100ug_mL 1,118,0.00461,106000.0
k_1s-100ug_mL 1,119,0.00539,115000.0
k_1s-100ug_mL 1,120,0.00541,123000.0
k_1s-100ug_mL 1,121,0.00434,131000.0
k_1s-100ug_mL 1,122,0.00131,147000.0
k_1s-100ug_mL 1,123,0.00404,164000.0
k_1s-100ug_mL 1,124,0.00212,180000.0
k_1s-100ug_mL 1,125,0.00259,197000.0
k_1s-100ug_mL 1,126,0.00254,213000.0
k_1s-100ug_mL 1,127,0.00352,229000.0
k_1s-100ug_mL 1,128,0.00259,246000.0
k_1s-100ug_mL 1,129,0.00177,262000.0
k_1s-100ug_mL 1,130,0.002,295000.0
k_1s-100ug_mL 1,131,0.0018,328000.0
k_1s-100ug_mL 1,132,0.000844,360000.0
k_1s-100ug_mL 1,133,0.000363,393000.0
k_1s-100ug_mL 1,134,0.000345,426000.0
k_1s-100ug_mL 1,135,0.000168,459000.0
k_1s-100ug_mL 1,136,0.000467,492000.0
k_1s-100ug_mL 1,137,0.000271,524000.0
k_1s-100ug_mL 1,138,0.000239,590000.0
k_1s-100ug_mL 1,139,0.000412,655000.0
k_1s-100ug_mL 1,140,0.000269,721000.0
k_1s-100ug_mL 1,141,0.000238,786000.0
k_1s-100ug_mL 1,142,0.00041,852000.0
k_1s-100ug_mL 1,143,0.00052,918000.0
k_1s-100ug_mL 1,144,0.000121,983000.0
k_1s-100ug_mL 1,145,0.000729,1050000.0
k_1s-100ug_mL 1,146,0.000355,1180000.0
k_1s-100ug_mL 1,147,0.000574,1310000.0
k_1s-100ug_mL 1,148,0.000426,1440000.0
k_1s-100ug_mL 1,149,0.000325,1570000.0
k_1s-100ug_mL 1,150,0.000468,1700000.0
k_1s-100ug_mL 1,151,0.000966,1840000.0
k_1s-100ug_mL 1,152,0.000946,1970000.0
k_1s-100ug_mL 1,153,0.000765,2100000.0
k_1s-100ug_mL 1,154,0.000131,2360000.0
k_1s-100ug_mL 1,155,0.000271,2620000.0
k_1s-100ug_mL 1,156,0.000648,2880000.0
k_1s-100ug_mL 1,157,0.000472,3150000.0
k_1s-100ug_mL 1,158,0.000351,3410000.0
k_1s-100ug_mL 1,159,0.000933,3670000.0
k_1s-100ug_mL 1,160,0.000719,3930000.0
k_1s-100ug_mL 1,161,0.0,4190000.0
k_1s-100ug_mL 1,162,0.0,4720000.0
k_1s-100ug_mL 1,163,0.0,5240000.0
k_1s-100ug_mL 1,164,0.0,5770000.0
k_1s-100ug_mL 1,165,0.0,6290000.0
k_1s-100ug_mL 1,166,0.0,6820000.0
k_1s-100ug_mL 1,167,0.0,7340000.0
k_1s-100ug_mL 1,168,0.0,7860000.0
k_1s-100ug_mL 1,169,0.0,8390000.0
k_1s-100ug_mL 1,170,0.0,9440000.0
k_1s-100ug_mL 1,171,0.0,10500000.0
k_1s-100ug_mL 1,172,0.0,11500000.0
k_1s-100ug_mL 1,173,0.0,12600000.0
k_1s-100ug_mL 1,174,0.0,13600000.0
k_1s-100ug_mL 1,175,0.0,14700000.0
k_1s-100ug_mL 1,176,0.0,15700000.0
k_1s-100ug_mL 1,177,0.0,16800000.0
k_1s-100ug_mL 1,178,0.0,18900000.0
k_1s-100ug_mL 1,179,0.0,21000000.0
k_1s-100ug_mL 1,180,0.0,23100000.0
k_1s-100ug_mL 1,181,0.0,25200000.0
k_1s-100ug_mL 1,182,0.0,27300000.0
k_1s-100ug_mL 1,183,0.0,29400000.0
k_1s-100ug_mL 1,184,0.0,31500000.0
k_1s-100ug_mL 1,185,0.0,33600000.0
k_1s-100ug_mL 1,186,0.0,37700000.0
k_1s-100ug_mL 1,187,0.0,41900000.0
k_1s-100ug_mL 1,188,0.0,46100000.0
k_1s-100ug_mL 1,189,0.0,50300000.0
k_1s-100ug_mL 1,190,0.0,54500000.0
k_1s-100ug_mL 1,191,0.0,58700000.0
k_1s-100ug_mL 1,192,0.0,62900000.0
k_1s-100ug_mL 2,1,0.0821,0.5
k_1s-100ug_mL 2,2,0.0882,1.0
k_1s-100ug_mL 2,3,0.0879,1.5
k_1s-100ug_mL 2,4,0.0882,2.0
k_1s-100ug_mL 2,5,0.0872,2.5
k_1s-100ug_mL 2,6,0.0872,3.0
k_1s-100ug_mL 2,7,0.0879,3.5
k_1s-100ug_mL 2,8,0.0873,4.0
k_1s-100ug_mL 2,9,0.0872,4.5
k_1s-100ug_mL 2,10,0.0876,5.5
k_1s-100ug_mL 2,11,0.0871,6.5
k_1s-100ug_mL 2,12,0.0863,7.5
k_1s-100ug_mL 2,13,0.0865,8.5
k_1s-100ug_mL 2,14,0.0866,9.5
k_1s-100ug_mL 2,15,0.0858,10.5
k_1s-100ug_mL 2,16,0.0866,11.5
k_1s-100ug_mL 2,17,0.0857,12.5
k_1s-100ug_mL 2,18,0.0854,14.5
k_1s-100ug_mL 2,19,0.0851,16.5
k_1s-100ug_mL 2,20,0.0855,18.5
k_1s-100ug_mL 2,21,0.0851,20.5
k_1s-100ug_mL 2,22,0.0852,22.5
k_1s-100ug_mL 2,23,0.085,24.5
k_1s-100ug_mL 2,24,0.0842,26.5
k_1s-100ug_mL 2,25,0.0838,28.5
k_1s-100ug_mL 2,26,0.0837,32.5
k_1s-100ug_mL 2,27,0.0833,36.5
k_1s-100ug_mL 2,28,0.0832,40.5
k_1s-100ug_mL 2,29,0.0826,44.5
k_1s-100ug_mL 2,30,0.0827,48.5
k_1s-100ug_mL 2,31,0.0825,52.5
k_1s-100ug_mL 2,32,0.0818,56.5
k_1s-100ug_mL 2,33,0.0813,60.5
k_1s-100ug_mL 2,34,0.0807,68.5
k_1s-100ug_mL 2,35,0.0801,76.5
k_1s-100ug_mL 2,36,0.0796,84.5
k_1s-100ug_mL 2,37,0.0793,92.5
k_1s-100ug_mL 2,38,0.0786,101.0
k_1s-100ug_mL 2,39,0.0783,109.0
k_1s-100ug_mL 2,40,0.0778,117.0
k_1s-100ug_mL 2,41,0.0775,125.0
k_1s-100ug_mL 2,42,0.0766,141.0
k_1s-100ug_mL 2,43,0.0758,157.0
k_1s-100ug_mL 2,44,0.0751,173.0
k_1s-100ug_mL 2,45,0.0743,189.0
k_1s-100ug_mL 2,46,0.0736,205.0
k_1s-100ug_mL 2,47,0.0728,221.0
k_1s-100ug_mL 2,48,0.0723,237.0
k_1s-100ug_mL 2,49,0.0718,253.0
k_1s-100ug_mL 2,50,0.0703,285.0
k_1s-100ug_mL 2,51,0.0692,317.0
k_1s-100ug_mL 2,52,0.0681,349.0
k_1s-100ug_mL 2,53,0.067,381.0
k_1s-100ug_mL 2,54,0.0661,413.0
k_1s-100ug_mL 2,55,0.065,445.0
k_1s-100ug_mL 2,56,0.0641,477.0
k_1s-100ug_mL 2,57,0.0632,509.0
k_1s-100ug_mL 2,58,0.0616,573.0
k_1s-100ug_mL 2,59,0.06,637.0
k_1s-100ug_mL 2,60,0.0584,701.0
k_1s-100ug_mL 2,61,0.0568,765.0
k_1s-100ug_mL 2,62,0.0555,829.0
k_1s-100ug_mL 2,63,0.0539,893.0
k_1s-100ug_mL 2,64,0.0529,957.0
k_1s-100ug_mL 2,65,0.0516,1020.0
k_1s-100ug_mL 2,66,0.0493,1150.0
k_1s-100ug_mL 2,67,0.0471,1280.0
k_1s-100ug_mL 2,68,0.045,1400.0
k_1s-100ug_mL 2,69,0.0432,1530.0
k_1s-100ug_mL 2,70,0.0416,1660.0
k_1s-100ug_mL 2,71,0.04,1790.0
k_1s-100ug_mL 2,72,0.0385,1920.0
k_1s-100ug_mL 2,73,0.037,2040.0
k_1s-100ug_mL 2,74,0.0343,2300.0
k_1s-100ug_mL 2,75,0.0317,2560.0
k_1s-100ug_mL 2,76,0.0296,2810.0
k_1s-100ug_mL 2,77,0.0277,3070.0
k_1s-100ug_mL 2,78,0.0259,3320.0
k_1s-100ug_mL 2,79,0.0245,3580.0
k_1s-100ug_mL 2,80,0.023,3840.0
k_1s-100ug_mL 2,81,0.0217,4090.0
k_1s-100ug_mL 2,82,0.0196,4600.0
k_1s-100ug_mL 2,83,0.0178,5120.0
k_1s-100ug_mL 2,84,0.016,5630.0
k_1s-100ug_mL 2,85,0.0145,6140.0
k_1s-100ug_mL 2,86,0.0131,6650.0
k_1s-100ug_mL 2,87,0.0119,7160.0
k_1s-100ug_mL 2,88,0.0111,7680.0
k_1s-100ug_mL 2,89,0.0105,8190.0
k_1s-100ug_mL 2,90,0.00957,9210.0
k_1s-100ug_mL 2,91,0.00922,10200.0
k_1s-100ug_mL 2,92,0.0086,11300.0
k_1s-100ug_mL 2,93,0.00812,12300.0
k_1s-100ug_mL 2,94,0.00784,13300.0
k_1s-100ug_mL 2,95,0.00762,14300.0
k_1s-100ug_mL 2,96,0.00772,15400.0
k_1s-100ug_mL 2,97,0.00788,16400.0
k_1s-100ug_mL 2,98,0.00804,18400.0
k_1s-100ug_mL 2,99,0.00815,20500.0
k_1s-100ug_mL 2,100,0.0076,22500.0
k_1s-100ug_mL 2,101,0.00722,24600.0
k_1s-100ug_mL 2,102,0.00671,26600.0
k_1s-100ug_mL 2,103,0.00629,28700.0
k_1s-100ug_mL 2,104,0.0066,30700.0
k_1s-100ug_mL 2,105,0.00679,32800.0
k_1s-100ug_mL 2,106,0.00674,36900.0
k_1s-100ug_mL 2,107,0.00641,41000.0
k_1s-100ug_mL 2,108,0.00589,45100.0
k_1s-100ug_mL 2,109,0.00539,49100.0
k_1s-100ug_mL 2,110,0.00538,53200.0
k_1s-100ug_mL 2,111,0.00587,57300.0
k_1s-100ug_mL 2,112,0.00556,61400.0
k_1s-100ug_mL 2,113,0.0064,65500.0
k_1s-100ug_mL 2,114,0.0069,73700.0
k_1s-100ug_mL 2,115,0.00688,81900.0
k_1s-100ug_mL 2,116,0.00642,90100.0
k_1s-100ug_mL 2,117,0.00653,98300.0
k_1s-100ug_mL 2,118,0.00593,106000.0
k_1s-100ug_mL 2,119,0.0061,115000.0
k_1s-100ug_mL 2,120,0.00577,123000.0
k_1s-100ug_mL 2,121,0.00633,131000.0
k_1s-100ug_mL 2,122,0.00553,147000.0
k_1s-100ug_mL 2,123,0.00537,164000.0
k_1s-100ug_mL 2,124,0.00547,180000.0
k_1s-100ug_mL 2,125,0.00526,197000.0
k_1s-100ug_mL 2,126,0.00394,213000.0
k_1s-100ug_mL 2,127,0.0031,229000.0
k_1s-100ug_mL 2,128,0.00289,246000.0
k_1s-100ug_mL 2,129,0.0033,262000.0
k_1s-100ug_mL 2,130,0.0029,295000.0
k_1s-100ug_mL 2,131,0.00378,328000.0
k_1s-100ug_mL 2,132,0.00245,360000.0
k_1s-100ug_mL 2,133,0.00202,393000.0
k_1s-100ug_mL 2,134,0.00165,426000.0
k_1s-100ug_mL 2,135,0.00166,459000.0
k_1s-100ug_mL 2,136,0.00126,492000.0
k_1s-100ug_mL 2,137,0.000583,524000.0
k_1s-100ug_mL 2,138,0.000336,590000.0
k_1s-100ug_mL 2,139,0.000172,655000.0
k_1s-100ug_mL 2,140,4.14e-05,721000.0
k_1s-100ug_mL 2,141,3.02e-05,786000.0
k_1s-100ug_mL 2,142,0.0,852000.0
k_1s-100ug_mL 2,143,0.0,918000.0
k_1s-100ug_mL 2,144,1.94e-05,983000.0
k_1s-100ug_mL 2,145,0.000412,1050000.0
k_1s-100ug_mL 2,146,0.000524,1180000.0
k_1s-100ug_mL 2,147,0.000419,1310000.0
k_1s-100ug_mL 2,148,0.000417,1440000.0
k_1s-100ug_mL 2,149,0.000377,1570000.0
k_1s-100ug_mL 2,150,0.000165,1700000.0
k_1s-100ug_mL 2,151,0.000147,1840000.0
k_1s-100ug_mL 2,152,0.000489,1970000.0
k_1s-100ug_mL 2,153,0.000678,2100000.0
k_1s-100ug_mL 2,154,0.00019,2360000.0
k_1s-100ug_mL 2,155,0.000182,2620000.0
k_1s-100ug_mL 2,156,0.000343,2880000.0
k_1s-100ug_mL 2,157,0.000445,3150000.0
k_1s-100ug_mL 2,158,0.000783,3410000.0
k_1s-100ug_mL 2,159,8.3e-05,3670000.0
k_1s-100ug_mL 2,160,0.000347,3930000.0
k_1s-100ug_mL 2,161,0.0,4190000.0
k_1s-100ug_mL 2,162,0.0,4720000.0
k_1s-100ug_mL 2,163,0.0,5240000.0
k_1s-100ug_mL 2,164,0.0,5770000.0
k_1s-100ug_mL 2,165,0.0,6290000.0
k_1s-100ug_mL 2,166,0.0,6820000.0
k_1s-100ug_mL 2,167,0.0,7340000.0
k_1s-100ug_mL 2,168,0.0,7860000.0
k_1s-100ug_mL 2,169,0.0,8390000.0
k_1s-100ug_mL 2,170,0.0,9440000.0
k_1s-100ug_mL 2,171,0.0,10500000.0
k_1s-100ug_mL 2,172,0.0,11500000.0
k_1s-100ug_mL 2,173,0.0,12600000.0
k_1s-100ug_mL 2,174,0.0,13600000.0
k_1s-100ug_mL 2,175,0.0,14700000.0
k_1s-100ug_mL 2,176,0.0,15700000.0
k_1s-100ug_mL 2,177,0.0,16800000.0
k_1s-100ug_mL 2,178,0.0,18900000.0
k_1s-100ug_mL 2,179,0.0,21000000.0
k_1s-100ug_mL 2,180,0.0,23100000.0
k_1s-100ug_mL 2,181,0.0,25200000.0
k_1s-100ug_mL 2,182,0.0,27300000.0
k_1s-100ug_mL 2,183,0.0,29400000.0
k_1s-100ug_mL 2,184,0.0,31500000.0
k_1s-100ug_mL 2,185,0.0,33600000.0
k_1s-100ug_mL 2,186,0.0,37700000.0
k_1s-100ug_mL 2,187,0.0,41900000.0
k_1s-100ug_mL 2,188,0.0,46100000.0
k_1s-100ug_mL 2,189,0.0,50300000.0
k_1s-100ug_mL 2,190,0.0,54500000.0
k_1s-100ug_mL 2,191,0.0,58700000.0
k_1s-100ug_mL 2,192,0.0,62900000.0
k_1s-100ug_mL 3,1,0.0716,0.5
k_1s-100ug_mL 3,2,0.0788,1.0
k_1s-100ug_mL 3,3,0.079,1.5
k_1s-100ug_mL 3,4,0.0773,2.0
k_1s-100ug_mL 3,5,0.0771,2.5
k_1s-100ug_mL 3,6,0.0777,3.0
k_1s-100ug_mL 3,7,0.0768,3.5
k_1s-100ug_mL 3,8,0.0773,4.0
k_1s-100ug_mL 3,9,0.0777,4.5
k_1s-100ug_mL 3,10,0.0768,5.5
k_1s-100ug_mL 3,11,0.0764,6.5
k_1s-100ug_mL 3,12,0.0759,7.5
k_1s-100ug_mL 3,13,0.0758,8.5
k_1s-100ug_mL 3,14,0.0752,9.5
k_1s-100ug_mL 3,15,0.0763,10.5
k_1s-100ug_mL 3,16,0.0767,11.5
k_1s-100ug_mL 3,17,0.0757,12.5
k_1s-100ug_mL 3,18,0.0756,14.5
k_1s-100ug_mL 3,19,0.0753,16.5
k_1s-100ug_mL 3,20,0.075,18.5
k_1s-100ug_mL 3,21,0.0748,20.5
k_1s-100ug_mL 3,22,0.0742,22.5
k_1s-100ug_mL 3,23,0.0741,24.5
k_1s-100ug_mL 3,24,0.0741,26.5
k_1s-100ug_mL 3,25,0.0741,28.5
k_1s-100ug_mL 3,26,0.0739,32.5
k_1s-100ug_mL 3,27,0.0727,36.5
k_1s-100ug_mL 3,28,0.0724,40.5
k_1s-100ug_mL 3,29,0.0721,44.5
k_1s-100ug_mL 3,30,0.0721,48.5
k_1s-100ug_mL 3,31,0.0714,52.5
k_1s-100ug_mL 3,32,0.0712,56.5
k_1s-100ug_mL 3,33,0.0708,60.5
k_1s-100ug_mL 3,34,0.0702,68.5
k_1s-100ug_mL 3,35,0.0693,76.5
k_1s-100ug_mL 3,36,0.0689,84.5
k_1s-100ug_mL 3,37,0.0685,92.5
k_1s-100ug_mL 3,38,0.0678,101.0
k_1s-100ug_mL 3,39,0.0671,109.0
k_1s-100ug_mL 3,40,0.0667,117.0
k_1s-100ug_mL 3,41,0.0661,125.0
k_1s-100ug_mL 3,42,0.0655,141.0
k_1s-100ug_mL 3,43,0.0645,157.0
k_1s-100ug_mL 3,44,0.0638,173.0
k_1s-100ug_mL 3,45,0.0628,189.0
k_1s-100ug_mL 3,46,0.062,205.0
k_1s-100ug_mL 3,47,0.0613,221.0
k_1s-100ug_mL 3,48,0.0607,237.0
k_1s-100ug_mL 3,49,0.06,253.0
k_1s-100ug_mL 3,50,0.0585,285.0
k_1s-100ug_mL 3,51,0.0572,317.0
k_1s-100ug_mL 3,52,0.0562,349.0
k_1s-100ug_mL 3,53,0.055,381.0
k_1s-100ug_mL 3,54,0.0538,413.0
k_1s-100ug_mL 3,55,0.0529,445.0
k_1s-100ug_mL 3,56,0.0518,477.0
k_1s-100ug_mL 3,57,0.0509,509.0
k_1s-100ug_mL 3,58,0.0491,573.0
k_1s-100ug_mL 3,59,0.0474,637.0
k_1s-100ug_mL 3,60,0.0457,701.0
k_1s-100ug_mL 3,61,0.0442,765.0
k_1s-100ug_mL 3,62,0.0427,829.0
k_1s-100ug_mL 3,63,0.0413,893.0
k_1s-100ug_mL 3,64,0.04,957.0
k_1s-100ug_mL 3,65,0.0388,1020.0
k_1s-100ug_mL 3,66,0.0365,1150.0
k_1s-100ug_mL 3,67,0.0343,1280.0
k_1s-100ug_mL 3,68,0.0322,1400.0
k_1s-100ug_mL 3,69,0.0304,1530.0
k_1s-100ug_mL 3,70,0.0288,1660.0
k_1s-100ug_mL 3,71,0.0273,1790.0
k_1s-100ug_mL 3,72,0.0258,1920.0
k_1s-100ug_mL 3,73,0.0245,2040.0
k_1s-100ug_mL 3,74,0.022,2300.0
k_1s-100ug_mL 3,75,0.0199,2560.0
k_1s-100ug_mL 3,76,0.0183,2810.0
k_1s-100ug_mL 3,77,0.0167,3070.0
k_1s-100ug_mL 3,78,0.0153,3320.0
k_1s-100ug_mL 3,79,0.0141,3580.0
k_1s-100ug_mL 3,80,0.013,3840.0
k_1s-100ug_mL 3,81,0.0121,4090.0
k_1s-100ug_mL 3,82,0.0101,4600.0
k_1s-100ug_mL 3,83,0.00856,5120.0
k_1s-100ug_mL 3,84,0.00739,5630.0
k_1s-100ug_mL 3,85,0.0064,6140.0
k_1s-100ug_mL 3,86,0.00569,6650.0
k_1s-100ug_mL 3,87,0.00504,7160.0
k_1s-100ug_mL 3,88,0.00464,7680.0
k_1s-100ug_mL 3,89,0.00408,8190.0
k_1s-100ug_mL 3,90,0.00336,9210.0
k_1s-100ug_mL 3,91,0.00315,10200.0
k_1s-100ug_mL 3,92,0.00264,11300.0
k_1s-100ug_mL 3,93,0.00233,12300.0
k_1s-100ug_mL 3,94,0.0022,13300.0
k_1s-100ug_mL 3,95,0.00206,14300.0
k_1s-100ug_mL 3,96,0.00212,15400.0
k_1s-100ug_mL 3,97,0.00201,16400.0
k_1s-100ug_mL 3,98,0.00216,18400.0
k_1s-100ug_mL 3,99,0.00244,20500.0
k_1s-100ug_mL 3,100,0.00223,22500.0
k_1s-100ug_mL 3,101,0.00245,24600.0
k_1s-100ug_mL 3,102,0.00238,26600.0
k_1s-100ug_mL 3,103,0.0021,28700.0
k_1s-100ug_mL 3,104,0.00214,30700.0
k_1s-100ug_mL 3,105,0.0019,32800.0
k_1s-100ug_mL 3,106,0.00208,36900.0
k_1s-100ug_mL 3,107,0.0018,41000.0
k_1s-100ug_mL 3,108,0.00177,45100.0
k_1s-100ug_mL 3,109,0.00184,49100.0
k_1s-100ug_mL 3,110,0.00227,53200.0
k_1s-100ug_mL 3,111,0.00258,57300.0
k_1s-100ug_mL 3,112,0.00195,61400.0
k_1s-100ug_mL 3,113,0.00156,65500.0
k_1s-100ug_mL 3,114,0.0016,73700.0
k_1s-100ug_mL 3,115,0.00203,81900.0
k_1s-100ug_mL 3,116,0.00204,90100.0
k_1s-100ug_mL 3,117,0.00231,98300.0
k_1s-100ug_mL 3,118,0.00233,106000.0
k_1s-100ug_mL 3,119,0.00173,115000.0
k_1s-100ug_mL 3,120,0.00148,123000.0
k_1s-100ug_mL 3,121,0.00167,131000.0
k_1s-100ug_mL 3,122,0.00204,147000.0
k_1s-100ug_mL 3,123,0.00117,164000.0
k_1s-100ug_mL 3,124,0.00138,180000.0
k_1s-100ug_mL 3,125,0.00128,197000.0
k_1s-100ug_mL 3,126,0.00147,213000.0
k_1s-100ug_mL 3,127,0.00159,229000.0
k_1s-100ug_mL 3,128,0.00134,246000.0
k_1s-100ug_mL 3,129,0.00137,262000.0
k_1s-100ug_mL 3,130,0.00137,295000.0
k_1s-100ug_mL 3,131,0.0015,328000.0
k_1s-100ug_mL 3,132,0.00181,360000.0
k_1s-100ug_mL 3,133,0.00154,393000.0
k_1s-100ug_mL 3,134,0.00115,426000.0
k_1s-100ug_mL 3,135,0.00181,459000.0
k_1s-100ug_mL 3,136,0.00166,492000.0
k_1s-100ug_mL 3,137,0.000998,524000.0
k_1s-100ug_mL 3,138,0.000828,590000.0
k_1s-100ug_mL 3,139,0.000938,655000.0
k_1s-100ug_mL 3,140,0.000608,721000.0
k_1s-100ug_mL 3,141,0.000386,786000.0
k_1s-100ug_mL 3,142,0.000577,852000.0
k_1s-100ug_mL 3,143,0.000478,918000.0
k_1s-100ug_mL 3,144,0.000464,983000.0
k_1s-100ug_mL 3,145,0.000342,1050000.0
k_1s-100ug_mL 3,146,0.000224,1180000.0
k_1s-100ug_mL 3,147,7.67e-05,1310000.0
k_1s-100ug_mL 3,148,0.000347,1440000.0
k_1s-100ug_mL 3,149,0.000241,1570000.0
k_1s-100ug_mL 3,150,0.000411,1700000.0
k_1s-100ug_mL 3,151,0.000677,1840000.0
k_1s-100ug_mL 3,152,0.000727,1970000.0
k_1s-100ug_mL 3,153,0.000548,2100000.0
k_1s-100ug_mL 3,154,0.000724,2360000.0
k_1s-100ug_mL 3,155,0.000742,2620000.0
k_1s-100ug_mL 3,156,0.00079,2880000.0
k_1s-100ug_mL 3,157,0.000631,3150000.0
k_1s-100ug_mL 3,158,0.000783,3410000.0
k_1s-100ug_mL 3,159,0.000478,3670000.0
k_1s-100ug_mL 3,160,0.000497,3930000.0
k_1s-100ug_mL 3,161,0.0,4190000.0
k_1s-100ug_mL 3,162,0.0,4720000.0
k_1s-100ug_mL 3,163,0.0,5240000.0
k_1s-100ug_mL 3,164,0.0,5770000.0
k_1s-100ug_mL 3,165,0.0,6290000.0
k_1s-100ug_mL 3,166,0.0,6820000.0
k_1s-100ug_mL 3,167,0.0,7340000.0
k_1s-100ug_mL 3,168,0.0,7860000.0
k_1s-100ug_mL 3,169,0.0,8390000.0
k_1s-100ug_mL 3,170,0.0,9440000.0
k_1s-100ug_mL 3,171,0.0,10500000.0
k_1s-100ug_mL 3,172,0.0,11500000.0
k_1s-100ug_mL 3,173,0.0,12600000.0
k_1s-100ug_mL 3,174,0.0,13600000.0
k_1s-100ug_mL 3,175,0.0,14700000.0
k_1s-100ug_mL 3,176,0.0,15700000.0
k_1s-100ug_mL 3,177,0.0,16800000.0
k_1s-100ug_mL 3,178,0.0,18900000.0
k_1s-100ug_mL 3,179,0.0,21000000.0
k_1s-100ug_mL 3,180,0.0,23100000.0
k_1s-100ug_mL 3,181,0.0,25200000.0
k_1s-100ug_mL 3,182,0.0,27300000.0
k_1s-100ug_mL 3,183,0.0,29400000.0
k_1s-100ug_mL 3,184,0.0,31500000.0
k_1s-100ug_mL 3,185,0.0,33600000.0
k_1s-100ug_mL 3,186,0.0,37700000.0
k_1s-100ug_mL 3,187,0.0,41900000.0
k_1s-100ug_mL 3,188,0.0,46100000.0
k_1s-100ug_mL 3,189,0.0,50300000.0
k_1s-100ug_mL 3,190,0.0,54500000.0
k_1s-100ug_mL 3,191,0.0,58700000.0
k_1s-100ug_mL 3,192,0.0,62900000.0
k_1s-100ug_mL-mean,1,0.0897,0.5
k_1s-100ug_mL-mean,2,0.0946,1.0
k_1s-100ug_mL-mean,3,0.0952,1.5
k_1s-100ug_mL-mean,4,0.0967,2.0
k_1s-100ug_mL-mean,5,0.0949,2.5
k_1s-100ug_mL-mean,6,0.0957,3.0
k_1s-100ug_mL-mean,7,0.0942,3.5
k_1s-100ug_mL-mean,8,0.0951,4.0
k_1s-100ug_mL-mean,9,0.0949,4.5
k_1s-100ug_mL-mean,10,0.0943,5.5
k_1s-100ug_mL-mean,11,0.0945,6.5
k_1s-100ug_mL-mean,12,0.0935,7.5
k_1s-100ug_mL-mean,13,0.094,8.5
k_1s-100ug_mL-mean,14,0.0946,9.5
k_1s-100ug_mL-mean,15,0.0942,10.5
k_1s-100ug_mL-mean,16,0.094,11.5
k_1s-100ug_mL-mean,17,0.0935,12.5
k_1s-100ug_mL-mean,18,0.0928,14.5
k_1s-100ug_mL-mean,19,0.0933,16.5
k_1s-100ug_mL-mean,20,0.0931,18.5
k_1s-100ug_mL-mean,21,0.0927,20.5
k_1s-100ug_mL-mean,22,0.0924,22.5
k_1s-100ug_mL-mean,23,0.0922,24.5
k_1s-100ug_mL-mean,24,0.0918,26.5
k_1s-100ug_mL-mean,25,0.0915,28.5
k_1s-100ug_mL-mean,26,0.0909,32.5
k_1s-100ug_mL-mean,27,0.0906,36.5
k_1s-100ug_mL-mean,28,0.0902,40.5
k_1s-100ug_mL-mean,29,0.0898,44.5
k_1s-100ug_mL-mean,30,0.0891,48.5
k_1s-100ug_mL-mean,31,0.0893,52.5
k_1s-100ug_mL-mean,32,0.0886,56.5
k_1s-100ug_mL-mean,33,0.0887,60.5
k_1s-100ug_mL-mean,34,0.0878,68.5
k_1s-100ug_mL-mean,35,0.0871,76.5
k_1s-100ug_mL-mean,36,0.087,84.5
k_1s-100ug_mL-mean,37,0.0863,92.5
k_1s-100ug_mL-mean,38,0.0858,101.0
k_1s-100ug_mL-mean,39,0.0852,109.0
k_1s-100ug_mL-mean,40,0.0847,117.0
k_1s-100ug_mL-mean,41,0.0842,125.0
k_1s-100ug_mL-mean,42,0.0833,141.0
k_1s-100ug_mL-mean,43,0.0827,157.0
k_1s-100ug_mL-mean,44,0.0816,173.0
k_1s-100ug_mL-mean,45,0.0808,189.0
k_1s-100ug_mL-mean,46,0.08,205.0
k_1s-100ug_mL-mean,47,0.0791,221.0
k_1s-100ug_mL-mean,48,0.0784,237.0
k_1s-100ug_mL-mean,49,0.0778,253.0
k_1s-100ug_mL-mean,50,0.0766,285.0
k_1s-100ug_mL-mean,51,0.0753,317.0
k_1s-100ug_mL-mean,52,0.0741,349.0
k_1s-100ug_mL-mean,53,0.0729,381.0
k_1s-100ug_mL-mean,54,0.0718,413.0
k_1s-100ug_mL-mean,55,0.0708,445.0
k_1s-100ug_mL-mean,56,0.0697,477.0
k_1s-100ug_mL-mean,57,0.0687,509.0
k_1s-100ug_mL-mean,58,0.0669,573.0
k_1s-100ug_mL-mean,59,0.0651,637.0
k_1s-100ug_mL-mean,60,0.0634,701.0
k_1s-100ug_mL-mean,61,0.0619,765.0
k_1s-100ug_mL-mean,62,0.0603,829.0
k_1s-100ug_mL-mean,63,0.0587,893.0
k_1s-100ug_mL-mean,64,0.0574,957.0
k_1s-100ug_mL-mean,65,0.0561,1020.0
k_1s-100ug_mL-mean,66,0.0536,1150.0
k_1s-100ug_mL-mean,67,0.0512,1280.0
k_1s-100ug_mL-mean,68,0.049,1400.0
k_1s-100ug_mL-mean,69,0.047,1530.0
k_1s-100ug_mL-mean,70,0.045,1660.0
k_1s-100ug_mL-mean,71,0.0433,1790.0
k_1s-100ug_mL-mean,72,0.0416,1920.0
k_1s-100ug_mL-mean,73,0.0402,2040.0
k_1s-100ug_mL-mean,74,0.0374,2300.0
k_1s-100ug_mL-mean,75,0.0349,2560.0
k_1s-100ug_mL-mean,76,0.0326,2810.0
k_1s-100ug_mL-mean,77,0.0304,3070.0
k_1s-100ug_mL-mean,78,0.0285,3320.0
k_1s-100ug_mL-mean,79,0.0267,3580.0
k_1s-100ug_mL-mean,80,0.025,3840.0
k_1s-100ug_mL-mean,81,0.0235,4090.0
k_1s-100ug_mL-mean,82,0.0209,4600.0
k_1s-100ug_mL-mean,83,0.0187,5120.0
k_1s-100ug_mL-mean,84,0.0168,5630.0
k_1s-100ug_mL-mean,85,0.0152,6140.0
k_1s-100ug_mL-mean,86,0.0139,6650.0
k_1s-100ug_mL-mean,87,0.0127,7160.0
k_1s-100ug_mL-mean,88,0.0118,7680.0
k_1s-100ug_mL-mean,89,0.0113,8190.0
k_1s-100ug_mL-mean,90,0.0101,9210.0
k_1s-100ug_mL-mean,91,0.00831,10200.0
k_1s-100ug_mL-mean,92,0.0068,11300.0
k_1s-100ug_mL-mean,93,0.00589,12300.0
k_1s-100ug_mL-mean,94,0.00538,13300.0
k_1s-100ug_mL-mean,95,0.00495,14300.0
k_1s-100ug_mL-mean,96,0.00471,15400.0
k_1s-100ug_mL-mean,97,0.00401,16400.0
k_1s-100ug_mL-mean,98,0.00303,18400.0
k_1s-100ug_mL-mean,99,0.00175,20500.0
k_1s-100ug_mL-mean,100,0.00124,22500.0
k_1s-100ug_mL-mean,101,0.00144,24600.0
k_1s-100ug_mL-mean,102,0.00197,26600.0
k_1s-100ug_mL-mean,103,0.00293,28700.0
k_1s-100ug_mL-mean,104,0.00373,30700.0
k_1s-100ug_mL-mean,105,0.00381,32800.0
k_1s-100ug_mL-mean,106,0.00351,36900.0
k_1s-100ug_mL-mean,107,0.00255,41000.0
k_1s-100ug_mL-mean,108,0.00389,45100.0
k_1s-100ug_mL-mean,109,0.00372,49100.0
k_1s-100ug_mL-mean,110,0.00286,53200.0
k_1s-100ug_mL-mean,111,0.0015,57300.0
k_1s-100ug_mL-mean,112,0.00172,61400.0
k_1s-100ug_mL-mean,113,0.0029,65500.0
k_1s-100ug_mL-mean,114,0.00339,73700.0
k_1s-100ug_mL-mean,115,0.00503,81900.0
k_1s-100ug_mL-mean,116,0.00324,90100.0
k_1s-100ug_mL-mean,117,0.00483,98300.0
k_1s-100ug_mL-mean,118,0.00461,106000.0
k_1s-100ug_mL-mean,119,0.00539,115000.0
k_1s-100ug_mL-mean,120,0.00541,123000.0
k_1s-100ug_mL-mean,121,0.00434,131000.0
k_1s-100ug_mL-mean,122,0.00131,147000.0
k_1s-100ug_mL-mean,123,0.00404,164000.0
k_1s-100ug_mL-mean,124,0.00212,180000.0
k_1s-100ug_mL-mean,125,0.00259,197000.0
k_1s-100ug_mL-mean,126,0.00254,213000.0
k_1s-100ug_mL-mean,127,0.00352,229000.0
k_1s-100ug_mL-mean,128,0.00259,246000.0
k_1s-100ug_mL-mean,129,0.00177,262000.0
k_1s-100ug_mL-mean,130,0.002,295000.0
k_1s-100ug_mL-mean,131,0.0018,328000.0
k_1s-100ug_mL-mean,132,0.000844,360000.0
k_1s-100ug_mL-mean,133,0.000363,393000.0
k_1s-100ug_mL-mean,134,0.000345,426000.0
k_1s-100ug_mL-mean,135,0.000168,459000.0
k_1s-100ug_mL-mean,136,0.000467,492000.0
k_1s-100ug_mL-mean,137,0.000271,524000.0
k_1s-100ug_mL-mean,138,0.000239,590000.0
k_1s-100ug_mL-mean,139,0.000412,655000.0
k_1s-100ug_mL-mean,140,0.000269,721000.0
k_1s-100ug_mL-mean,141,0.000238,786000.0
k_1s-100ug_mL-mean,142,0.00041,852000.0
k_1s-100ug_mL-mean,143,0.00052,918000.0
k_1s-100ug_mL-mean,144,0.000121,983000.0
k_1s-100ug_mL-mean,145,0.000729,1050000.0
k_1s-100ug_mL-mean,146,0.000355,1180000.0
k_1s-100ug_mL-mean,147,0.000574,1310000.0
k_1s-100ug_mL-mean,148,0.000426,1440000.0
k_1s-100ug_mL-mean,149,0.000325,1570000.0
k_1s-100ug_mL-mean,150,0.000468,1700000.0
k_1s-100ug_mL-mean,151,0.000966,1840000.0
k_1s-100ug_mL-mean,152,0.000946,1970000.0
k_1s-100ug_mL-mean,153,0.000765,2100000.0
k_1s-100ug_mL-mean,154,0.000131,2360000.0
k_1s-100ug_mL-mean,155,0.000271,2620000.0
k_1s-100ug_mL-mean,156,0.000648,2880000.0
k_1s-100ug_mL-mean,157,0.000472,3150000.0
k_1s-100ug_mL-mean,158,0.000351,3410000.0
k_1s-100ug_mL-mean,159,0.000933,3670000.0
k_1s-100ug_mL-mean,160,0.000719,3930000.0
k_1s-100ug_mL-mean,161,0.0,4190000.0
k_1s-100ug_mL-mean,162,0.0,4720000.0
k_1s-100ug_mL-mean,163,0.0,5240000.0
k_1s-100ug_mL-mean,164,0.0,5770000.0
k_1s-100ug_mL-mean,165,0.0,6290000.0
k_1s-100ug_mL-mean,166,0.0,6820000.0
k_1s-100ug_mL-mean,167,0.0,7340000.0
k_1s-100ug_mL-mean,168,0.0,7860000.0
k_1s-100ug_mL-mean,169,0.0,8390000.0
k_1s-100ug_mL-mean,170,0.0,9440000.0
k_1s-100ug_mL-mean,171,0.0,10500000.0
k_1s-100ug_mL-mean,172,0.0,11500000.0
k_1s-100ug_mL-mean,173,0.0,12600000.0
k_1s-100ug_mL-mean,174,0.0,13600000.0
k_1s-100ug_mL-mean,175,0.0,14700000.0
k_1s-100ug_mL-mean,176,0.0,15700000.0
k_1s-100ug_mL-mean,177,0.0,16800000.0
k_1s-100ug_mL-mean,178,0.0,18900000.0
k_1s-100ug_mL-mean,179,0.0,21000000.0
k_1s-100ug_mL-mean,180,0.0,23100000.0
k_1s-100ug_mL-mean,181,0.0,25200000.0
k_1s-100ug_mL-mean,182,0.0,27300000.0
k_1s-100ug_mL-mean,183,0.0,29400000.0
k_1s-100ug_mL-mean,184,0.0,31500000.0
k_1s-100ug_mL-mean,185,0.0,33600000.0
k_1s-100ug_mL-mean,186,0.0,37700000.0
k_1s-100ug_mL-mean,187,0.0,41900000.0
k_1s-100ug_mL-mean,188,0.0,46100000.0
k_1s-100ug_mL-mean,189,0.0,50300000.0
k_1s-100ug_mL-mean,190,0.0,54500000.0
k_1s-100ug_mL-mean,191,0.0,58700000.0
k_1s-100ug_mL-mean,192,0.0,62900000.0
milli_q-water 1,1,0.0761,0.5
milli_q-water 1,2,0.0792,1.0
milli_q-water 1,3,0.0924,1.5
milli_q-water 1,4,0.0203,2.0
milli_q-water 1,5,0.081,2.5
milli_q-water 1,6,0.067,3.0
milli_q-water 1,7,0.0689,3.5
milli_q-water 1,8,0.075,4.0
milli_q-water 1,9,0.0638,4.5
milli_q-water 1,10,0.0708,5.5
milli_q-water 1,11,0.075,6.5
milli_q-water 1,12,0.0702,7.5
milli_q-water 1,13,0.0651,8.5
milli_q-water 1,14,0.0372,9.5
milli_q-water 1,15,0.079,10.5
milli_q-water 1,16,0.0406,11.5
milli_q-water 1,17,0.044,12.5
milli_q-water 1,18,0.0544,14.5
milli_q-water 1,19,0.0461,16.5
milli_q-water 1,20,0.0782,18.5
milli_q-water 1,21,0.0576,20.5
milli_q-water 1,22,0.0688,22.5
milli_q-water 1,23,0.0494,24.5
milli_q-water 1,24,0.0699,26.5
milli_q-water 1,25,0.0748,28.5
milli_q-water 1,26,0.0524,32.5
milli_q-water 1,27,0.0622,36.5
milli_q-water 1,28,0.0565,40.5
milli_q-water 1,29,0.0532,44.5
milli_q-water 1,30,0.0577,48.5
milli_q-water 1,31,0.071,52.5
milli_q-water 1,32,0.0566,56.5
milli_q-water 1,33,0.0581,60.5
milli_q-water 1,34,0.0629,68.5
milli_q-water 1,35,0.0517,76.5
milli_q-water 1,36,0.0612,84.5
milli_q-water 1,37,0.0702,92.5
milli_q-water 1,38,0.0698,101.0
milli_q-water 1,39,0.0586,109.0
milli_q-water 1,40,0.0601,117.0
milli_q-water 1,41,0.0595,125.0
milli_q-water 1,42,0.0575,141.0
milli_q-water 1,43,0.0582,157.0
milli_q-water 1,44,0.0569,173.0
milli_q-water 1,45,0.056,189.0
milli_q-water 1,46,0.0526,205.0
milli_q-water 1,47,0.0499,221.0
milli_q-water 1,48,0.0511,237.0
milli_q-water 1,49,0.052,253.0
milli_q-water 1,50,0.0565,285.0
milli_q-water 1,51,0.0497,317.0
milli_q-water 1,52,0.0452,349.0
milli_q-water 1,53,0.0511,381.0
milli_q-water 1,54,0.0498,413.0
milli_q-water 1,55,0.0463,445.0
milli_q-water 1,56,0.049,477.0
milli_q-water 1,57,0.0431,509.0
milli_q-water 1,58,0.0424,573.0
milli_q-water 1,59,0.044,637.0
milli_q-water 1,60,0.0408,701.0
milli_q-water 1,61,0.0428,765.0
milli_q-water 1,62,0.0415,829.0
milli_q-water 1,63,0.0373,893.0
milli_q-water 1,64,0.0422,957.0
milli_q-water 1,65,0.0379,1020.0
milli_q-water 1,66,0.0369,1150.0
milli_q-water 1,67,0.0353,1280.0
milli_q-water 1,68,0.0335,1400.0
milli_q-water 1,69,0.0312,1530.0
milli_q-water 1,70,0.0284,1660.0
milli_q-water 1,71,0.0282,1790.0
milli_q-water 1,72,0.029,1920.0
milli_q-water 1,73,0.0276,2040.0
milli_q-water 1,74,0.0244,2300.0
milli_q-water 1,75,0.0255,2560.0
milli_q-water 1,76,0.025,2810.0
milli_q-water 1,77,0.0261,3070.0
milli_q-water 1,78,0.0277,3320.0
milli_q-water 1,79,0.0277,3580.0
milli_q-water 1,80,0.0281,3840.0
milli_q-water 1,81,0.0242,4090.0
milli_q-water 1,82,0.0269,4600.0
milli_q-water 1,83,0.026,5120.0
milli_q-water 1,84,0.0281,5630.0
milli_q-water 1,85,0.0299,6140.0
milli_q-water 1,86,0.0309,6650.0
milli_q-water 1,87,0.0313,7160.0
milli_q-water 1,88,0.032,7680.0
milli_q-water 1,89,0.0265,8190.0
milli_q-water 1,90,0.0288,9210.0
milli_q-water 1,91,0.0318,10200.0
milli_q-water 1,92,0.0337,11300.0
milli_q-water 1,93,0.0361,12300.0
milli_q-water 1,94,0.0376,13300.0
milli_q-water 1,95,0.0419,14300.0
milli_q-water 1,96,0.0451,15400.0
milli_q-water 1,97,0.0343,16400.0
milli_q-water 1,98,0.039,18400.0
milli_q-water 1,99,0.0424,20500.0
milli_q-water 1,100,0.0465,22500.0
milli_q-water 1,101,0.0518,24600.0
milli_q-water 1,102,0.0559,26600.0
milli_q-water 1,103,0.0606,28700.0
milli_q-water 1,104,0.0658,30700.0
milli_q-water 1,105,0.0358,32800.0
milli_q-water 1,106,0.0357,36900.0
milli_q-water 1,107,0.0348,41000.0
milli_q-water 1,108,0.0387,45100.0
milli_q-water 1,109,0.0419,49100.0
milli_q-water 1,110,0.0445,53200.0
milli_q-water 1,111,0.0459,57300.0
milli_q-water 1,112,0.0468,61400.0
milli_q-water 1,113,0.0478,65500.0
milli_q-water 1,114,0.0547,73700.0
milli_q-water 1,115,0.0625,81900.0
milli_q-water 1,116,0.0639,90100.0
milli_q-water 1,117,0.0709,98300.0
milli_q-water 1,118,0.0785,106000.0
milli_q-water 1,119,0.0825,115000.0
milli_q-water 1,120,0.0871,123000.0
milli_q-water 1,121,0.0901,131000.0
milli_q-water 1,122,0.0997,147000.0
milli_q-water 1,123,0.105,164000.0
milli_q-water 1,124,0.111,180000.0
milli_q-water 1,125,0.115,197000.0
milli_q-water 1,126,0.123,213000.0
milli_q-water 1,127,0.125,229000.0
milli_q-water 1,128,0.134,246000.0
milli_q-water 1,129,0.139,262000.0
milli_q-water 1,130,0.147,295000.0
milli_q-water 1,131,0.151,328000.0
milli_q-water 1,132,0.159,360000.0
milli_q-water 1,133,0.162,393000.0
milli_q-water 1,134,0.16,426000.0
milli_q-water 1,135,0.162,459000.0
milli_q-water 1,136,0.166,492000.0
milli_q-water 1,137,0.165,524000.0
milli_q-water 1,138,0.165,590000.0
milli_q-water 1,139,0.166,655000.0
milli_q-water 1,140,0.166,721000.0
milli_q-water 1,141,0.163,786000.0
milli_q-water 1,142,0.172,852000.0
milli_q-water 1,143,0.171,918000.0
milli_q-water 1,144,0.168,983000.0
milli_q-water 1,145,0.167,1050000.0
milli_q-water 1,146,0.166,1180000.0
milli_q-water 1,147,0.171,1310000.0
milli_q-water 1,148,0.171,1440000.0
milli_q-water 1,149,0.17,1570000.0
milli_q-water 1,150,0.169,1700000.0
milli_q-water 1,151,0.165,1840000.0
milli_q-water 1,152,0.16,1970000.0
milli_q-water 1,153,0.16,2100000.0
milli_q-water 1,154,0.15,2360000.0
milli_q-water 1,155,0.136,2620000.0
milli_q-water 1,156,0.123,2880000.0
milli_q-water 1,157,0.114,3150000.0
milli_q-water 1,158,0.105,3410000.0
milli_q-water 1,159,0.0983,3670000.0
milli_q-water 1,160,0.0928,3930000.0
milli_q-water 1,161,0.0,4190000.0
milli_q-water 1,162,0.0,4720000.0
milli_q-water 1,163,0.0,5240000.0
milli_q-water 1,164,0.0,5770000.0
milli_q-water 1,165,0.0,6290000.0
milli_q-water 1,166,0.0,6820000.0
milli_q-water 1,167,0.0,7340000.0
milli_q-water 1,168,0.0,7860000.0
milli_q-water 1,169,0.0,8390000.0
milli_q-water 1,170,0.0,9440000.0
milli_q-water 1,171,0.0,10500000.0
milli_q-water 1,172,0.0,11500000.0
milli_q-water 1,173,0.0,12600000.0
milli_q-water 1,174,0.0,13600000.0
milli_q-water 1,175,0.0,14700000.0
milli_q-water 1,176,0.0,15700000.0
milli_q-water 1,177,0.0,16800000.0
milli_q-water 1,178,0.0,18900000.0
milli_q-water 1,179,0.0,21000000.0
milli_q-water 1,180,0.0,23100000.0
milli_q-water 1,181,0.0,25200000.0
milli_q-water 1,182,0.0,27300000.0
milli_q-water 1,183,0.0,29400000.0
milli_q-water 1,184,0.0,31500000.0
milli_q-water 1,185,0.0,33600000.0
milli_q-water 1,186,0.0,37700000.0
milli_q-water 1,187,0.0,41900000.0
milli_q-water 1,188,0.0,46100000.0
milli_q-water 1,189,0.0,50300000.0
milli_q-water 1,190,0.0,54500000.0
milli_q-water 1,191,0.0,58700000.0
milli_q-water 1,192,0.0,62900000.0
k_1s-1mg_mL 1,1,0.831,0.5
k_1s-1mg_mL 1,2,0.842,1.0
k_1s-1mg_mL 1,3,0.837,1.5
k_1s-1mg_mL 1,4,0.839,2.0
k_1s-1mg_mL 1,5,0.835,2.5
k_1s-1mg_mL 1,6,0.836,3.0
k_1s-1mg_mL 1,7,0.832,3.5
k_1s-1mg_mL 1,8,0.833,4.0
k_1s-1mg_mL 1,9,0.831,4.5
k_1s-1mg_mL 1,10,0.829,5.5
k_1s-1mg_mL 1,11,0.828,6.5
k_1s-1mg_mL 1,12,0.826,7.5
k_1s-1mg_mL 1,13,0.823,8.5
k_1s-1mg_mL 1,14,0.823,9.5
k_1s-1mg_mL 1,15,0.821,10.5
k_1s-1mg_mL 1,16,0.818,11.5
k_1s-1mg_mL 1,17,0.816,12.5
k_1s-1mg_mL 1,18,0.814,14.5
k_1s-1mg_mL 1,19,0.811,16.5
k_1s-1mg_mL 1,20,0.809,18.5
k_1s-1mg_mL 1,21,0.805,20.5
k_1s-1mg_mL 1,22,0.803,22.5
k_1s-1mg_mL 1,23,0.801,24.5
k_1s-1mg_mL 1,24,0.798,26.5
k_1s-1mg_mL 1,25,0.796,28.5
k_1s-1mg_mL 1,26,0.791,32.5
k_1s-1mg_mL 1,27,0.786,36.5
k_1s-1mg_mL 1,28,0.783,40.5
k_1s-1mg_mL 1,29,0.779,44.5
k_1s-1mg_mL 1,30,0.775,48.5
k_1s-1mg_mL 1,31,0.771,52.5
k_1s-1mg_mL 1,32,0.768,56.5
k_1s-1mg_mL 1,33,0.764,60.5
k_1s-1mg_mL 1,34,0.758,68.5
k_1s-1mg_mL 1,35,0.751,76.5
k_1s-1mg_mL 1,36,0.745,84.5
k_1s-1mg_mL 1,37,0.74,92.5
k_1s-1mg_mL 1,38,0.734,101.0
k_1s-1mg_mL 1,39,0.728,109.0
k_1s-1mg_mL 1,40,0.723,117.0
k_1s-1mg_mL 1,41,0.718,125.0
k_1s-1mg_mL 1,42,0.707,141.0
k_1s-1mg_mL 1,43,0.698,157.0
k_1s-1mg_mL 1,44,0.689,173.0
k_1s-1mg_mL 1,45,0.68,189.0
k_1s-1mg_mL 1,46,0.672,205.0
k_1s-1mg_mL 1,47,0.663,221.0
k_1s-1mg_mL 1,48,0.656,237.0
k_1s-1mg_mL 1,49,0.648,253.0
k_1s-1mg_mL 1,50,0.633,285.0
k_1s-1mg_mL 1,51,0.62,317.0
k_1s-1mg_mL 1,52,0.606,349.0
k_1s-1mg_mL 1,53,0.594,381.0
k_1s-1mg_mL 1,54,0.582,413.0
k_1s-1mg_mL 1,55,0.57,445.0
k_1s-1mg_mL 1,56,0.559,477.0
k_1s-1mg_mL 1,57,0.548,509.0
k_1s-1mg_mL 1,58,0.528,573.0
k_1s-1mg_mL 1,59,0.508,637.0
k_1s-1mg_mL 1,60,0.49,701.0
k_1s-1mg_mL 1,61,0.472,765.0
k_1s-1mg_mL 1,62,0.456,829.0
k_1s-1mg_mL 1,63,0.44,893.0
k_1s-1mg_mL 1,64,0.426,957.0
k_1s-1mg_mL 1,65,0.412,1020.0
k_1s-1mg_mL 1,66,0.385,1150.0
k_1s-1mg_mL 1,67,0.36,1280.0
k_1s-1mg_mL 1,68,0.337,1400.0
k_1s-1mg_mL 1,69,0.316,1530.0
k_1s-1mg_mL 1,70,0.297,1660.0
k_1s-1mg_mL 1,71,0.278,1790.0
k_1s-1mg_mL 1,72,0.262,1920.0
k_1s-1mg_mL 1,73,0.246,2040.0
k_1s-1mg_mL 1,74,0.217,2300.0
k_1s-1mg_mL 1,75,0.192,2560.0
k_1s-1mg_mL 1,76,0.169,2810.0
k_1s-1mg_mL 1,77,0.15,3070.0
k_1s-1mg_mL 1,78,0.133,3320.0
k_1s-1mg_mL 1,79,0.119,3580.0
k_1s-1mg_mL 1,80,0.107,3840.0
k_1s-1mg_mL 1,81,0.0967,4090.0
k_1s-1mg_mL 1,82,0.0813,4600.0
k_1s-1mg_mL 1,83,0.0704,5120.0
k_1s-1mg_mL 1,84,0.0632,5630.0
k_1s-1mg_mL 1,85,0.0601,6140.0
k_1s-1mg_mL 1,86,0.0591,6650.0
k_1s-1mg_mL 1,87,0.0603,7160.0
k_1s-1mg_mL 1,88,0.0594,7680.0
k_1s-1mg_mL 1,89,0.0591,8190.0
k_1s-1mg_mL 1,90,0.0573,9210.0
k_1s-1mg_mL 1,91,0.0549,10200.0
k_1s-1mg_mL 1,92,0.0498,11300.0
k_1s-1mg_mL 1,93,0.0482,12300.0
k_1s-1mg_mL 1,94,0.0469,13300.0
k_1s-1mg_mL 1,95,0.0453,14300.0
k_1s-1mg_mL 1,96,0.0417,15400.0
k_1s-1mg_mL 1,97,0.0402,16400.0
k_1s-1mg_mL 1,98,0.0405,18400.0
k_1s-1mg_mL 1,99,0.0381,20500.0
k_1s-1mg_mL 1,100,0.0351,22500.0
k_1s-1mg_mL 1,101,0.0367,24600.0
k_1s-1mg_mL 1,102,0.0352,26600.0
k_1s-1mg_mL 1,103,0.038,28700.0
k_1s-1mg_mL 1,104,0.0423,30700.0
k_1s-1mg_mL 1,105,0.0438,32800.0
k_1s-1mg_mL 1,106,0.0425,36900.0
k_1s-1mg_mL 1,107,0.0338,41000.0
k_1s-1mg_mL 1,108,0.0287,45100.0
k_1s-1mg_mL 1,109,0.0298,49100.0
k_1s-1mg_mL 1,110,0.0287,53200.0
k_1s-1mg_mL 1,111,0.0271,57300.0
k_1s-1mg_mL 1,112,0.0236,61400.0
k_1s-1mg_mL 1,113,0.0198,65500.0
k_1s-1mg_mL 1,114,0.0261,73700.0
k_1s-1mg_mL 1,115,0.0222,81900.0
k_1s-1mg_mL 1,116,0.0186,90100.0
k_1s-1mg_mL 1,117,0.013,98300.0
k_1s-1mg_mL 1,118,0.00742,106000.0
k_1s-1mg_mL 1,119,0.00706,115000.0
k_1s-1mg_mL 1,120,0.00644,123000.0
k_1s-1mg_mL 1,121,0.00552,131000.0
k_1s-1mg_mL 1,122,0.00403,147000.0
k_1s-1mg_mL 1,123,0.004,164000.0
k_1s-1mg_mL 1,124,0.00424,180000.0
k_1s-1mg_mL 1,125,0.0021,197000.0
k_1s-1mg_mL 1,126,0.000607,213000.0
k_1s-1mg_mL 1,127,0.0014,229000.0
k_1s-1mg_mL 1,128,0.00254,246000.0
k_1s-1mg_mL 1,129,0.00227,262000.0
k_1s-1mg_mL 1,130,0.00263,295000.0
k_1s-1mg_mL 1,131,0.000999,328000.0
k_1s-1mg_mL 1,132,0.00315,360000.0
k_1s-1mg_mL 1,133,0.000298,393000.0
k_1s-1mg_mL 1,134,0.00189,426000.0
k_1s-1mg_mL 1,135,0.00166,459000.0
k_1s-1mg_mL 1,136,0.000748,492000.0
k_1s-1mg_mL 1,137,0.00064,524000.0
k_1s-1mg_mL 1,138,0.00249,590000.0
k_1s-1mg_mL 1,139,0.00279,655000.0
k_1s-1mg_mL 1,140,0.00173,721000.0
k_1s-1mg_mL 1,141,0.00156,786000.0
k_1s-1mg_mL 1,142,0.000748,852000.0
k_1s-1mg_mL 1,143,0.000666,918000.0
k_1s-1mg_mL 1,144,0.0014,983000.0
k_1s-1mg_mL 1,145,1.48e-05,1050000.0
k_1s-1mg_mL 1,146,0.00129,1180000.0
k_1s-1mg_mL 1,147,0.00188,1310000.0
k_1s-1mg_mL 1,148,0.00279,1440000.0
k_1s-1mg_mL 1,149,0.00293,1570000.0
k_1s-1mg_mL 1,150,0.00115,1700000.0
k_1s-1mg_mL 1,151,1.97e-05,1840000.0
k_1s-1mg_mL 1,152,0.00104,1970000.0
k_1s-1mg_mL 1,153,0.00208,2100000.0
k_1s-1mg_mL 1,154,0.00466,2360000.0
k_1s-1mg_mL 1,155,0.00198,2620000.0
k_1s-1mg_mL 1,156,0.00125,2880000.0
k_1s-1mg_mL 1,157,0.00545,3150000.0
k_1s-1mg_mL 1,158,0.00404,3410000.0
k_1s-1mg_mL 1,159,0.00817,3670000.0
k_1s-1mg_mL 1,160,0.000205,3930000.0
k_1s-1mg_mL 1,161,0.0,4190000.0
k_1s-1mg_mL 1,162,0.0,4720000.0
k_1s-1mg_mL 1,163,0.0,5240000.0
k_1s-1mg_mL 1,164,0.0,5770000.0
k_1s-1mg_mL 1,165,0.0,6290000.0
k_1s-1mg_mL 1,166,0.0,6820000.0
k_1s-1mg_mL 1,167,0.0,7340000.0
k_1s-1mg_mL 1,168,0.0,7860000.0
k_1s-1mg_mL 1,169,0.0,8390000.0
k_1s-1mg_mL 1,170,0.0,9440000.0
k_1s-1mg_mL 1,171,0.0,10500000.0
k_1s-1mg_mL 1,172,0.0,11500000.0
k_1s-1mg_mL 1,173,0.0,12600000.0
k_1s-1mg_mL 1,174,0.0,13600000.0
k_1s-1mg_mL 1,175,0.0,14700000.0
k_1s-1mg_mL 1,176,0.0,15700000.0
k_1s-1mg_mL 1,177,0.0,16800000.0
k_1s-1mg_mL 1,178,0.0,18900000.0
k_1s-1mg_mL 1,179,0.0,21000000.0
k_1s-1mg_mL 1,180,0.0,23100000.0
k_1s-1mg_mL 1,181,0.0,25200000.0
k_1s-1mg_mL 1,182,0.0,27300000.0
k_1s-1mg_mL 1,183,0.0,29400000.0
k_1s-1mg_mL 1,184,0.0,31500000.0
k_1s-1mg_mL 1,185,0.0,33600000.0
k_1s-1mg_mL 1,186,0.0,37700000.0
k_1s-1mg_mL 1,187,0.0,41900000.0
k_1s-1mg_mL 1,188,0.0,46100000.0
k_1s-1mg_mL 1,189,0.0,50300000.0
k_1s-1mg_mL 1,190,0.0,54500000.0
k_1s-1mg_mL 1,191,0.0,58700000.0
k_1s-1mg_mL 1,192,0.0,62900000.0
k_1s-1mg_mL 2,1,0.818,0.5
k_1s-1mg_mL 2,2,0.827,1.0
k_1s-1mg_mL 2,3,0.827,1.5
k_1s-1mg_mL 2,4,0.826,2.0
k_1s-1mg_mL 2,5,0.826,2.5
k_1s-1mg_mL 2,6,0.824,3.0
k_1s-1mg_mL 2,7,0.823,3.5
k_1s-1mg_mL 2,8,0.82,4.0
k_1s-1mg_mL 2,9,0.819,4.5
k_1s-1mg_mL 2,10,0.817,5.5
k_1s-1mg_mL 2,11,0.816,6.5
k_1s-1mg_mL 2,12,0.814,7.5
k_1s-1mg_mL 2,13,0.811,8.5
k_1s-1mg_mL 2,14,0.809,9.5
k_1s-1mg_mL 2,15,0.81,10.5
k_1s-1mg_mL 2,16,0.806,11.5
k_1s-1mg_mL 2,17,0.804,12.5
k_1s-1mg_mL 2,18,0.801,14.5
k_1s-1mg_mL 2,19,0.798,16.5
k_1s-1mg_mL 2,20,0.794,18.5
k_1s-1mg_mL 2,21,0.792,20.5
k_1s-1mg_mL 2,22,0.789,22.5
k_1s-1mg_mL 2,23,0.786,24.5
k_1s-1mg_mL 2,24,0.785,26.5
k_1s-1mg_mL 2,25,0.783,28.5
k_1s-1mg_mL 2,26,0.778,32.5
k_1s-1mg_mL 2,27,0.773,36.5
k_1s-1mg_mL 2,28,0.769,40.5
k_1s-1mg_mL 2,29,0.764,44.5
k_1s-1mg_mL 2,30,0.761,48.5
k_1s-1mg_mL 2,31,0.757,52.5
k_1s-1mg_mL 2,32,0.753,56.5
k_1s-1mg_mL 2,33,0.75,60.5
k_1s-1mg_mL 2,34,0.742,68.5
k_1s-1mg_mL 2,35,0.736,76.5
k_1s-1mg_mL 2,36,0.73,84.5
k_1s-1mg_mL 2,37,0.724,92.5
k_1s-1mg_mL 2,38,0.717,101.0
k_1s-1mg_mL 2,39,0.712,109.0
k_1s-1mg_mL 2,40,0.706,117.0
k_1s-1mg_mL 2,41,0.701,125.0
k_1s-1mg_mL 2,42,0.69,141.0
k_1s-1mg_mL 2,43,0.68,157.0
k_1s-1mg_mL 2,44,0.671,173.0
k_1s-1mg_mL 2,45,0.662,189.0
k_1s-1mg_mL 2,46,0.653,205.0
k_1s-1mg_mL 2,47,0.645,221.0
k_1s-1mg_mL 2,48,0.637,237.0
k_1s-1mg_mL 2,49,0.629,253.0
k_1s-1mg_mL 2,50,0.613,285.0
k_1s-1mg_mL 2,51,0.598,317.0
k_1s-1mg_mL 2,52,0.585,349.0
k_1s-1mg_mL 2,53,0.571,381.0
k_1s-1mg_mL 2,54,0.558,413.0
k_1s-1mg_mL 2,55,0.546,445.0
k_1s-1mg_mL 2,56,0.534,477.0
k_1s-1mg_mL 2,57,0.521,509.0
k_1s-1mg_mL 2,58,0.499,573.0
k_1s-1mg_mL 2,59,0.477,637.0
k_1s-1mg_mL 2,60,0.456,701.0
k_1s-1mg_mL 2,61,0.436,765.0
k_1s-1mg_mL 2,62,0.417,829.0
k_1s-1mg_mL 2,63,0.399,893.0
k_1s-1mg_mL 2,64,0.381,957.0
k_1s-1mg_mL 2,65,0.365,1020.0
k_1s-1mg_mL 2,66,0.332,1150.0
k_1s-1mg_mL 2,67,0.302,1280.0
k_1s-1mg_mL 2,68,0.274,1400.0
k_1s-1mg_mL 2,69,0.248,1530.0
k_1s-1mg_mL 2,70,0.224,1660.0
k_1s-1mg_mL 2,71,0.202,1790.0
k_1s-1mg_mL 2,72,0.181,1920.0
k_1s-1mg_mL 2,73,0.163,2040.0
k_1s-1mg_mL 2,74,0.129,2300.0
k_1s-1mg_mL 2,75,0.103,2560.0
k_1s-1mg_mL 2,76,0.081,2810.0
k_1s-1mg_mL 2,77,0.0642,3070.0
k_1s-1mg_mL 2,78,0.0528,3320.0
k_1s-1mg_mL 2,79,0.0449,3580.0
k_1s-1mg_mL 2,80,0.0398,3840.0
k_1s-1mg_mL 2,81,0.0371,4090.0
k_1s-1mg_mL 2,82,0.0356,4600.0
k_1s-1mg_mL 2,83,0.0359,5120.0
k_1s-1mg_mL 2,84,0.0374,5630.0
k_1s-1mg_mL 2,85,0.0391,6140.0
k_1s-1mg_mL 2,86,0.0415,6650.0
k_1s-1mg_mL 2,87,0.0423,7160.0
k_1s-1mg_mL 2,88,0.0414,7680.0
k_1s-1mg_mL 2,89,0.0391,8190.0
k_1s-1mg_mL 2,90,0.0338,9210.0
k_1s-1mg_mL 2,91,0.0298,10200.0
k_1s-1mg_mL 2,92,0.0292,11300.0
k_1s-1mg_mL 2,93,0.0284,12300.0
k_1s-1mg_mL 2,94,0.0284,13300.0
k_1s-1mg_mL 2,95,0.03,14300.0
k_1s-1mg_mL 2,96,0.0265,15400.0
k_1s-1mg_mL 2,97,0.026,16400.0
k_1s-1mg_mL 2,98,0.0272,18400.0
k_1s-1mg_mL 2,99,0.0281,20500.0
k_1s-1mg_mL 2,100,0.0271,22500.0
k_1s-1mg_mL 2,101,0.0264,24600.0
k_1s-1mg_mL 2,102,0.0259,26600.0
k_1s-1mg_mL 2,103,0.0238,28700.0
k_1s-1mg_mL 2,104,0.023,30700.0
k_1s-1mg_mL 2,105,0.0208,32800.0
k_1s-1mg_mL 2,106,0.02,36900.0
k_1s-1mg_mL 2,107,0.0229,41000.0
k_1s-1mg_mL 2,108,0.0204,45100.0
k_1s-1mg_mL 2,109,0.0169,49100.0
k_1s-1mg_mL 2,110,0.0153,53200.0
k_1s-1mg_mL 2,111,0.0132,57300.0
k_1s-1mg_mL 2,112,0.0128,61400.0
k_1s-1mg_mL 2,113,0.0116,65500.0
k_1s-1mg_mL 2,114,0.0123,73700.0
k_1s-1mg_mL 2,115,0.00663,81900.0
k_1s-1mg_mL 2,116,0.00973,90100.0
k_1s-1mg_mL 2,117,0.0116,98300.0
k_1s-1mg_mL 2,118,0.0103,106000.0
k_1s-1mg_mL 2,119,0.00915,115000.0
k_1s-1mg_mL 2,120,0.00884,123000.0
k_1s-1mg_mL 2,121,0.00956,131000.0
k_1s-1mg_mL 2,122,0.0088,147000.0
k_1s-1mg_mL 2,123,0.00753,164000.0
k_1s-1mg_mL 2,124,0.00533,180000.0
k_1s-1mg_mL 2,125,0.00692,197000.0
k_1s-1mg_mL 2,126,0.00202,213000.0
k_1s-1mg_mL 2,127,0.00165,229000.0
k_1s-1mg_mL 2,128,0.00167,246000.0
k_1s-1mg_mL 2,129,0.000222,262000.0
k_1s-1mg_mL 2,130,0.000489,295000.0
k_1s-1mg_mL 2,131,0.000433,328000.0
k_1s-1mg_mL 2,132,0.000816,360000.0
k_1s-1mg_mL 2,133,0.000676,393000.0
k_1s-1mg_mL 2,134,0.000556,426000.0
k_1s-1mg_mL 2,135,0.00156,459000.0
k_1s-1mg_mL 2,136,0.000806,492000.0
k_1s-1mg_mL 2,137,0.00268,524000.0
k_1s-1mg_mL 2,138,0.00186,590000.0
k_1s-1mg_mL 2,139,0.00272,655000.0
k_1s-1mg_mL 2,140,0.00245,721000.0
k_1s-1mg_mL 2,141,0.00427,786000.0
k_1s-1mg_mL 2,142,0.00603,852000.0
k_1s-1mg_mL 2,143,0.00283,918000.0
k_1s-1mg_mL 2,144,0.0017,983000.0
k_1s-1mg_mL 2,145,0.00236,1050000.0
k_1s-1mg_mL 2,146,0.00195,1180000.0
k_1s-1mg_mL 2,147,0.0024,1310000.0
k_1s-1mg_mL 2,148,0.00256,1440000.0
k_1s-1mg_mL 2,149,0.00137,1570000.0
k_1s-1mg_mL 2,150,0.00241,1700000.0
k_1s-1mg_mL 2,151,0.000867,1840000.0
k_1s-1mg_mL 2,152,0.000699,1970000.0
k_1s-1mg_mL 2,153,0.00259,2100000.0
k_1s-1mg_mL 2,154,0.00297,2360000.0
k_1s-1mg_mL 2,155,0.00205,2620000.0
k_1s-1mg_mL 2,156,0.0042,2880000.0
k_1s-1mg_mL 2,157,0.00377,3150000.0
k_1s-1mg_mL 2,158,0.00195,3410000.0
k_1s-1mg_mL 2,159,0.00384,3670000.0
k_1s-1mg_mL 2,160,0.00345,3930000.0
k_1s-1mg_mL 2,161,0.0,4190000.0
k_1s-1mg_mL 2,162,0.0,4720000.0
k_1s-1mg_mL 2,163,0.0,5240000.0
k_1s-1mg_mL 2,164,0.0,5770000.0
k_1s-1mg_mL 2,165,0.0,6290000.0
k_1s-1mg_mL 2,166,0.0,6820000.0
k_1s-1mg_mL 2,167,0.0,7340000.0
k_1s-1mg_mL 2,168,0.0,7860000.0
k_1s-1mg_mL 2,169,0.0,8390000.0
k_1s-1mg_mL 2,170,0.0,9440000.0
k_1s-1mg_mL 2,171,0.0,10500000.0
k_1s-1mg_mL 2,172,0.0,11500000.0
k_1s-1mg_mL 2,173,0.0,12600000.0
k_1s-1mg_mL 2,174,0.0,13600000.0
k_1s-1mg_mL 2,175,0.0,14700000.0
k_1s-1mg_mL 2,176,0.0,15700000.0
k_1s-1mg_mL 2,177,0.0,16800000.0
k_1s-1mg_mL 2,178,0.0,18900000.0
k_1s-1mg_mL 2,179,0.0,21000000.0
k_1s-1mg_mL 2,180,0.0,23100000.0
k_1s-1mg_mL 2,181,0.0,25200000.0
k_1s-1mg_mL 2,182,0.0,27300000.0
k_1s-1mg_mL 2,183,0.0,29400000.0
k_1s-1mg_mL 2,184,0.0,31500000.0
k_1s-1mg_mL 2,185,0.0,33600000.0
k_1s-1mg_mL 2,186,0.0,37700000.0
k_1s-1mg_mL 2,187,0.0,41900000.0
k_1s-1mg_mL 2,188,0.0,46100000.0
k_1s-1mg_mL 2,189,0.0,50300000.0
k_1s-1mg_mL 2,190,0.0,54500000.0
k_1s-1mg_mL 2,191,0.0,58700000.0
k_1s-1mg_mL 2,192,0.0,62900000.0
k_1s-1mg_mL 3,1,0.793,0.5
k_1s-1mg_mL 3,2,0.802,1.0
k_1s-1mg_mL 3,3,0.801,1.5
k_1s-1mg_mL 3,4,0.802,2.0
k_1s-1mg_mL 3,5,0.8,2.5
k_1s-1mg_mL 3,6,0.797,3.0
k_1s-1mg_mL 3,7,0.795,3.5
k_1s-1mg_mL 3,8,0.796,4.0
k_1s-1mg_mL 3,9,0.795,4.5
k_1s-1mg_mL 3,10,0.793,5.5
k_1s-1mg_mL 3,11,0.792,6.5
k_1s-1mg_mL 3,12,0.788,7.5
k_1s-1mg_mL 3,13,0.786,8.5
k_1s-1mg_mL 3,14,0.785,9.5
k_1s-1mg_mL 3,15,0.784,10.5
k_1s-1mg_mL 3,16,0.78,11.5
k_1s-1mg_mL 3,17,0.78,12.5
k_1s-1mg_mL 3,18,0.776,14.5
k_1s-1mg_mL 3,19,0.773,16.5
k_1s-1mg_mL 3,20,0.771,18.5
k_1s-1mg_mL 3,21,0.769,20.5
k_1s-1mg_mL 3,22,0.766,22.5
k_1s-1mg_mL 3,23,0.762,24.5
k_1s-1mg_mL 3,24,0.762,26.5
k_1s-1mg_mL 3,25,0.759,28.5
k_1s-1mg_mL 3,26,0.754,32.5
k_1s-1mg_mL 3,27,0.75,36.5
k_1s-1mg_mL 3,28,0.746,40.5
k_1s-1mg_mL 3,29,0.741,44.5
k_1s-1mg_mL 3,30,0.738,48.5
k_1s-1mg_mL 3,31,0.734,52.5
k_1s-1mg_mL 3,32,0.731,56.5
k_1s-1mg_mL 3,33,0.727,60.5
k_1s-1mg_mL 3,34,0.721,68.5
k_1s-1mg_mL 3,35,0.714,76.5
k_1s-1mg_mL 3,36,0.708,84.5
k_1s-1mg_mL 3,37,0.702,92.5
k_1s-1mg_mL 3,38,0.697,101.0
k_1s-1mg_mL 3,39,0.691,109.0
k_1s-1mg_mL 3,40,0.685,117.0
k_1s-1mg_mL 3,41,0.681,125.0
k_1s-1mg_mL 3,42,0.67,141.0
k_1s-1mg_mL 3,43,0.661,157.0
k_1s-1mg_mL 3,44,0.651,173.0
k_1s-1mg_mL 3,45,0.642,189.0
k_1s-1mg_mL 3,46,0.634,205.0
k_1s-1mg_mL 3,47,0.626,221.0
k_1s-1mg_mL 3,48,0.617,237.0
k_1s-1mg_mL 3,49,0.61,253.0
k_1s-1mg_mL 3,50,0.594,285.0
k_1s-1mg_mL 3,51,0.58,317.0
k_1s-1mg_mL 3,52,0.566,349.0
k_1s-1mg_mL 3,53,0.552,381.0
k_1s-1mg_mL 3,54,0.539,413.0
k_1s-1mg_mL 3,55,0.527,445.0
k_1s-1mg_mL 3,56,0.515,477.0
k_1s-1mg_mL 3,57,0.503,509.0
k_1s-1mg_mL 3,58,0.481,573.0
k_1s-1mg_mL 3,59,0.459,637.0
k_1s-1mg_mL 3,60,0.439,701.0
k_1s-1mg_mL 3,61,0.419,765.0
k_1s-1mg_mL 3,62,0.399,829.0
k_1s-1mg_mL 3,63,0.381,893.0
k_1s-1mg_mL 3,64,0.363,957.0
k_1s-1mg_mL 3,65,0.346,1020.0
k_1s-1mg_mL 3,66,0.314,1150.0
k_1s-1mg_mL 3,67,0.284,1280.0
k_1s-1mg_mL 3,68,0.256,1400.0
k_1s-1mg_mL 3,69,0.23,1530.0
k_1s-1mg_mL 3,70,0.206,1660.0
k_1s-1mg_mL 3,71,0.184,1790.0
k_1s-1mg_mL 3,72,0.164,1920.0
k_1s-1mg_mL 3,73,0.146,2040.0
k_1s-1mg_mL 3,74,0.115,2300.0
k_1s-1mg_mL 3,75,0.0908,2560.0
k_1s-1mg_mL 3,76,0.0728,2810.0
k_1s-1mg_mL 3,77,0.06,3070.0
k_1s-1mg_mL 3,78,0.0514,3320.0
k_1s-1mg_mL 3,79,0.0467,3580.0
k_1s-1mg_mL 3,80,0.0444,3840.0
k_1s-1mg_mL 3,81,0.0444,4090.0
k_1s-1mg_mL 3,82,0.0457,4600.0
k_1s-1mg_mL 3,83,0.0478,5120.0
k_1s-1mg_mL 3,84,0.05,5630.0
k_1s-1mg_mL 3,85,0.0509,6140.0
k_1s-1mg_mL 3,86,0.0498,6650.0
k_1s-1mg_mL 3,87,0.0469,7160.0
k_1s-1mg_mL 3,88,0.0443,7680.0
k_1s-1mg_mL 3,89,0.0422,8190.0
k_1s-1mg_mL 3,90,0.0387,9210.0
k_1s-1mg_mL 3,91,0.0388,10200.0
k_1s-1mg_mL 3,92,0.0393,11300.0
k_1s-1mg_mL 3,93,0.0393,12300.0
k_1s-1mg_mL 3,94,0.0397,13300.0
k_1s-1mg_mL 3,95,0.0405,14300.0
k_1s-1mg_mL 3,96,0.0392,15400.0
k_1s-1mg_mL 3,97,0.0384,16400.0
k_1s-1mg_mL 3,98,0.0349,18400.0
k_1s-1mg_mL 3,99,0.0336,20500.0
k_1s-1mg_mL 3,100,0.0357,22500.0
k_1s-1mg_mL 3,101,0.0373,24600.0
k_1s-1mg_mL 3,102,0.0317,26600.0
k_1s-1mg_mL 3,103,0.0312,28700.0
k_1s-1mg_mL 3,104,0.0347,30700.0
k_1s-1mg_mL 3,105,0.0358,32800.0
k_1s-1mg_mL 3,106,0.0334,36900.0
k_1s-1mg_mL 3,107,0.0282,41000.0
k_1s-1mg_mL 3,108,0.03,45100.0
k_1s-1mg_mL 3,109,0.0258,49100.0
k_1s-1mg_mL 3,110,0.0259,53200.0
k_1s-1mg_mL 3,111,0.0263,57300.0
k_1s-1mg_mL 3,112,0.0295,61400.0
k_1s-1mg_mL 3,113,0.0297,65500.0
k_1s-1mg_mL 3,114,0.0268,73700.0
k_1s-1mg_mL 3,115,0.0262,81900.0
k_1s-1mg_mL 3,116,0.0258,90100.0
k_1s-1mg_mL 3,117,0.0251,98300.0
k_1s-1mg_mL 3,118,0.0238,106000.0
k_1s-1mg_mL 3,119,0.0241,115000.0
k_1s-1mg_mL 3,120,0.0209,123000.0
k_1s-1mg_mL 3,121,0.019,131000.0
k_1s-1mg_mL 3,122,0.0184,147000.0
k_1s-1mg_mL 3,123,0.0132,164000.0
k_1s-1mg_mL 3,124,0.0134,180000.0
k_1s-1mg_mL 3,125,0.0159,197000.0
k_1s-1mg_mL 3,126,0.0117,213000.0
k_1s-1mg_mL 3,127,0.00746,229000.0
k_1s-1mg_mL 3,128,0.00556,246000.0
k_1s-1mg_mL 3,129,0.00829,262000.0
k_1s-1mg_mL 3,130,0.00845,295000.0
k_1s-1mg_mL 3,131,0.00744,328000.0
k_1s-1mg_mL 3,132,0.00268,360000.0
k_1s-1mg_mL 3,133,0.00367,393000.0
k_1s-1mg_mL 3,134,0.000666,426000.0
k_1s-1mg_mL 3,135,0.000779,459000.0
k_1s-1mg_mL 3,136,0.00186,492000.0
k_1s-1mg_mL 3,137,0.00121,524000.0
k_1s-1mg_mL 3,138,0.00178,590000.0
k_1s-1mg_mL 3,139,0.00383,655000.0
k_1s-1mg_mL 3,140,0.000957,721000.0
k_1s-1mg_mL 3,141,0.000692,786000.0
k_1s-1mg_mL 3,142,0.00125,852000.0
k_1s-1mg_mL 3,143,0.000123,918000.0
k_1s-1mg_mL 3,144,0.00032,983000.0
k_1s-1mg_mL 3,145,0.0,1050000.0
k_1s-1mg_mL 3,146,2.16e-05,1180000.0
k_1s-1mg_mL 3,147,0.000414,1310000.0
k_1s-1mg_mL 3,148,0.000264,1440000.0
k_1s-1mg_mL 3,149,0.00061,1570000.0
k_1s-1mg_mL 3,150,0.000981,1700000.0
k_1s-1mg_mL 3,151,0.00211,1840000.0
k_1s-1mg_mL 3,152,0.00245,1970000.0
k_1s-1mg_mL 3,153,0.0054,2100000.0
k_1s-1mg_mL 3,154,0.00424,2360000.0
k_1s-1mg_mL 3,155,0.0038,2620000.0
k_1s-1mg_mL 3,156,0.00135,2880000.0
k_1s-1mg_mL 3,157,0.00171,3150000.0
k_1s-1mg_mL 3,158,0.0023,3410000.0
k_1s-1mg_mL 3,159,0.00114,3670000.0
k_1s-1mg_mL 3,160,0.00437,3930000.0
k_1s-1mg_mL 3,161,0.0,4190000.0
k_1s-1mg_mL 3,162,0.0,4720000.0
k_1s-1mg_mL 3,163,0.0,5240000.0
k_1s-1mg_mL 3,164,0.0,5770000.0
k_1s-1mg_mL 3,165,0.0,6290000.0
k_1s-1mg_mL 3,166,0.0,6820000.0
k_1s-1mg_mL 3,167,0.0,7340000.0
k_1s-1mg_mL 3,168,0.0,7860000.0
k_1s-1mg_mL 3,169,0.0,8390000.0
k_1s-1mg_mL 3,170,0.0,9440000.0
k_1s-1mg_mL 3,171,0.0,10500000.0
k_1s-1mg_mL 3,172,0.0,11500000.0
k_1s-1mg_mL 3,173,0.0,12600000.0
k_1s-1mg_mL 3,174,0.0,13600000.0
k_1s-1mg_mL 3,175,0.0,14700000.0
k_1s-1mg_mL 3,176,0.0,15700000.0
k_1s-1mg_mL 3,177,0.0,16800000.0
k_1s-1mg_mL 3,178,0.0,18900000.0
k_1s-1mg_mL 3,179,0.0,21000000.0
k_1s-1mg_mL 3,180,0.0,23100000.0
k_1s-1mg_mL 3,181,0.0,25200000.0
k_1s-1mg_mL 3,182,0.0,27300000.0
k_1s-1mg_mL 3,183,0.0,29400000.0
k_1s-1mg_mL 3,184,0.0,31500000.0
k_1s-1mg_mL 3,185,0.0,33600000.0
k_1s-1mg_mL 3,186,0.0,37700000.0
k_1s-1mg_mL 3,187,0.0,41900000.0
k_1s-1mg_mL 3,188,0.0,46100000.0
k_1s-1mg_mL 3,189,0.0,50300000.0
k_1s-1mg_mL 3,190,0.0,54500000.0
k_1s-1mg_mL 3,191,0.0,58700000.0
k_1s-1mg_mL 3,192,0.0,62900000.0
k_1s-1mg_mL-mean,1,0.831,0.5
k_1s-1mg_mL-mean,2,0.842,1.0
k_1s-1mg_mL-mean,3,0.837,1.5
k_1s-1mg_mL-mean,4,0.839,2.0
k_1s-1mg_mL-mean,5,0.835,2.5
k_1s-1mg_mL-mean,6,0.836,3.0
k_1s-1mg_mL-mean,7,0.832,3.5
k_1s-1mg_mL-mean,8,0.833,4.0
k_1s-1mg_mL-mean,9,0.831,4.5
k_1s-1mg_mL-mean,10,0.829,5.5
k_1s-1mg_mL-mean,11,0.828,6.5
k_1s-1mg_mL-mean,12,0.826,7.5
k_1s-1mg_mL-mean,13,0.823,8.5
k_1s-1mg_mL-mean,14,0.823,9.5
k_1s-1mg_mL-mean,15,0.821,10.5
k_1s-1mg_mL-mean,16,0.818,11.5
k_1s-1mg_mL-mean,17,0.816,12.5
k_1s-1mg_mL-mean,18,0.814,14.5
k_1s-1mg_mL-mean,19,0.811,16.5
k_1s-1mg_mL-mean,20,0.809,18.5
k_1s-1mg_mL-mean,21,0.805,20.5
k_1s-1mg_mL-mean,22,0.803,22.5
k_1s-1mg_mL-mean,23,0.801,24.5
k_1s-1mg_mL-mean,24,0.798,26.5
k_1s-1mg_mL-mean,25,0.796,28.5
k_1s-1mg_mL-mean,26,0.791,32.5
k_1s-1mg_mL-mean,27,0.786,36.5
k_1s-1mg_mL-mean,28,0.783,40.5
k_1s-1mg_mL-mean,29,0.779,44.5
k_1s-1mg_mL-mean,30,0.775,48.5
k_1s-1mg_mL-mean,31,0.771,52.5
k_1s-1mg_mL-mean,32,0.768,56.5
k_1s-1mg_mL-mean,33,0.764,60.5
k_1s-1mg_mL-mean,34,0.758,68.5
k_1s-1mg_mL-mean,35,0.751,76.5
k_1s-1mg_mL-mean,36,0.745,84.5
k_1s-1mg_mL-mean,37,0.74,92.5
k_1s-1mg_mL-mean,38,0.734,101.0
k_1s-1mg_mL-mean,39,0.728,109.0
k_1s-1mg_mL-mean,40,0.723,117.0
k_1s-1mg_mL-mean,41,0.718,125.0
k_1s-1mg_mL-mean,42,0.707,141.0
k_1s-1mg_mL-mean,43,0.698,157.0
k_1s-1mg_mL-mean,44,0.689,173.0
k_1s-1mg_mL-mean,45,0.68,189.0
k_1s-1mg_mL-mean,46,0.672,205.0
k_1s-1mg_mL-mean,47,0.663,221.0
k_1s-1mg_mL-mean,48,0.656,237.0
k_1s-1mg_mL-mean,49,0.648,253.0
k_1s-1mg_mL-mean,50,0.633,285.0
k_1s-1mg_mL-mean,51,0.62,317.0
k_1s-1mg_mL-mean,52,0.606,349.0
k_1s-1mg_mL-mean,53,0.594,381.0
k_1s-1mg_mL-mean,54,0.582,413.0
k_1s-1mg_mL-mean,55,0.57,445.0
k_1s-1mg_mL-mean,56,0.559,477.0
k_1s-1mg_mL-mean,57,0.548,509.0
k_1s-1mg_mL-mean,58,0.528,573.0
k_1s-1mg_mL-mean,59,0.508,637.0
k_1s-1mg_mL-mean,60,0.49,701.0
k_1s-1mg_mL-mean,61,0.472,765.0
k_1s-1mg_mL-mean,62,0.456,829.0
k_1s-1mg_mL-mean,63,0.44,893.0
k_1s-1mg_mL-mean,64,0.426,957.0
k_1s-1mg_mL-mean,65,0.412,1020.0
k_1s-1mg_mL-mean,66,0.385,1150.0
k_1s-1mg_mL-mean,67,0.36,1280.0
k_1s-1mg_mL-mean,68,0.337,1400.0
k_1s-1mg_mL-mean,69,0.316,1530.0
k_1s-1mg_mL-mean,70,0.297,1660.0
k_1s-1mg_mL-mean,71,0.278,1790.0
k_1s-1mg_mL-mean,72,0.262,1920.0
k_1s-1mg_mL-mean,73,0.246,2040.0
k_1s-1mg_mL-mean,74,0.217,2300.0
k_1s-1mg_mL-mean,75,0.192,2560.0
k_1s-1mg_mL-mean,76,0.169,2810.0
k_1s-1mg_mL-mean,77,0.15,3070.0
k_1s-1mg_mL-mean,78,0.133,3320.0
k_1s-1mg_mL-mean,79,0.119,3580.0
k_1s-1mg_mL-mean,80,0.107,3840.0
k_1s-1mg_mL-mean,81,0.0967,4090.0
k_1s-1mg_mL-mean,82,0.0813,4600.0
k_1s-1mg_mL-mean,83,0.0704,5120.0
k_1s-1mg_mL-mean,84,0.0632,5630.0
k_1s-1mg_mL-mean,85,0.0601,6140.0
k_1s-1mg_mL-mean,86,0.0591,6650.0
k_1s-1mg_mL-mean,87,0.0603,7160.0
k_1s-1mg_mL-mean,88,0.0594,7680.0
k_1s-1mg_mL-mean,89,0.0591,8190.0
k_1s-1mg_mL-mean,90,0.0573,9210.0
k_1s-1mg_mL-mean,91,0.0549,10200.0
k_1s-1mg_mL-mean,92,0.0498,11300.0
k_1s-1mg_mL-mean,93,0.0482,12300.0
k_1s-1mg_mL-mean,94,0.0469,13300.0
k_1s-1mg_mL-mean,95,0.0453,14300.0
k_1s-1mg_mL-mean,96,0.0417,15400.0
k_1s-1mg_mL-mean,97,0.0402,16400.0
k_1s-1mg_mL-mean,98,0.0405,18400.0
k_1s-1mg_mL-mean,99,0.0381,20500.0
k_1s-1mg_mL-mean,100,0.0351,22500.0
k_1s-1mg_mL-mean,101,0.0367,24600.0
k_1s-1mg_mL-mean,102,0.0352,26600.0
k_1s-1mg_mL-mean,103,0.038,28700.0
k_1s-1mg_mL-mean,104,0.0423,30700.0
k_1s-1mg_mL-mean,105,0.0438,32800.0
k_1s-1mg_mL-mean,106,0.0425,36900.0
k_1s-1mg_mL-mean,107,0.0338,41000.0
k_1s-1mg_mL-mean,108,0.0287,45100.0
k_1s-1mg_mL-mean,109,0.0298,49100.0
k_1s-1mg_mL-mean,110,0.0287,53200.0
k_1s-1mg_mL-mean,111,0.0271,57300.0
k_1s-1mg_mL-mean,112,0.0236,61400.0
k_1s-1mg_mL-mean,113,0.0198,65500.0
k_1s-1mg_mL-mean,114,0.0261,73700.0
k_1s-1mg_mL-mean,115,0.0222,81900.0
k_1s-1mg_mL-mean,116,0.0186,90100.0
k_1s-1mg_mL-mean,117,0.013,98300.0
k_1s-1mg_mL-mean,118,0.00742,106000.0
k_1s-1mg_mL-mean,119,0.00706,115000.0
k_1s-1mg_mL-mean,120,0.00644,123000.0
k_1s-1mg_mL-mean,121,0.00552,131000.0
k_1s-1mg_mL-mean,122,0.00403,147000.0
k_1s-1mg_mL-mean,123,0.004,164000.0
k_1s-1mg_mL-mean,124,0.00424,180000.0
k_1s-1mg_mL-mean,125,0.0021,197000.0
k_1s-1mg_mL-mean,126,0.000607,213000.0
k_1s-1mg_mL-mean,127,0.0014,229000.0
k_1s-1mg_mL-mean,128,0.00254,246000.0
k_1s-1mg_mL-mean,129,0.00227,262000.0
k_1s-1mg_mL-mean,130,0.00263,295000.0
k_1s-1mg_mL-mean,131,0.000999,328000.0
k_1s-1mg_mL-mean,132,0.00315,360000.0
k_1s-1mg_mL-mean,133,0.000298,393000.0
k_1s-1mg_mL-mean,134,0.00189,426000.0
k_1s-1mg_mL-mean,135,0.00166,459000.0
k_1s-1mg_mL-mean,136,0.000748,492000.0
k_1s-1mg_mL-mean,137,0.00064,524000.0
k_1s-1mg_mL-mean,138,0.00249,590000.0
k_1s-1mg_mL-mean,139,0.00279,655000.0
k_1s-1mg_mL-mean,140,0.00173,721000.0
k_1s-1mg_mL-mean,141,0.00156,786000.0
k_1s-1mg_mL-mean,142,0.000748,852000.0
k_1s-1mg_mL-mean,143,0.000666,918000.0
k_1s-1mg_mL-mean,144,0.0014,983000.0
k_1s-1mg_mL-mean,145,1.48e-05,1050000.0
k_1s-1mg_mL-mean,146,0.00129,1180000.0
k_1s-1mg_mL-mean,147,0.00188,1310000.0
k_1s-1mg_mL-mean,148,0.00279,1440000.0
k_1s-1mg_mL-mean,149,0.00293,1570000.0
k_1s-1mg_mL-mean,150,0.00115,1700000.0
k_1s-1mg_mL-mean,151,1.97e-05,1840000.0
k_1s-1mg_mL-mean,152,0.00104,1970000.0
k_1s-1mg_mL-mean,153,0.00208,2100000.0
k_1s-1mg_mL-mean,154,0.00466,2360000.0
k_1s-1mg_mL-mean,155,0.00198,2620000.0
k_1s-1mg_mL-mean,156,0.00125,2880000.0
k_1s-1mg_mL-mean,157,0.00545,3150000.0
k_1s-1mg_mL-mean,158,0.00404,3410000.0
k_1s-1mg_mL-mean,159,0.00817,3670000.0
k_1s-1mg_mL-mean,160,0.000205,3930000.0
k_1s-1mg_mL-mean,161,0.0,4190000.0
k_1s-1mg_mL-mean,162,0.0,4720000.0
k_1s-1mg_mL-mean,163,0.0,5240000.0
k_1s-1mg_mL-mean,164,0.0,5770000.0
k_1s-1mg_mL-mean,165,0.0,6290000.0
k_1s-1mg_mL-mean,166,0.0,6820000.0
k_1s-1mg_mL-mean,167,0.0,7340000.0
k_1s-1mg_mL-mean,168,0.0,7860000.0
k_1s-1mg_mL-mean,169,0.0,8390000.0
k_1s-1mg_mL-mean,170,0.0,9440000.0
k_1s-1mg_mL-mean,171,0.0,10500000.0
k_1s-1mg_mL-mean,172,0.0,11500000.0
k_1s-1mg_mL-mean,173,0.0,12600000.0
k_1s-1mg_mL-mean,174,0.0,13600000.0
k_1s-1mg_mL-mean,175,0.0,14700000.0
k_1s-1mg_mL-mean,176,0.0,15700000.0
k_1s-1mg_mL-mean,177,0.0,16800000.0
k_1s-1mg_mL-mean,178,0.0,18900000.0
k_1s-1mg_mL-mean,179,0.0,21000000.0
k_1s-1mg_mL-mean,180,0.0,23100000.0
k_1s-1mg_mL-mean,181,0.0,25200000.0
k_1s-1mg_mL-mean,182,0.0,27300000.0
k_1s-1mg_mL-mean,183,0.0,29400000.0
k_1s-1mg_mL-mean,184,0.0,31500000.0
k_1s-1mg_mL-mean,185,0.0,33600000.0
k_1s-1mg_mL-mean,186,0.0,37700000.0
k_1s-1mg_mL-mean,187,0.0,41900000.0
k_1s-1mg_mL-mean,188,0.0,46100000.0
k_1s-1mg_mL-mean,189,0.0,50300000.0
k_1s-1mg_mL-mean,190,0.0,54500000.0
k_1s-1mg_mL-mean,191,0.0,58700000.0
k_1s-1mg_mL-mean,192,0.0,62900000.0
aMEM_10pct-Ctrl 1,1,0.76,0.5
aMEM_10pct-Ctrl 1,2,0.751,1.0
aMEM_10pct-Ctrl 1,3,0.735,1.5
aMEM_10pct-Ctrl 1,4,0.721,2.0
aMEM_10pct-Ctrl 1,5,0.708,2.5
aMEM_10pct-Ctrl 1,6,0.692,3.0
aMEM_10pct-Ctrl 1,7,0.679,3.5
aMEM_10pct-Ctrl 1,8,0.662,4.0
aMEM_10pct-Ctrl 1,9,0.65,4.5
aMEM_10pct-Ctrl 1,10,0.624,5.5
aMEM_10pct-Ctrl 1,11,0.602,6.5
aMEM_10pct-Ctrl 1,12,0.583,7.5
aMEM_10pct-Ctrl 1,13,0.56,8.5
aMEM_10pct-Ctrl 1,14,0.541,9.5
aMEM_10pct-Ctrl 1,15,0.522,10.5
aMEM_10pct-Ctrl 1,16,0.502,11.5
aMEM_10pct-Ctrl 1,17,0.488,12.5
aMEM_10pct-Ctrl 1,18,0.457,14.5
aMEM_10pct-Ctrl 1,19,0.429,16.5
aMEM_10pct-Ctrl 1,20,0.402,18.5
aMEM_10pct-Ctrl 1,21,0.38,20.5
aMEM_10pct-Ctrl 1,22,0.359,22.5
aMEM_10pct-Ctrl 1,23,0.339,24.5
aMEM_10pct-Ctrl 1,24,0.321,26.5
aMEM_10pct-Ctrl 1,25,0.305,28.5
aMEM_10pct-Ctrl 1,26,0.275,32.5
aMEM_10pct-Ctrl 1,27,0.25,36.5
aMEM_10pct-Ctrl 1,28,0.228,40.5
aMEM_10pct-Ctrl 1,29,0.209,44.5
aMEM_10pct-Ctrl 1,30,0.193,48.5
aMEM_10pct-Ctrl 1,31,0.176,52.5
aMEM_10pct-Ctrl 1,32,0.163,56.5
aMEM_10pct-Ctrl 1,33,0.151,60.5
aMEM_10pct-Ctrl 1,34,0.13,68.5
aMEM_10pct-Ctrl 1,35,0.113,76.5
aMEM_10pct-Ctrl 1,36,0.0992,84.5
aMEM_10pct-Ctrl 1,37,0.0883,92.5
aMEM_10pct-Ctrl 1,38,0.0782,101.0
aMEM_10pct-Ctrl 1,39,0.0692,109.0
aMEM_10pct-Ctrl 1,40,0.0624,117.0
aMEM_10pct-Ctrl 1,41,0.0567,125.0
aMEM_10pct-Ctrl 1,42,0.0473,141.0
aMEM_10pct-Ctrl 1,43,0.0396,157.0
aMEM_10pct-Ctrl 1,44,0.0338,173.0
aMEM_10pct-Ctrl 1,45,0.0297,189.0
aMEM_10pct-Ctrl 1,46,0.026,205.0
aMEM_10pct-Ctrl 1,47,0.0221,221.0
aMEM_10pct-Ctrl 1,48,0.0196,237.0
aMEM_10pct-Ctrl 1,49,0.0179,253.0
aMEM_10pct-Ctrl 1,50,0.0138,285.0
aMEM_10pct-Ctrl 1,51,0.0112,317.0
aMEM_10pct-Ctrl 1,52,0.00953,349.0
aMEM_10pct-Ctrl 1,53,0.00765,381.0
aMEM_10pct-Ctrl 1,54,0.00584,413.0
aMEM_10pct-Ctrl 1,55,0.00472,445.0
aMEM_10pct-Ctrl 1,56,0.00441,477.0
aMEM_10pct-Ctrl 1,57,0.00434,509.0
aMEM_10pct-Ctrl 1,58,0.00327,573.0
aMEM_10pct-Ctrl 1,59,0.0023,637.0
aMEM_10pct-Ctrl 1,60,0.00312,701.0
aMEM_10pct-Ctrl 1,61,0.00278,765.0
aMEM_10pct-Ctrl 1,62,0.00204,829.0
aMEM_10pct-Ctrl 1,63,0.00213,893.0
aMEM_10pct-Ctrl 1,64,0.00139,957.0
aMEM_10pct-Ctrl 1,65,0.00124,1020.0
aMEM_10pct-Ctrl 1,66,0.00144,1150.0
aMEM_10pct-Ctrl 1,67,0.00113,1280.0
aMEM_10pct-Ctrl 1,68,0.00136,1400.0
aMEM_10pct-Ctrl 1,69,0.00109,1530.0
aMEM_10pct-Ctrl 1,70,0.00142,1660.0
aMEM_10pct-Ctrl 1,71,0.000915,1790.0
aMEM_10pct-Ctrl 1,72,0.000473,1920.0
aMEM_10pct-Ctrl 1,73,0.000769,2040.0
aMEM_10pct-Ctrl 1,74,0.000782,2300.0
aMEM_10pct-Ctrl 1,75,0.00119,2560.0
aMEM_10pct-Ctrl 1,76,0.000842,2810.0
aMEM_10pct-Ctrl 1,77,0.00125,3070.0
aMEM_10pct-Ctrl 1,78,0.000264,3320.0
aMEM_10pct-Ctrl 1,79,0.000461,3580.0
aMEM_10pct-Ctrl 1,80,0.0014,3840.0
aMEM_10pct-Ctrl 1,81,0.00126,4090.0
aMEM_10pct-Ctrl 1,82,0.000991,4600.0
aMEM_10pct-Ctrl 1,83,0.00112,5120.0
aMEM_10pct-Ctrl 1,84,0.001,5630.0
aMEM_10pct-Ctrl 1,85,0.000891,6140.0
aMEM_10pct-Ctrl 1,86,0.000443,6650.0
aMEM_10pct-Ctrl 1,87,0.00043,7160.0
aMEM_10pct-Ctrl 1,88,0.000239,7680.0
aMEM_10pct-Ctrl 1,89,0.000324,8190.0
aMEM_10pct-Ctrl 1,90,0.000509,9210.0
aMEM_10pct-Ctrl 1,91,0.000781,10200.0
aMEM_10pct-Ctrl 1,92,0.000824,11300.0
aMEM_10pct-Ctrl 1,93,0.000421,12300.0
aMEM_10pct-Ctrl 1,94,0.000677,13300.0
aMEM_10pct-Ctrl 1,95,0.000856,14300.0
aMEM_10pct-Ctrl 1,96,0.000611,15400.0
aMEM_10pct-Ctrl 1,97,0.000717,16400.0
aMEM_10pct-Ctrl 1,98,0.000872,18400.0
aMEM_10pct-Ctrl 1,99,0.000597,20500.0
aMEM_10pct-Ctrl 1,100,0.000631,22500.0
aMEM_10pct-Ctrl 1,101,0.000668,24600.0
aMEM_10pct-Ctrl 1,102,0.000746,26600.0
aMEM_10pct-Ctrl 1,103,0.00102,28700.0
aMEM_10pct-Ctrl 1,104,0.000758,30700.0
aMEM_10pct-Ctrl 1,105,0.000485,32800.0
aMEM_10pct-Ctrl 1,106,0.000489,36900.0
aMEM_10pct-Ctrl 1,107,0.00036,41000.0
aMEM_10pct-Ctrl 1,108,0.000502,45100.0
aMEM_10pct-Ctrl 1,109,0.000283,49100.0
aMEM_10pct-Ctrl 1,110,0.000282,53200.0
aMEM_10pct-Ctrl 1,111,0.000199,57300.0
aMEM_10pct-Ctrl 1,112,0.000248,61400.0
aMEM_10pct-Ctrl 1,113,0.000358,65500.0
aMEM_10pct-Ctrl 1,114,0.000328,73700.0
aMEM_10pct-Ctrl 1,115,0.00047,81900.0
aMEM_10pct-Ctrl 1,116,0.00044,90100.0
aMEM_10pct-Ctrl 1,117,0.000416,98300.0
aMEM_10pct-Ctrl 1,118,0.000289,106000.0
aMEM_10pct-Ctrl 1,119,0.000418,115000.0
aMEM_10pct-Ctrl 1,120,0.000406,123000.0
aMEM_10pct-Ctrl 1,121,0.000164,131000.0
aMEM_10pct-Ctrl 1,122,8.8e-05,147000.0
aMEM_10pct-Ctrl 1,123,3.66e-05,164000.0
aMEM_10pct-Ctrl 1,124,7.65e-05,180000.0
aMEM_10pct-Ctrl 1,125,4.91e-05,197000.0
aMEM_10pct-Ctrl 1,126,3.43e-05,213000.0
aMEM_10pct-Ctrl 1,127,6.29e-05,229000.0
aMEM_10pct-Ctrl 1,128,6.07e-05,246000.0
aMEM_10pct-Ctrl 1,129,4.69e-05,262000.0
aMEM_10pct-Ctrl 1,130,0.000179,295000.0
aMEM_10pct-Ctrl 1,131,0.000188,328000.0
aMEM_10pct-Ctrl 1,132,0.000407,360000.0
aMEM_10pct-Ctrl 1,133,0.00021,393000.0
aMEM_10pct-Ctrl 1,134,0.000185,426000.0
aMEM_10pct-Ctrl 1,135,0.000298,459000.0
aMEM_10pct-Ctrl 1,136,0.000199,492000.0
aMEM_10pct-Ctrl 1,137,0.000184,524000.0
aMEM_10pct-Ctrl 1,138,0.000443,590000.0
aMEM_10pct-Ctrl 1,139,0.000145,655000.0
aMEM_10pct-Ctrl 1,140,0.000173,721000.0
aMEM_10pct-Ctrl 1,141,0.000114,786000.0
aMEM_10pct-Ctrl 1,142,0.000147,852000.0
aMEM_10pct-Ctrl 1,143,0.00034,918000.0
aMEM_10pct-Ctrl 1,144,0.00026,983000.0
aMEM_10pct-Ctrl 1,145,0.000172,1050000.0
aMEM_10pct-Ctrl 1,146,0.000375,1180000.0
aMEM_10pct-Ctrl 1,147,0.000252,1310000.0
aMEM_10pct-Ctrl 1,148,0.000377,1440000.0
aMEM_10pct-Ctrl 1,149,0.000349,1570000.0
aMEM_10pct-Ctrl 1,150,0.000345,1700000.0
aMEM_10pct-Ctrl 1,151,0.000223,1840000.0
aMEM_10pct-Ctrl 1,152,8.56e-05,1970000.0
aMEM_10pct-Ctrl 1,153,0.000606,2100000.0
aMEM_10pct-Ctrl 1,154,0.0002,2360000.0
aMEM_10pct-Ctrl 1,155,0.000374,2620000.0
aMEM_10pct-Ctrl 1,156,0.000264,2880000.0
aMEM_10pct-Ctrl 1,157,0.000545,3150000.0
aMEM_10pct-Ctrl 1,158,0.000719,3410000.0
aMEM_10pct-Ctrl 1,159,0.000394,3670000.0
aMEM_10pct-Ctrl 1,160,0.000173,3930000.0
aMEM_10pct-Ctrl 1,161,0.0,4190000.0
aMEM_10pct-Ctrl 1,162,0.0,4720000.0
aMEM_10pct-Ctrl 1,163,0.0,5240000.0
aMEM_10pct-Ctrl 1,164,0.0,5770000.0
aMEM_10pct-Ctrl 1,165,0.0,6290000.0
aMEM_10pct-Ctrl 1,166,0.0,6820000.0
aMEM_10pct-Ctrl 1,167,0.0,7340000.0
aMEM_10pct-Ctrl 1,168,0.0,7860000.0
aMEM_10pct-Ctrl 1,169,0.0,8390000.0
aMEM_10pct-Ctrl 1,170,0.0,9440000.0
aMEM_10pct-Ctrl 1,171,0.0,10500000.0
aMEM_10pct-Ctrl 1,172,0.0,11500000.0
aMEM_10pct-Ctrl 1,173,0.0,12600000.0
aMEM_10pct-Ctrl 1,174,0.0,13600000.0
aMEM_10pct-Ctrl 1,175,0.0,14700000.0
aMEM_10pct-Ctrl 1,176,0.0,15700000.0
aMEM_10pct-Ctrl 1,177,0.0,16800000.0
aMEM_10pct-Ctrl 1,178,0.0,18900000.0
aMEM_10pct-Ctrl 1,179,0.0,21000000.0
aMEM_10pct-Ctrl 1,180,0.0,23100000.0
aMEM_10pct-Ctrl 1,181,0.0,25200000.0
aMEM_10pct-Ctrl 1,182,0.0,27300000.0
aMEM_10pct-Ctrl 1,183,0.0,29400000.0
aMEM_10pct-Ctrl 1,184,0.0,31500000.0
aMEM_10pct-Ctrl 1,185,0.0,33600000.0
aMEM_10pct-Ctrl 1,186,0.0,37700000.0
aMEM_10pct-Ctrl 1,187,0.0,41900000.0
aMEM_10pct-Ctrl 1,188,0.0,46100000.0
aMEM_10pct-Ctrl 1,189,0.0,50300000.0
aMEM_10pct-Ctrl 1,190,0.0,54500000.0
aMEM_10pct-Ctrl 1,191,0.0,58700000.0
aMEM_10pct-Ctrl 1,192,0.0,62900000.0
aMEM_10pct-Ctrl 2,1,0.753,0.5
aMEM_10pct-Ctrl 2,2,0.75,1.0
aMEM_10pct-Ctrl 2,3,0.732,1.5
aMEM_10pct-Ctrl 2,4,0.716,2.0
aMEM_10pct-Ctrl 2,5,0.701,2.5
aMEM_10pct-Ctrl 2,6,0.687,3.0
aMEM_10pct-Ctrl 2,7,0.673,3.5
aMEM_10pct-Ctrl 2,8,0.664,4.0
aMEM_10pct-Ctrl 2,9,0.649,4.5
aMEM_10pct-Ctrl 2,10,0.624,5.5
aMEM_10pct-Ctrl 2,11,0.598,6.5
aMEM_10pct-Ctrl 2,12,0.576,7.5
aMEM_10pct-Ctrl 2,13,0.556,8.5
aMEM_10pct-Ctrl 2,14,0.534,9.5
aMEM_10pct-Ctrl 2,15,0.516,10.5
aMEM_10pct-Ctrl 2,16,0.497,11.5
aMEM_10pct-Ctrl 2,17,0.481,12.5
aMEM_10pct-Ctrl 2,18,0.449,14.5
aMEM_10pct-Ctrl 2,19,0.422,16.5
aMEM_10pct-Ctrl 2,20,0.397,18.5
aMEM_10pct-Ctrl 2,21,0.374,20.5
aMEM_10pct-Ctrl 2,22,0.353,22.5
aMEM_10pct-Ctrl 2,23,0.333,24.5
aMEM_10pct-Ctrl 2,24,0.315,26.5
aMEM_10pct-Ctrl 2,25,0.299,28.5
aMEM_10pct-Ctrl 2,26,0.269,32.5
aMEM_10pct-Ctrl 2,27,0.244,36.5
aMEM_10pct-Ctrl 2,28,0.221,40.5
aMEM_10pct-Ctrl 2,29,0.203,44.5
aMEM_10pct-Ctrl 2,30,0.186,48.5
aMEM_10pct-Ctrl 2,31,0.171,52.5
aMEM_10pct-Ctrl 2,32,0.159,56.5
aMEM_10pct-Ctrl 2,33,0.147,60.5
aMEM_10pct-Ctrl 2,34,0.127,68.5
aMEM_10pct-Ctrl 2,35,0.11,76.5
aMEM_10pct-Ctrl 2,36,0.0967,84.5
aMEM_10pct-Ctrl 2,37,0.0852,92.5
aMEM_10pct-Ctrl 2,38,0.0758,101.0
aMEM_10pct-Ctrl 2,39,0.0671,109.0
aMEM_10pct-Ctrl 2,40,0.0589,117.0
aMEM_10pct-Ctrl 2,41,0.0533,125.0
aMEM_10pct-Ctrl 2,42,0.0434,141.0
aMEM_10pct-Ctrl 2,43,0.0359,157.0
aMEM_10pct-Ctrl 2,44,0.0307,173.0
aMEM_10pct-Ctrl 2,45,0.0261,189.0
aMEM_10pct-Ctrl 2,46,0.0225,205.0
aMEM_10pct-Ctrl 2,47,0.0201,221.0
aMEM_10pct-Ctrl 2,48,0.0177,237.0
aMEM_10pct-Ctrl 2,49,0.0154,253.0
aMEM_10pct-Ctrl 2,50,0.0117,285.0
aMEM_10pct-Ctrl 2,51,0.00926,317.0
aMEM_10pct-Ctrl 2,52,0.00765,349.0
aMEM_10pct-Ctrl 2,53,0.00651,381.0
aMEM_10pct-Ctrl 2,54,0.00595,413.0
aMEM_10pct-Ctrl 2,55,0.00508,445.0
aMEM_10pct-Ctrl 2,56,0.0045,477.0
aMEM_10pct-Ctrl 2,57,0.00402,509.0
aMEM_10pct-Ctrl 2,58,0.00282,573.0
aMEM_10pct-Ctrl 2,59,0.00241,637.0
aMEM_10pct-Ctrl 2,60,0.00215,701.0
aMEM_10pct-Ctrl 2,61,0.00147,765.0
aMEM_10pct-Ctrl 2,62,0.00118,829.0
aMEM_10pct-Ctrl 2,63,0.000834,893.0
aMEM_10pct-Ctrl 2,64,0.00119,957.0
aMEM_10pct-Ctrl 2,65,0.00111,1020.0
aMEM_10pct-Ctrl 2,66,0.00184,1150.0
aMEM_10pct-Ctrl 2,67,0.000882,1280.0
aMEM_10pct-Ctrl 2,68,0.000881,1400.0
aMEM_10pct-Ctrl 2,69,0.00104,1530.0
aMEM_10pct-Ctrl 2,70,0.00119,1660.0
aMEM_10pct-Ctrl 2,71,0.00108,1790.0
aMEM_10pct-Ctrl 2,72,0.00139,1920.0
aMEM_10pct-Ctrl 2,73,0.000711,2040.0
aMEM_10pct-Ctrl 2,74,0.000874,2300.0
aMEM_10pct-Ctrl 2,75,0.000806,2560.0
aMEM_10pct-Ctrl 2,76,0.000786,2810.0
aMEM_10pct-Ctrl 2,77,0.000989,3070.0
aMEM_10pct-Ctrl 2,78,0.000488,3320.0
aMEM_10pct-Ctrl 2,79,0.0011,3580.0
aMEM_10pct-Ctrl 2,80,0.000689,3840.0
aMEM_10pct-Ctrl 2,81,0.00101,4090.0
aMEM_10pct-Ctrl 2,82,0.000782,4600.0
aMEM_10pct-Ctrl 2,83,0.00068,5120.0
aMEM_10pct-Ctrl 2,84,0.000546,5630.0
aMEM_10pct-Ctrl 2,85,0.000766,6140.0
aMEM_10pct-Ctrl 2,86,0.000744,6650.0
aMEM_10pct-Ctrl 2,87,0.000707,7160.0
aMEM_10pct-Ctrl 2,88,0.000391,7680.0
aMEM_10pct-Ctrl 2,89,0.000418,8190.0
aMEM_10pct-Ctrl 2,90,0.000527,9210.0
aMEM_10pct-Ctrl 2,91,0.000537,10200.0
aMEM_10pct-Ctrl 2,92,0.000793,11300.0
aMEM_10pct-Ctrl 2,93,0.000545,12300.0
aMEM_10pct-Ctrl 2,94,0.000903,13300.0
aMEM_10pct-Ctrl 2,95,0.000535,14300.0
aMEM_10pct-Ctrl 2,96,0.000577,15400.0
aMEM_10pct-Ctrl 2,97,0.000533,16400.0
aMEM_10pct-Ctrl 2,98,0.000427,18400.0
aMEM_10pct-Ctrl 2,99,0.000578,20500.0
aMEM_10pct-Ctrl 2,100,0.000382,22500.0
aMEM_10pct-Ctrl 2,101,0.000576,24600.0
aMEM_10pct-Ctrl 2,102,0.000548,26600.0
aMEM_10pct-Ctrl 2,103,0.000482,28700.0
aMEM_10pct-Ctrl 2,104,0.00046,30700.0
aMEM_10pct-Ctrl 2,105,0.000393,32800.0
aMEM_10pct-Ctrl 2,106,0.000478,36900.0
aMEM_10pct-Ctrl 2,107,0.000314,41000.0
aMEM_10pct-Ctrl 2,108,0.000439,45100.0
aMEM_10pct-Ctrl 2,109,0.000491,49100.0
aMEM_10pct-Ctrl 2,110,0.000441,53200.0
aMEM_10pct-Ctrl 2,111,0.000362,57300.0
aMEM_10pct-Ctrl 2,112,0.00017,61400.0
aMEM_10pct-Ctrl 2,113,0.000279,65500.0
aMEM_10pct-Ctrl 2,114,0.000321,73700.0
aMEM_10pct-Ctrl 2,115,0.000335,81900.0
aMEM_10pct-Ctrl 2,116,0.000151,90100.0
aMEM_10pct-Ctrl 2,117,0.000294,98300.0
aMEM_10pct-Ctrl 2,118,0.000137,106000.0
aMEM_10pct-Ctrl 2,119,0.000155,115000.0
aMEM_10pct-Ctrl 2,120,9.06e-05,123000.0
aMEM_10pct-Ctrl 2,121,9.7e-05,131000.0
aMEM_10pct-Ctrl 2,122,1.22e-05,147000.0
aMEM_10pct-Ctrl 2,123,0.00011,164000.0
aMEM_10pct-Ctrl 2,124,0.000137,180000.0
aMEM_10pct-Ctrl 2,125,8.82e-05,197000.0
aMEM_10pct-Ctrl 2,126,0.000107,213000.0
aMEM_10pct-Ctrl 2,127,4.13e-05,229000.0
aMEM_10pct-Ctrl 2,128,5.4e-05,246000.0
aMEM_10pct-Ctrl 2,129,4.2e-05,262000.0
aMEM_10pct-Ctrl 2,130,0.000199,295000.0
aMEM_10pct-Ctrl 2,131,0.000116,328000.0
aMEM_10pct-Ctrl 2,132,0.000149,360000.0
aMEM_10pct-Ctrl 2,133,0.000128,393000.0
aMEM_10pct-Ctrl 2,134,6.04e-05,426000.0
aMEM_10pct-Ctrl 2,135,3.41e-05,459000.0
aMEM_10pct-Ctrl 2,136,0.000189,492000.0
aMEM_10pct-Ctrl 2,137,9.79e-05,524000.0
aMEM_10pct-Ctrl 2,138,0.000147,590000.0
aMEM_10pct-Ctrl 2,139,0.000291,655000.0
aMEM_10pct-Ctrl 2,140,0.000161,721000.0
aMEM_10pct-Ctrl 2,141,0.00023,786000.0
aMEM_10pct-Ctrl 2,142,0.000146,852000.0
aMEM_10pct-Ctrl 2,143,0.000237,918000.0
aMEM_10pct-Ctrl 2,144,8.2e-05,983000.0
aMEM_10pct-Ctrl 2,145,8.05e-05,1050000.0
aMEM_10pct-Ctrl 2,146,6.59e-05,1180000.0
aMEM_10pct-Ctrl 2,147,0.000136,1310000.0
aMEM_10pct-Ctrl 2,148,0.000121,1440000.0
aMEM_10pct-Ctrl 2,149,0.000127,1570000.0
aMEM_10pct-Ctrl 2,150,0.000144,1700000.0
aMEM_10pct-Ctrl 2,151,4.88e-05,1840000.0
aMEM_10pct-Ctrl 2,152,0.000114,1970000.0
aMEM_10pct-Ctrl 2,153,0.00132,2100000.0
aMEM_10pct-Ctrl 2,154,0.00187,2360000.0
aMEM_10pct-Ctrl 2,155,0.00203,2620000.0
aMEM_10pct-Ctrl 2,156,0.00197,2880000.0
aMEM_10pct-Ctrl 2,157,0.00195,3150000.0
aMEM_10pct-Ctrl 2,158,0.00158,3410000.0
aMEM_10pct-Ctrl 2,159,0.00217,3670000.0
aMEM_10pct-Ctrl 2,160,0.00206,3930000.0
aMEM_10pct-Ctrl 2,161,0.0,4190000.0
aMEM_10pct-Ctrl 2,162,0.0,4720000.0
aMEM_10pct-Ctrl 2,163,0.0,5240000.0
aMEM_10pct-Ctrl 2,164,0.0,5770000.0
aMEM_10pct-Ctrl 2,165,0.0,6290000.0
aMEM_10pct-Ctrl 2,166,0.0,6820000.0
aMEM_10pct-Ctrl 2,167,0.0,7340000.0
aMEM_10pct-Ctrl 2,168,0.0,7860000.0
aMEM_10pct-Ctrl 2,169,0.0,8390000.0
aMEM_10pct-Ctrl 2,170,0.0,9440000.0
aMEM_10pct-Ctrl 2,171,0.0,10500000.0
aMEM_10pct-Ctrl 2,172,0.0,11500000.0
aMEM_10pct-Ctrl 2,173,0.0,12600000.0
aMEM_10pct-Ctrl 2,174,0.0,13600000.0
aMEM_10pct-Ctrl 2,175,0.0,14700000.0
aMEM_10pct-Ctrl 2,176,0.0,15700000.0
aMEM_10pct-Ctrl 2,177,0.0,16800000.0
aMEM_10pct-Ctrl 2,178,0.0,18900000.0
aMEM_10pct-Ctrl 2,179,0.0,21000000.0
aMEM_10pct-Ctrl 2,180,0.0,23100000.0
aMEM_10pct-Ctrl 2,181,0.0,25200000.0
aMEM_10pct-Ctrl 2,182,0.0,27300000.0
aMEM_10pct-Ctrl 2,183,0.0,29400000.0
aMEM_10pct-Ctrl 2,184,0.0,31500000.0
aMEM_10pct-Ctrl 2,185,0.0,33600000.0
aMEM_10pct-Ctrl 2,186,0.0,37700000.0
aMEM_10pct-Ctrl 2,187,0.0,41900000.0
aMEM_10pct-Ctrl 2,188,0.0,46100000.0
aMEM_10pct-Ctrl 2,189,0.0,50300000.0
aMEM_10pct-Ctrl 2,190,0.0,54500000.0
aMEM_10pct-Ctrl 2,191,0.0,58700000.0
aMEM_10pct-Ctrl 2,192,0.0,62900000.0
aMEM_10pct-Ctrl 3,1,0.758,0.5
aMEM_10pct-Ctrl 3,2,0.749,1.0
aMEM_10pct-Ctrl 3,3,0.731,1.5
aMEM_10pct-Ctrl 3,4,0.715,2.0
aMEM_10pct-Ctrl 3,5,0.703,2.5
aMEM_10pct-Ctrl 3,6,0.688,3.0
aMEM_10pct-Ctrl 3,7,0.67,3.5
aMEM_10pct-Ctrl 3,8,0.661,4.0
aMEM_10pct-Ctrl 3,9,0.646,4.5
aMEM_10pct-Ctrl 3,10,0.622,5.5
aMEM_10pct-Ctrl 3,11,0.599,6.5
aMEM_10pct-Ctrl 3,12,0.575,7.5
aMEM_10pct-Ctrl 3,13,0.555,8.5
aMEM_10pct-Ctrl 3,14,0.536,9.5
aMEM_10pct-Ctrl 3,15,0.518,10.5
aMEM_10pct-Ctrl 3,16,0.501,11.5
aMEM_10pct-Ctrl 3,17,0.483,12.5
aMEM_10pct-Ctrl 3,18,0.453,14.5
aMEM_10pct-Ctrl 3,19,0.424,16.5
aMEM_10pct-Ctrl 3,20,0.397,18.5
aMEM_10pct-Ctrl 3,21,0.374,20.5
aMEM_10pct-Ctrl 3,22,0.353,22.5
aMEM_10pct-Ctrl 3,23,0.334,24.5
aMEM_10pct-Ctrl 3,24,0.316,26.5
aMEM_10pct-Ctrl 3,25,0.3,28.5
aMEM_10pct-Ctrl 3,26,0.27,32.5
aMEM_10pct-Ctrl 3,27,0.244,36.5
aMEM_10pct-Ctrl 3,28,0.222,40.5
aMEM_10pct-Ctrl 3,29,0.203,44.5
aMEM_10pct-Ctrl 3,30,0.188,48.5
aMEM_10pct-Ctrl 3,31,0.172,52.5
aMEM_10pct-Ctrl 3,32,0.159,56.5
aMEM_10pct-Ctrl 3,33,0.148,60.5
aMEM_10pct-Ctrl 3,34,0.128,68.5
aMEM_10pct-Ctrl 3,35,0.112,76.5
aMEM_10pct-Ctrl 3,36,0.0982,84.5
aMEM_10pct-Ctrl 3,37,0.0874,92.5
aMEM_10pct-Ctrl 3,38,0.0772,101.0
aMEM_10pct-Ctrl 3,39,0.0688,109.0
aMEM_10pct-Ctrl 3,40,0.0615,117.0
aMEM_10pct-Ctrl 3,41,0.0557,125.0
aMEM_10pct-Ctrl 3,42,0.0456,141.0
aMEM_10pct-Ctrl 3,43,0.0369,157.0
aMEM_10pct-Ctrl 3,44,0.0307,173.0
aMEM_10pct-Ctrl 3,45,0.0265,189.0
aMEM_10pct-Ctrl 3,46,0.0238,205.0
aMEM_10pct-Ctrl 3,47,0.0198,221.0
aMEM_10pct-Ctrl 3,48,0.0179,237.0
aMEM_10pct-Ctrl 3,49,0.0154,253.0
aMEM_10pct-Ctrl 3,50,0.0122,285.0
aMEM_10pct-Ctrl 3,51,0.0107,317.0
aMEM_10pct-Ctrl 3,52,0.00811,349.0
aMEM_10pct-Ctrl 3,53,0.00685,381.0
aMEM_10pct-Ctrl 3,54,0.00622,413.0
aMEM_10pct-Ctrl 3,55,0.00534,445.0
aMEM_10pct-Ctrl 3,56,0.005,477.0
aMEM_10pct-Ctrl 3,57,0.00473,509.0
aMEM_10pct-Ctrl 3,58,0.00345,573.0
aMEM_10pct-Ctrl 3,59,0.0027,637.0
aMEM_10pct-Ctrl 3,60,0.00132,701.0
aMEM_10pct-Ctrl 3,61,0.00188,765.0
aMEM_10pct-Ctrl 3,62,0.00181,829.0
aMEM_10pct-Ctrl 3,63,0.00122,893.0
aMEM_10pct-Ctrl 3,64,0.00112,957.0
aMEM_10pct-Ctrl 3,65,0.00132,1020.0
aMEM_10pct-Ctrl 3,66,0.00156,1150.0
aMEM_10pct-Ctrl 3,67,0.00132,1280.0
aMEM_10pct-Ctrl 3,68,0.00104,1400.0
aMEM_10pct-Ctrl 3,69,0.00112,1530.0
aMEM_10pct-Ctrl 3,70,0.000693,1660.0
aMEM_10pct-Ctrl 3,71,0.00104,1790.0
aMEM_10pct-Ctrl 3,72,0.000995,1920.0
aMEM_10pct-Ctrl 3,73,0.000947,2040.0
aMEM_10pct-Ctrl 3,74,0.00109,2300.0
aMEM_10pct-Ctrl 3,75,0.000825,2560.0
aMEM_10pct-Ctrl 3,76,0.000631,2810.0
aMEM_10pct-Ctrl 3,77,0.000526,3070.0
aMEM_10pct-Ctrl 3,78,0.00054,3320.0
aMEM_10pct-Ctrl 3,79,0.00112,3580.0
aMEM_10pct-Ctrl 3,80,0.00121,3840.0
aMEM_10pct-Ctrl 3,81,0.000881,4090.0
aMEM_10pct-Ctrl 3,82,0.000676,4600.0
aMEM_10pct-Ctrl 3,83,0.000419,5120.0
aMEM_10pct-Ctrl 3,84,0.000852,5630.0
aMEM_10pct-Ctrl 3,85,0.000536,6140.0
aMEM_10pct-Ctrl 3,86,0.000808,6650.0
aMEM_10pct-Ctrl 3,87,0.00115,7160.0
aMEM_10pct-Ctrl 3,88,0.00108,7680.0
aMEM_10pct-Ctrl 3,89,0.000687,8190.0
aMEM_10pct-Ctrl 3,90,0.000341,9210.0
aMEM_10pct-Ctrl 3,91,0.00043,10200.0
aMEM_10pct-Ctrl 3,92,0.000567,11300.0
aMEM_10pct-Ctrl 3,93,0.000573,12300.0
aMEM_10pct-Ctrl 3,94,0.000487,13300.0
aMEM_10pct-Ctrl 3,95,0.000659,14300.0
aMEM_10pct-Ctrl 3,96,0.000322,15400.0
aMEM_10pct-Ctrl 3,97,0.000645,16400.0
aMEM_10pct-Ctrl 3,98,0.000645,18400.0
aMEM_10pct-Ctrl 3,99,0.000776,20500.0
aMEM_10pct-Ctrl 3,100,0.000457,22500.0
aMEM_10pct-Ctrl 3,101,0.000624,24600.0
aMEM_10pct-Ctrl 3,102,0.000542,26600.0
aMEM_10pct-Ctrl 3,103,0.000636,28700.0
aMEM_10pct-Ctrl 3,104,0.000481,30700.0
aMEM_10pct-Ctrl 3,105,0.000627,32800.0
aMEM_10pct-Ctrl 3,106,0.000734,36900.0
aMEM_10pct-Ctrl 3,107,0.000489,41000.0
aMEM_10pct-Ctrl 3,108,0.000443,45100.0
aMEM_10pct-Ctrl 3,109,0.000524,49100.0
aMEM_10pct-Ctrl 3,110,0.000486,53200.0
aMEM_10pct-Ctrl 3,111,0.000344,57300.0
aMEM_10pct-Ctrl 3,112,0.0005,61400.0
aMEM_10pct-Ctrl 3,113,0.000373,65500.0
aMEM_10pct-Ctrl 3,114,0.000518,73700.0
aMEM_10pct-Ctrl 3,115,0.000444,81900.0
aMEM_10pct-Ctrl 3,116,0.000497,90100.0
aMEM_10pct-Ctrl 3,117,0.000525,98300.0
aMEM_10pct-Ctrl 3,118,0.000378,106000.0
aMEM_10pct-Ctrl 3,119,0.00049,115000.0
aMEM_10pct-Ctrl 3,120,0.000373,123000.0
aMEM_10pct-Ctrl 3,121,0.000443,131000.0
aMEM_10pct-Ctrl 3,122,0.000429,147000.0
aMEM_10pct-Ctrl 3,123,0.000303,164000.0
aMEM_10pct-Ctrl 3,124,0.000373,180000.0
aMEM_10pct-Ctrl 3,125,0.000331,197000.0
aMEM_10pct-Ctrl 3,126,0.000335,213000.0
aMEM_10pct-Ctrl 3,127,0.000334,229000.0
aMEM_10pct-Ctrl 3,128,0.000431,246000.0
aMEM_10pct-Ctrl 3,129,0.000378,262000.0
aMEM_10pct-Ctrl 3,130,0.000328,295000.0
aMEM_10pct-Ctrl 3,131,0.000301,328000.0
aMEM_10pct-Ctrl 3,132,0.000303,360000.0
aMEM_10pct-Ctrl 3,133,0.000331,393000.0
aMEM_10pct-Ctrl 3,134,0.000274,426000.0
aMEM_10pct-Ctrl 3,135,0.00027,459000.0
aMEM_10pct-Ctrl 3,136,0.000268,492000.0
aMEM_10pct-Ctrl 3,137,0.000209,524000.0
aMEM_10pct-Ctrl 3,138,0.000734,590000.0
aMEM_10pct-Ctrl 3,139,0.00141,655000.0
aMEM_10pct-Ctrl 3,140,0.0014,721000.0
aMEM_10pct-Ctrl 3,141,0.0013,786000.0
aMEM_10pct-Ctrl 3,142,0.00134,852000.0
aMEM_10pct-Ctrl 3,143,0.00141,918000.0
aMEM_10pct-Ctrl 3,144,0.00113,983000.0
aMEM_10pct-Ctrl 3,145,0.000524,1050000.0
aMEM_10pct-Ctrl 3,146,0.000851,1180000.0
aMEM_10pct-Ctrl 3,147,0.00106,1310000.0
aMEM_10pct-Ctrl 3,148,0.000903,1440000.0
aMEM_10pct-Ctrl 3,149,0.00101,1570000.0
aMEM_10pct-Ctrl 3,150,0.000808,1700000.0
aMEM_10pct-Ctrl 3,151,0.000838,1840000.0
aMEM_10pct-Ctrl 3,152,0.00105,1970000.0
aMEM_10pct-Ctrl 3,153,0.000461,2100000.0
aMEM_10pct-Ctrl 3,154,0.000166,2360000.0
aMEM_10pct-Ctrl 3,155,0.000228,2620000.0
aMEM_10pct-Ctrl 3,156,0.000442,2880000.0
aMEM_10pct-Ctrl 3,157,0.000291,3150000.0
aMEM_10pct-Ctrl 3,158,0.000377,3410000.0
aMEM_10pct-Ctrl 3,159,0.000407,3670000.0
aMEM_10pct-Ctrl 3,160,0.000254,3930000.0
aMEM_10pct-Ctrl 3,161,0.0,4190000.0
aMEM_10pct-Ctrl 3,162,0.0,4720000.0
aMEM_10pct-Ctrl 3,163,0.0,5240000.0
aMEM_10pct-Ctrl 3,164,0.0,5770000.0
aMEM_10pct-Ctrl 3,165,0.0,6290000.0
aMEM_10pct-Ctrl 3,166,0.0,6820000.0
aMEM_10pct-Ctrl 3,167,0.0,7340000.0
aMEM_10pct-Ctrl 3,168,0.0,7860000.0
aMEM_10pct-Ctrl 3,169,0.0,8390000.0
aMEM_10pct-Ctrl 3,170,0.0,9440000.0
aMEM_10pct-Ctrl 3,171,0.0,10500000.0
aMEM_10pct-Ctrl 3,172,0.0,11500000.0
aMEM_10pct-Ctrl 3,173,0.0,12600000.0
aMEM_10pct-Ctrl 3,174,0.0,13600000.0
aMEM_10pct-Ctrl 3,175,0.0,14700000.0
aMEM_10pct-Ctrl 3,176,0.0,15700000.0
aMEM_10pct-Ctrl 3,177,0.0,16800000.0
aMEM_10pct-Ctrl 3,178,0.0,18900000.0
aMEM_10pct-Ctrl 3,179,0.0,21000000.0
aMEM_10pct-Ctrl 3,180,0.0,23100000.0
aMEM_10pct-Ctrl 3,181,0.0,25200000.0
aMEM_10pct-Ctrl 3,182,0.0,27300000.0
aMEM_10pct-Ctrl 3,183,0.0,29400000.0
aMEM_10pct-Ctrl 3,184,0.0,31500000.0
aMEM_10pct-Ctrl 3,185,0.0,33600000.0
aMEM_10pct-Ctrl 3,186,0.0,37700000.0
aMEM_10pct-Ctrl 3,187,0.0,41900000.0
aMEM_10pct-Ctrl 3,188,0.0,46100000.0
aMEM_10pct-Ctrl 3,189,0.0,50300000.0
aMEM_10pct-Ctrl 3,190,0.0,54500000.0
aMEM_10pct-Ctrl 3,191,0.0,58700000.0
aMEM_10pct-Ctrl 3,192,0.0,62900000.0
aMEM_10pct-Ctrl-mean,1,0.76,0.5
aMEM_10pct-Ctrl-mean,2,0.751,1.0
aMEM_10pct-Ctrl-mean,3,0.735,1.5
aMEM_10pct-Ctrl-mean,4,0.721,2.0
aMEM_10pct-Ctrl-mean,5,0.708,2.5
aMEM_10pct-Ctrl-mean,6,0.692,3.0
aMEM_10pct-Ctrl-mean,7,0.679,3.5
aMEM_10pct-Ctrl-mean,8,0.662,4.0
aMEM_10pct-Ctrl-mean,9,0.65,4.5
aMEM_10pct-Ctrl-mean,10,0.624,5.5
aMEM_10pct-Ctrl-mean,11,0.602,6.5
aMEM_10pct-Ctrl-mean,12,0.583,7.5
aMEM_10pct-Ctrl-mean,13,0.56,8.5
aMEM_10pct-Ctrl-mean,14,0.541,9.5
aMEM_10pct-Ctrl-mean,15,0.522,10.5
aMEM_10pct-Ctrl-mean,16,0.502,11.5
aMEM_10pct-Ctrl-mean,17,0.488,12.5
aMEM_10pct-Ctrl-mean,18,0.457,14.5
aMEM_10pct-Ctrl-mean,19,0.429,16.5
aMEM_10pct-Ctrl-mean,20,0.402,18.5
aMEM_10pct-Ctrl-mean,21,0.38,20.5
aMEM_10pct-Ctrl-mean,22,0.359,22.5
aMEM_10pct-Ctrl-mean,23,0.339,24.5
aMEM_10pct-Ctrl-mean,24,0.321,26.5
aMEM_10pct-Ctrl-mean,25,0.305,28.5
aMEM_10pct-Ctrl-mean,26,0.275,32.5
aMEM_10pct-Ctrl-mean,27,0.25,36.5
aMEM_10pct-Ctrl-mean,28,0.228,40.5
aMEM_10pct-Ctrl-mean,29,0.209,44.5
aMEM_10pct-Ctrl-mean,30,0.193,48.5
aMEM_10pct-Ctrl-mean,31,0.176,52.5
aMEM_10pct-Ctrl-mean,32,0.163,56.5
aMEM_10pct-Ctrl-mean,33,0.151,60.5
aMEM_10pct-Ctrl-mean,34,0.13,68.5
aMEM_10pct-Ctrl-mean,35,0.113,76.5
aMEM_10pct-Ctrl-mean,36,0.0992,84.5
aMEM_10pct-Ctrl-mean,37,0.0883,92.5
aMEM_10pct-Ctrl-mean,38,0.0782,101.0
aMEM_10pct-Ctrl-mean,39,0.0692,109.0
aMEM_10pct-Ctrl-mean,40,0.0624,117.0
aMEM_10pct-Ctrl-mean,41,0.0567,125.0
aMEM_10pct-Ctrl-mean,42,0.0473,141.0
aMEM_10pct-Ctrl-mean,43,0.0396,157.0
aMEM_10pct-Ctrl-mean,44,0.0338,173.0
aMEM_10pct-Ctrl-mean,45,0.0297,189.0
aMEM_10pct-Ctrl-mean,46,0.026,205.0
aMEM_10pct-Ctrl-mean,47,0.0221,221.0
aMEM_10pct-Ctrl-mean,48,0.0196,237.0
aMEM_10pct-Ctrl-mean,49,0.0179,253.0
aMEM_10pct-Ctrl-mean,50,0.0138,285.0
aMEM_10pct-Ctrl-mean,51,0.0112,317.0
aMEM_10pct-Ctrl-mean,52,0.00953,349.0
aMEM_10pct-Ctrl-mean,53,0.00765,381.0
aMEM_10pct-Ctrl-mean,54,0.00584,413.0
aMEM_10pct-Ctrl-mean,55,0.00472,445.0
aMEM_10pct-Ctrl-mean,56,0.00441,477.0
aMEM_10pct-Ctrl-mean,57,0.00434,509.0
aMEM_10pct-Ctrl-mean,58,0.00327,573.0
aMEM_10pct-Ctrl-mean,59,0.0023,637.0
aMEM_10pct-Ctrl-mean,60,0.00312,701.0
aMEM_10pct-Ctrl-mean,61,0.00278,765.0
aMEM_10pct-Ctrl-mean,62,0.00204,829.0
aMEM_10pct-Ctrl-mean,63,0.00213,893.0
aMEM_10pct-Ctrl-mean,64,0.00139,957.0
aMEM_10pct-Ctrl-mean,65,0.00124,1020.0
aMEM_10pct-Ctrl-mean,66,0.00144,1150.0
aMEM_10pct-Ctrl-mean,67,0.00113,1280.0
aMEM_10pct-Ctrl-mean,68,0.00136,1400.0
aMEM_10pct-Ctrl-mean,69,0.00109,1530.0
aMEM_10pct-Ctrl-mean,70,0.00142,1660.0
aMEM_10pct-Ctrl-mean,71,0.000915,1790.0
aMEM_10pct-Ctrl-mean,72,0.000473,1920.0
aMEM_10pct-Ctrl-mean,73,0.000769,2040.0
aMEM_10pct-Ctrl-mean,74,0.000782,2300.0
aMEM_10pct-Ctrl-mean,75,0.00119,2560.0
aMEM_10pct-Ctrl-mean,76,0.000842,2810.0
aMEM_10pct-Ctrl-mean,77,0.00125,3070.0
aMEM_10pct-Ctrl-mean,78,0.000264,3320.0
aMEM_10pct-Ctrl-mean,79,0.000461,3580.0
aMEM_10pct-Ctrl-mean,80,0.0014,3840.0
aMEM_10pct-Ctrl-mean,81,0.00126,4090.0
aMEM_10pct-Ctrl-mean,82,0.000991,4600.0
aMEM_10pct-Ctrl-mean,83,0.00112,5120.0
aMEM_10pct-Ctrl-mean,84,0.001,5630.0
aMEM_10pct-Ctrl-mean,85,0.000891,6140.0
aMEM_10pct-Ctrl-mean,86,0.000443,6650.0
aMEM_10pct-Ctrl-mean,87,0.00043,7160.0
aMEM_10pct-Ctrl-mean,88,0.000239,7680.0
aMEM_10pct-Ctrl-mean,89,0.000324,8190.0
aMEM_10pct-Ctrl-mean,90,0.000509,9210.0
aMEM_10pct-Ctrl-mean,91,0.000781,10200.0
aMEM_10pct-Ctrl-mean,92,0.000824,11300.0
aMEM_10pct-Ctrl-mean,93,0.000421,12300.0
aMEM_10pct-Ctrl-mean,94,0.000677,13300.0
aMEM_10pct-Ctrl-mean,95,0.000856,14300.0
aMEM_10pct-Ctrl-mean,96,0.000611,15400.0
aMEM_10pct-Ctrl-mean,97,0.000717,16400.0
aMEM_10pct-Ctrl-mean,98,0.000872,18400.0
aMEM_10pct-Ctrl-mean,99,0.000597,20500.0
aMEM_10pct-Ctrl-mean,100,0.000631,22500.0
aMEM_10pct-Ctrl-mean,101,0.000668,24600.0
aMEM_10pct-Ctrl-mean,102,0.000746,26600.0
aMEM_10pct-Ctrl-mean,103,0.00102,28700.0
aMEM_10pct-Ctrl-mean,104,0.000758,30700.0
aMEM_10pct-Ctrl-mean,105,0.000485,32800.0
aMEM_10pct-Ctrl-mean,106,0.000489,36900.0
aMEM_10pct-Ctrl-mean,107,0.00036,41000.0
aMEM_10pct-Ctrl-mean,108,0.000502,45100.0
aMEM_10pct-Ctrl-mean,109,0.000283,49100.0
aMEM_10pct-Ctrl-mean,110,0.000282,53200.0
aMEM_10pct-Ctrl-mean,111,0.000199,57300.0
aMEM_10pct-Ctrl-mean,112,0.000248,61400.0
aMEM_10pct-Ctrl-mean,113,0.000358,65500.0
aMEM_10pct-Ctrl-mean,114,0.000328,73700.0
aMEM_10pct-Ctrl-mean,115,0.00047,81900.0
aMEM_10pct-Ctrl-mean,116,0.00044,90100.0
aMEM_10pct-Ctrl-mean,117,0.000416,98300.0
aMEM_10pct-Ctrl-mean,118,0.000289,106000.0
aMEM_10pct-Ctrl-mean,119,0.000418,115000.0
aMEM_10pct-Ctrl-mean,120,0.000406,123000.0
aMEM_10pct-Ctrl-mean,121,0.000164,131000.0
aMEM_10pct-Ctrl-mean,122,8.8e-05,147000.0
aMEM_10pct-Ctrl-mean,123,3.66e-05,164000.0
aMEM_10pct-Ctrl-mean,124,7.65e-05,180000.0
aMEM_10pct-Ctrl-mean,125,4.91e-05,197000.0
aMEM_10pct-Ctrl-mean,126,3.43e-05,213000.0
aMEM_10pct-Ctrl-mean,127,6.29e-05,229000.0
aMEM_10pct-Ctrl-mean,128,6.07e-05,246000.0
aMEM_10pct-Ctrl-mean,129,4.69e-05,262000.0
aMEM_10pct-Ctrl-mean,130,0.000179,295000.0
aMEM_10pct-Ctrl-mean,131,0.000188,328000.0
aMEM_10pct-Ctrl-mean,132,0.000407,360000.0
aMEM_10pct-Ctrl-mean,133,0.00021,393000.0
aMEM_10pct-Ctrl-mean,134,0.000185,426000.0
aMEM_10pct-Ctrl-mean,135,0.000298,459000.0
aMEM_10pct-Ctrl-mean,136,0.000199,492000.0
aMEM_10pct-Ctrl-mean,137,0.000184,524000.0
aMEM_10pct-Ctrl-mean,138,0.000443,590000.0
aMEM_10pct-Ctrl-mean,139,0.000145,655000.0
aMEM_10pct-Ctrl-mean,140,0.000173,721000.0
aMEM_10pct-Ctrl-mean,141,0.000114,786000.0
aMEM_10pct-Ctrl-mean,142,0.000147,852000.0
aMEM_10pct-Ctrl-mean,143,0.00034,918000.0
aMEM_10pct-Ctrl-mean,144,0.00026,983000.0
aMEM_10pct-Ctrl-mean,145,0.000172,1050000.0
aMEM_10pct-Ctrl-mean,146,0.000375,1180000.0
aMEM_10pct-Ctrl-mean,147,0.000252,1310000.0
aMEM_10pct-Ctrl-mean,148,0.000377,1440000.0
aMEM_10pct-Ctrl-mean,149,0.000349,1570000.0
aMEM_10pct-Ctrl-mean,150,0.000345,1700000.0
aMEM_10pct-Ctrl-mean,151,0.000223,1840000.0
aMEM_10pct-Ctrl-mean,152,8.56e-05,1970000.0
aMEM_10pct-Ctrl-mean,153,0.000606,2100000.0
aMEM_10pct-Ctrl-mean,154,0.0002,2360000.0
aMEM_10pct-Ctrl-mean,155,0.000374,2620000.0
aMEM_10pct-Ctrl-mean,156,0.000264,2880000.0
aMEM_10pct-Ctrl-mean,157,0.000545,3150000.0
aMEM_10pct-Ctrl-mean,158,0.000719,3410000.0
aMEM_10pct-Ctrl-mean,159,0.000394,3670000.0
aMEM_10pct-Ctrl-mean,160,0.000173,3930000.0
aMEM_10pct-Ctrl-mean,161,0.0,4190000.0
aMEM_10pct-Ctrl-mean,162,0.0,4720000.0
aMEM_10pct-Ctrl-mean,163,0.0,5240000.0
aMEM_10pct-Ctrl-mean,164,0.0,5770000.0
aMEM_10pct-Ctrl-mean,165,0.0,6290000.0
aMEM_10pct-Ctrl-mean,166,0.0,6820000.0
aMEM_10pct-Ctrl-mean,167,0.0,7340000.0
aMEM_10pct-Ctrl-mean,168,0.0,7860000.0
aMEM_10pct-Ctrl-mean,169,0.0,8390000.0
aMEM_10pct-Ctrl-mean,170,0.0,9440000.0
aMEM_10pct-Ctrl-mean,171,0.0,10500000.0
aMEM_10pct-Ctrl-mean,172,0.0,11500000.0
aMEM_10pct-Ctrl-mean,173,0.0,12600000.0
aMEM_10pct-Ctrl-mean,174,0.0,13600000.0
aMEM_10pct-Ctrl-mean,175,0.0,14700000.0
aMEM_10pct-Ctrl-mean,176,0.0,15700000.0
aMEM_10pct-Ctrl-mean,177,0.0,16800000.0
aMEM_10pct-Ctrl-mean,178,0.0,18900000.0
aMEM_10pct-Ctrl-mean,179,0.0,21000000.0
aMEM_10pct-Ctrl-mean,180,0.0,23100000.0
aMEM_10pct-Ctrl-mean,181,0.0,25200000.0
aMEM_10pct-Ctrl-mean,182,0.0,27300000.0
aMEM_10pct-Ctrl-mean,183,0.0,29400000.0
aMEM_10pct-Ctrl-mean,184,0.0,31500000.0
aMEM_10pct-Ctrl-mean,185,0.0,33600000.0
aMEM_10pct-Ctrl-mean,186,0.0,37700000.0
aMEM_10pct-Ctrl-mean,187,0.0,41900000.0
aMEM_10pct-Ctrl-mean,188,0.0,46100000.0
aMEM_10pct-Ctrl-mean,189,0.0,50300000.0
aMEM_10pct-Ctrl-mean,190,0.0,54500000.0
aMEM_10pct-Ctrl-mean,191,0.0,58700000.0
aMEM_10pct-Ctrl-mean,192,0.0,62900000.0
aMEM_10pct-k_1s 1,1,0.762,0.5
aMEM_10pct-k_1s 1,2,0.757,1.0
aMEM_10pct-k_1s 1,3,0.744,1.5
aMEM_10pct-k_1s 1,4,0.733,2.0
aMEM_10pct-k_1s 1,5,0.72,2.5
aMEM_10pct-k_1s 1,6,0.706,3.0
aMEM_10pct-k_1s 1,7,0.694,3.5
aMEM_10pct-k_1s 1,8,0.687,4.0
aMEM_10pct-k_1s 1,9,0.674,4.5
aMEM_10pct-k_1s 1,10,0.653,5.5
aMEM_10pct-k_1s 1,11,0.63,6.5
aMEM_10pct-k_1s 1,12,0.61,7.5
aMEM_10pct-k_1s 1,13,0.593,8.5
aMEM_10pct-k_1s 1,14,0.575,9.5
aMEM_10pct-k_1s 1,15,0.559,10.5
aMEM_10pct-k_1s 1,16,0.541,11.5
aMEM_10pct-k_1s 1,17,0.527,12.5
aMEM_10pct-k_1s 1,18,0.499,14.5
aMEM_10pct-k_1s 1,19,0.473,16.5
aMEM_10pct-k_1s 1,20,0.449,18.5
aMEM_10pct-k_1s 1,21,0.426,20.5
aMEM_10pct-k_1s 1,22,0.405,22.5
aMEM_10pct-k_1s 1,23,0.386,24.5
aMEM_10pct-k_1s 1,24,0.369,26.5
aMEM_10pct-k_1s 1,25,0.353,28.5
aMEM_10pct-k_1s 1,26,0.325,32.5
aMEM_10pct-k_1s 1,27,0.299,36.5
aMEM_10pct-k_1s 1,28,0.277,40.5
aMEM_10pct-k_1s 1,29,0.258,44.5
aMEM_10pct-k_1s 1,30,0.24,48.5
aMEM_10pct-k_1s 1,31,0.224,52.5
aMEM_10pct-k_1s 1,32,0.211,56.5
aMEM_10pct-k_1s 1,33,0.197,60.5
aMEM_10pct-k_1s 1,34,0.175,68.5
aMEM_10pct-k_1s 1,35,0.156,76.5
aMEM_10pct-k_1s 1,36,0.139,84.5
aMEM_10pct-k_1s 1,37,0.124,92.5
aMEM_10pct-k_1s 1,38,0.114,101.0
aMEM_10pct-k_1s 1,39,0.103,109.0
aMEM_10pct-k_1s 1,40,0.0942,117.0
aMEM_10pct-k_1s 1,41,0.0862,125.0
aMEM_10pct-k_1s 1,42,0.0721,141.0
aMEM_10pct-k_1s 1,43,0.061,157.0
aMEM_10pct-k_1s 1,44,0.0521,173.0
aMEM_10pct-k_1s 1,45,0.0459,189.0
aMEM_10pct-k_1s 1,46,0.0407,205.0
aMEM_10pct-k_1s 1,47,0.0357,221.0
aMEM_10pct-k_1s 1,48,0.032,237.0
aMEM_10pct-k_1s 1,49,0.0293,253.0
aMEM_10pct-k_1s 1,50,0.0244,285.0
aMEM_10pct-k_1s 1,51,0.0197,317.0
aMEM_10pct-k_1s 1,52,0.0161,349.0
aMEM_10pct-k_1s 1,53,0.0145,381.0
aMEM_10pct-k_1s 1,54,0.0127,413.0
aMEM_10pct-k_1s 1,55,0.0103,445.0
aMEM_10pct-k_1s 1,56,0.00849,477.0
aMEM_10pct-k_1s 1,57,0.00733,509.0
aMEM_10pct-k_1s 1,58,0.00515,573.0
aMEM_10pct-k_1s 1,59,0.00433,637.0
aMEM_10pct-k_1s 1,60,0.00402,701.0
aMEM_10pct-k_1s 1,61,0.00321,765.0
aMEM_10pct-k_1s 1,62,0.00263,829.0
aMEM_10pct-k_1s 1,63,0.0023,893.0
aMEM_10pct-k_1s 1,64,0.00213,957.0
aMEM_10pct-k_1s 1,65,0.00252,1020.0
aMEM_10pct-k_1s 1,66,0.00219,1150.0
aMEM_10pct-k_1s 1,67,0.0014,1280.0
aMEM_10pct-k_1s 1,68,0.000816,1400.0
aMEM_10pct-k_1s 1,69,0.00141,1530.0
aMEM_10pct-k_1s 1,70,0.0013,1660.0
aMEM_10pct-k_1s 1,71,0.00194,1790.0
aMEM_10pct-k_1s 1,72,0.00141,1920.0
aMEM_10pct-k_1s 1,73,0.00147,2040.0
aMEM_10pct-k_1s 1,74,0.00077,2300.0
aMEM_10pct-k_1s 1,75,0.000899,2560.0
aMEM_10pct-k_1s 1,76,0.00122,2810.0
aMEM_10pct-k_1s 1,77,0.00179,3070.0
aMEM_10pct-k_1s 1,78,0.00191,3320.0
aMEM_10pct-k_1s 1,79,0.00123,3580.0
aMEM_10pct-k_1s 1,80,0.00105,3840.0
aMEM_10pct-k_1s 1,81,0.00109,4090.0
aMEM_10pct-k_1s 1,82,0.00104,4600.0
aMEM_10pct-k_1s 1,83,0.00126,5120.0
aMEM_10pct-k_1s 1,84,0.000707,5630.0
aMEM_10pct-k_1s 1,85,0.000617,6140.0
aMEM_10pct-k_1s 1,86,0.000834,6650.0
aMEM_10pct-k_1s 1,87,0.00123,7160.0
aMEM_10pct-k_1s 1,88,0.000757,7680.0
aMEM_10pct-k_1s 1,89,0.00109,8190.0
aMEM_10pct-k_1s 1,90,0.000954,9210.0
aMEM_10pct-k_1s 1,91,0.000556,10200.0
aMEM_10pct-k_1s 1,92,0.000683,11300.0
aMEM_10pct-k_1s 1,93,0.000931,12300.0
aMEM_10pct-k_1s 1,94,0.000866,13300.0
aMEM_10pct-k_1s 1,95,0.00065,14300.0
aMEM_10pct-k_1s 1,96,0.000894,15400.0
aMEM_10pct-k_1s 1,97,0.000516,16400.0
aMEM_10pct-k_1s 1,98,0.000879,18400.0
aMEM_10pct-k_1s 1,99,0.00103,20500.0
aMEM_10pct-k_1s 1,100,0.00111,22500.0
aMEM_10pct-k_1s 1,101,0.000876,24600.0
aMEM_10pct-k_1s 1,102,0.000804,26600.0
aMEM_10pct-k_1s 1,103,0.000957,28700.0
aMEM_10pct-k_1s 1,104,0.00151,30700.0
aMEM_10pct-k_1s 1,105,0.000619,32800.0
aMEM_10pct-k_1s 1,106,0.000453,36900.0
aMEM_10pct-k_1s 1,107,0.000242,41000.0
aMEM_10pct-k_1s 1,108,0.000331,45100.0
aMEM_10pct-k_1s 1,109,0.000239,49100.0
aMEM_10pct-k_1s 1,110,0.000589,53200.0
aMEM_10pct-k_1s 1,111,0.000465,57300.0
aMEM_10pct-k_1s 1,112,0.0004,61400.0
aMEM_10pct-k_1s 1,113,0.000235,65500.0
aMEM_10pct-k_1s 1,114,0.000154,73700.0
aMEM_10pct-k_1s 1,115,0.000359,81900.0
aMEM_10pct-k_1s 1,116,0.00012,90100.0
aMEM_10pct-k_1s 1,117,0.000328,98300.0
aMEM_10pct-k_1s 1,118,0.000291,106000.0
aMEM_10pct-k_1s 1,119,0.000199,115000.0
aMEM_10pct-k_1s 1,120,0.000202,123000.0
aMEM_10pct-k_1s 1,121,0.000122,131000.0
aMEM_10pct-k_1s 1,122,0.000165,147000.0
aMEM_10pct-k_1s 1,123,9.26e-05,164000.0
aMEM_10pct-k_1s 1,124,0.000226,180000.0
aMEM_10pct-k_1s 1,125,0.000188,197000.0
aMEM_10pct-k_1s 1,126,7.89e-05,213000.0
aMEM_10pct-k_1s 1,127,0.000114,229000.0
aMEM_10pct-k_1s 1,128,0.000149,246000.0
aMEM_10pct-k_1s 1,129,0.000153,262000.0
aMEM_10pct-k_1s 1,130,3.02e-05,295000.0
aMEM_10pct-k_1s 1,131,6.86e-05,328000.0
aMEM_10pct-k_1s 1,132,0.000195,360000.0
aMEM_10pct-k_1s 1,133,0.000289,393000.0
aMEM_10pct-k_1s 1,134,0.000309,426000.0
aMEM_10pct-k_1s 1,135,0.000368,459000.0
aMEM_10pct-k_1s 1,136,0.000281,492000.0
aMEM_10pct-k_1s 1,137,0.000284,524000.0
aMEM_10pct-k_1s 1,138,0.000213,590000.0
aMEM_10pct-k_1s 1,139,8.07e-05,655000.0
aMEM_10pct-k_1s 1,140,0.000219,721000.0
aMEM_10pct-k_1s 1,141,0.000195,786000.0
aMEM_10pct-k_1s 1,142,0.000324,852000.0
aMEM_10pct-k_1s 1,143,0.000304,918000.0
aMEM_10pct-k_1s 1,144,2.74e-05,983000.0
aMEM_10pct-k_1s 1,145,0.000506,1050000.0
aMEM_10pct-k_1s 1,146,0.000348,1180000.0
aMEM_10pct-k_1s 1,147,0.000427,1310000.0
aMEM_10pct-k_1s 1,148,0.000823,1440000.0
aMEM_10pct-k_1s 1,149,0.000567,1570000.0
aMEM_10pct-k_1s 1,150,0.000432,1700000.0
aMEM_10pct-k_1s 1,151,0.000705,1840000.0
aMEM_10pct-k_1s 1,152,0.000324,1970000.0
aMEM_10pct-k_1s 1,153,0.000436,2100000.0
aMEM_10pct-k_1s 1,154,0.000513,2360000.0
aMEM_10pct-k_1s 1,155,0.000624,2620000.0
aMEM_10pct-k_1s 1,156,0.000812,2880000.0
aMEM_10pct-k_1s 1,157,0.000352,3150000.0
aMEM_10pct-k_1s 1,158,0.00065,3410000.0
aMEM_10pct-k_1s 1,159,0.00057,3670000.0
aMEM_10pct-k_1s 1,160,0.000324,3930000.0
aMEM_10pct-k_1s 1,161,0.0,4190000.0
aMEM_10pct-k_1s 1,162,0.0,4720000.0
aMEM_10pct-k_1s 1,163,0.0,5240000.0
aMEM_10pct-k_1s 1,164,0.0,5770000.0
aMEM_10pct-k_1s 1,165,0.0,6290000.0
aMEM_10pct-k_1s 1,166,0.0,6820000.0
aMEM_10pct-k_1s 1,167,0.0,7340000.0
aMEM_10pct-k_1s 1,168,0.0,7860000.0
aMEM_10pct-k_1s 1,169,0.0,8390000.0
aMEM_10pct-k_1s 1,170,0.0,9440000.0
aMEM_10pct-k_1s 1,171,0.0,10500000.0
aMEM_10pct-k_1s 1,172,0.0,11500000.0
aMEM_10pct-k_1s 1,173,0.0,12600000.0
aMEM_10pct-k_1s 1,174,0.0,13600000.0
aMEM_10pct-k_1s 1,175,0.0,14700000.0
aMEM_10pct-k_1s 1,176,0.0,15700000.0
aMEM_10pct-k_1s 1,177,0.0,16800000.0
aMEM_10pct-k_1s 1,178,0.0,18900000.0
aMEM_10pct-k_1s 1,179,0.0,21000000.0
aMEM_10pct-k_1s 1,180,0.0,23100000.0
aMEM_10pct-k_1s 1,181,0.0,25200000.0
aMEM_10pct-k_1s 1,182,0.0,27300000.0
aMEM_10pct-k_1s 1,183,0.0,29400000.0
aMEM_10pct-k_1s 1,184,0.0,31500000.0
aMEM_10pct-k_1s 1,185,0.0,33600000.0
aMEM_10pct-k_1s 1,186,0.0,37700000.0
aMEM_10pct-k_1s 1,187,0.0,41900000.0
aMEM_10pct-k_1s 1,188,0.0,46100000.0
aMEM_10pct-k_1s 1,189,0.0,50300000.0
aMEM_10pct-k_1s 1,190,0.0,54500000.0
aMEM_10pct-k_1s 1,191,0.0,58700000.0
aMEM_10pct-k_1s 1,192,0.0,62900000.0
aMEM_10pct-k_1s 2,1,0.765,0.5
aMEM_10pct-k_1s 2,2,0.762,1.0
aMEM_10pct-k_1s 2,3,0.747,1.5
aMEM_10pct-k_1s 2,4,0.736,2.0
aMEM_10pct-k_1s 2,5,0.723,2.5
aMEM_10pct-k_1s 2,6,0.706,3.0
aMEM_10pct-k_1s 2,7,0.696,3.5
aMEM_10pct-k_1s 2,8,0.682,4.0
aMEM_10pct-k_1s 2,9,0.672,4.5
aMEM_10pct-k_1s 2,10,0.65,5.5
aMEM_10pct-k_1s 2,11,0.628,6.5
aMEM_10pct-k_1s 2,12,0.607,7.5
aMEM_10pct-k_1s 2,13,0.587,8.5
aMEM_10pct-k_1s 2,14,0.569,9.5
aMEM_10pct-k_1s 2,15,0.552,10.5
aMEM_10pct-k_1s 2,16,0.537,11.5
aMEM_10pct-k_1s 2,17,0.52,12.5
aMEM_10pct-k_1s 2,18,0.491,14.5
aMEM_10pct-k_1s 2,19,0.464,16.5
aMEM_10pct-k_1s 2,20,0.44,18.5
aMEM_10pct-k_1s 2,21,0.419,20.5
aMEM_10pct-k_1s 2,22,0.398,22.5
aMEM_10pct-k_1s 2,23,0.38,24.5
aMEM_10pct-k_1s 2,24,0.361,26.5
aMEM_10pct-k_1s 2,25,0.346,28.5
aMEM_10pct-k_1s 2,26,0.317,32.5
aMEM_10pct-k_1s 2,27,0.292,36.5
aMEM_10pct-k_1s 2,28,0.268,40.5
aMEM_10pct-k_1s 2,29,0.25,44.5
aMEM_10pct-k_1s 2,30,0.233,48.5
aMEM_10pct-k_1s 2,31,0.216,52.5
aMEM_10pct-k_1s 2,32,0.203,56.5
aMEM_10pct-k_1s 2,33,0.191,60.5
aMEM_10pct-k_1s 2,34,0.168,68.5
aMEM_10pct-k_1s 2,35,0.15,76.5
aMEM_10pct-k_1s 2,36,0.134,84.5
aMEM_10pct-k_1s 2,37,0.122,92.5
aMEM_10pct-k_1s 2,38,0.11,101.0
aMEM_10pct-k_1s 2,39,0.0999,109.0
aMEM_10pct-k_1s 2,40,0.0909,117.0
aMEM_10pct-k_1s 2,41,0.0831,125.0
aMEM_10pct-k_1s 2,42,0.07,141.0
aMEM_10pct-k_1s 2,43,0.0605,157.0
aMEM_10pct-k_1s 2,44,0.0525,173.0
aMEM_10pct-k_1s 2,45,0.0458,189.0
aMEM_10pct-k_1s 2,46,0.0404,205.0
aMEM_10pct-k_1s 2,47,0.036,221.0
aMEM_10pct-k_1s 2,48,0.0321,237.0
aMEM_10pct-k_1s 2,49,0.0288,253.0
aMEM_10pct-k_1s 2,50,0.0239,285.0
aMEM_10pct-k_1s 2,51,0.0204,317.0
aMEM_10pct-k_1s 2,52,0.0177,349.0
aMEM_10pct-k_1s 2,53,0.0145,381.0
aMEM_10pct-k_1s 2,54,0.0116,413.0
aMEM_10pct-k_1s 2,55,0.0108,445.0
aMEM_10pct-k_1s 2,56,0.00975,477.0
aMEM_10pct-k_1s 2,57,0.00872,509.0
aMEM_10pct-k_1s 2,58,0.00727,573.0
aMEM_10pct-k_1s 2,59,0.00551,637.0
aMEM_10pct-k_1s 2,60,0.00481,701.0
aMEM_10pct-k_1s 2,61,0.00432,765.0
aMEM_10pct-k_1s 2,62,0.00373,829.0
aMEM_10pct-k_1s 2,63,0.00407,893.0
aMEM_10pct-k_1s 2,64,0.00334,957.0
aMEM_10pct-k_1s 2,65,0.00295,1020.0
aMEM_10pct-k_1s 2,66,0.00198,1150.0
aMEM_10pct-k_1s 2,67,0.00228,1280.0
aMEM_10pct-k_1s 2,68,0.00251,1400.0
aMEM_10pct-k_1s 2,69,0.00242,1530.0
aMEM_10pct-k_1s 2,70,0.00281,1660.0
aMEM_10pct-k_1s 2,71,0.00306,1790.0
aMEM_10pct-k_1s 2,72,0.00236,1920.0
aMEM_10pct-k_1s 2,73,0.00214,2040.0
aMEM_10pct-k_1s 2,74,0.00196,2300.0
aMEM_10pct-k_1s 2,75,0.00208,2560.0
aMEM_10pct-k_1s 2,76,0.00228,2810.0
aMEM_10pct-k_1s 2,77,0.00193,3070.0
aMEM_10pct-k_1s 2,78,0.00198,3320.0
aMEM_10pct-k_1s 2,79,0.00191,3580.0
aMEM_10pct-k_1s 2,80,0.00196,3840.0
aMEM_10pct-k_1s 2,81,0.00184,4090.0
aMEM_10pct-k_1s 2,82,0.00121,4600.0
aMEM_10pct-k_1s 2,83,0.00125,5120.0
aMEM_10pct-k_1s 2,84,0.00163,5630.0
aMEM_10pct-k_1s 2,85,0.00208,6140.0
aMEM_10pct-k_1s 2,86,0.00225,6650.0
aMEM_10pct-k_1s 2,87,0.00215,7160.0
aMEM_10pct-k_1s 2,88,0.002,7680.0
aMEM_10pct-k_1s 2,89,0.00141,8190.0
aMEM_10pct-k_1s 2,90,0.00132,9210.0
aMEM_10pct-k_1s 2,91,0.00147,10200.0
aMEM_10pct-k_1s 2,92,0.00174,11300.0
aMEM_10pct-k_1s 2,93,0.00151,12300.0
aMEM_10pct-k_1s 2,94,0.0019,13300.0
aMEM_10pct-k_1s 2,95,0.00173,14300.0
aMEM_10pct-k_1s 2,96,0.00169,15400.0
aMEM_10pct-k_1s 2,97,0.00167,16400.0
aMEM_10pct-k_1s 2,98,0.0016,18400.0
aMEM_10pct-k_1s 2,99,0.00198,20500.0
aMEM_10pct-k_1s 2,100,0.00148,22500.0
aMEM_10pct-k_1s 2,101,0.00157,24600.0
aMEM_10pct-k_1s 2,102,0.00126,26600.0
aMEM_10pct-k_1s 2,103,0.0013,28700.0
aMEM_10pct-k_1s 2,104,0.00145,30700.0
aMEM_10pct-k_1s 2,105,0.00133,32800.0
aMEM_10pct-k_1s 2,106,0.0012,36900.0
aMEM_10pct-k_1s 2,107,0.00146,41000.0
aMEM_10pct-k_1s 2,108,0.00129,45100.0
aMEM_10pct-k_1s 2,109,0.001,49100.0
aMEM_10pct-k_1s 2,110,0.00124,53200.0
aMEM_10pct-k_1s 2,111,0.00109,57300.0
aMEM_10pct-k_1s 2,112,0.00114,61400.0
aMEM_10pct-k_1s 2,113,0.000865,65500.0
aMEM_10pct-k_1s 2,114,0.000637,73700.0
aMEM_10pct-k_1s 2,115,0.000542,81900.0
aMEM_10pct-k_1s 2,116,0.00078,90100.0
aMEM_10pct-k_1s 2,117,0.000573,98300.0
aMEM_10pct-k_1s 2,118,0.00061,106000.0
aMEM_10pct-k_1s 2,119,0.000481,115000.0
aMEM_10pct-k_1s 2,120,0.000394,123000.0
aMEM_10pct-k_1s 2,121,0.000304,131000.0
aMEM_10pct-k_1s 2,122,0.000174,147000.0
aMEM_10pct-k_1s 2,123,0.000143,164000.0
aMEM_10pct-k_1s 2,124,8.13e-05,180000.0
aMEM_10pct-k_1s 2,125,3.36e-05,197000.0
aMEM_10pct-k_1s 2,126,7.68e-05,213000.0
aMEM_10pct-k_1s 2,127,3.93e-05,229000.0
aMEM_10pct-k_1s 2,128,8.81e-05,246000.0
aMEM_10pct-k_1s 2,129,0.000106,262000.0
aMEM_10pct-k_1s 2,130,3.31e-05,295000.0
aMEM_10pct-k_1s 2,131,2.41e-05,328000.0
aMEM_10pct-k_1s 2,132,7.79e-05,360000.0
aMEM_10pct-k_1s 2,133,7.84e-05,393000.0
aMEM_10pct-k_1s 2,134,0.000138,426000.0
aMEM_10pct-k_1s 2,135,0.00012,459000.0
aMEM_10pct-k_1s 2,136,6.97e-05,492000.0
aMEM_10pct-k_1s 2,137,7.28e-05,524000.0
aMEM_10pct-k_1s 2,138,0.000118,590000.0
aMEM_10pct-k_1s 2,139,0.000145,655000.0
aMEM_10pct-k_1s 2,140,0.000273,721000.0
aMEM_10pct-k_1s 2,141,0.000113,786000.0
aMEM_10pct-k_1s 2,142,7.68e-05,852000.0
aMEM_10pct-k_1s 2,143,0.000243,918000.0
aMEM_10pct-k_1s 2,144,0.000213,983000.0
aMEM_10pct-k_1s 2,145,0.000215,1050000.0
aMEM_10pct-k_1s 2,146,0.000262,1180000.0
aMEM_10pct-k_1s 2,147,0.000143,1310000.0
aMEM_10pct-k_1s 2,148,0.000159,1440000.0
aMEM_10pct-k_1s 2,149,0.000199,1570000.0
aMEM_10pct-k_1s 2,150,0.000177,1700000.0
aMEM_10pct-k_1s 2,151,0.000119,1840000.0
aMEM_10pct-k_1s 2,152,0.000212,1970000.0
aMEM_10pct-k_1s 2,153,0.00044,2100000.0
aMEM_10pct-k_1s 2,154,0.000455,2360000.0
aMEM_10pct-k_1s 2,155,0.000194,2620000.0
aMEM_10pct-k_1s 2,156,0.000384,2880000.0
aMEM_10pct-k_1s 2,157,0.000258,3150000.0
aMEM_10pct-k_1s 2,158,0.000411,3410000.0
aMEM_10pct-k_1s 2,159,0.000589,3670000.0
aMEM_10pct-k_1s 2,160,0.000226,3930000.0
aMEM_10pct-k_1s 2,161,0.0,4190000.0
aMEM_10pct-k_1s 2,162,0.0,4720000.0
aMEM_10pct-k_1s 2,163,0.0,5240000.0
aMEM_10pct-k_1s 2,164,0.0,5770000.0
aMEM_10pct-k_1s 2,165,0.0,6290000.0
aMEM_10pct-k_1s 2,166,0.0,6820000.0
aMEM_10pct-k_1s 2,167,0.0,7340000.0
aMEM_10pct-k_1s 2,168,0.0,7860000.0
aMEM_10pct-k_1s 2,169,0.0,8390000.0
aMEM_10pct-k_1s 2,170,0.0,9440000.0
aMEM_10pct-k_1s 2,171,0.0,10500000.0
aMEM_10pct-k_1s 2,172,0.0,11500000.0
aMEM_10pct-k_1s 2,173,0.0,12600000.0
aMEM_10pct-k_1s 2,174,0.0,13600000.0
aMEM_10pct-k_1s 2,175,0.0,14700000.0
aMEM_10pct-k_1s 2,176,0.0,15700000.0
aMEM_10pct-k_1s 2,177,0.0,16800000.0
aMEM_10pct-k_1s 2,178,0.0,18900000.0
aMEM_10pct-k_1s 2,179,0.0,21000000.0
aMEM_10pct-k_1s 2,180,0.0,23100000.0
aMEM_10pct-k_1s 2,181,0.0,25200000.0
aMEM_10pct-k_1s 2,182,0.0,27300000.0
aMEM_10pct-k_1s 2,183,0.0,29400000.0
aMEM_10pct-k_1s 2,184,0.0,31500000.0
aMEM_10pct-k_1s 2,185,0.0,33600000.0
aMEM_10pct-k_1s 2,186,0.0,37700000.0
aMEM_10pct-k_1s 2,187,0.0,41900000.0
aMEM_10pct-k_1s 2,188,0.0,46100000.0
aMEM_10pct-k_1s 2,189,0.0,50300000.0
aMEM_10pct-k_1s 2,190,0.0,54500000.0
aMEM_10pct-k_1s 2,191,0.0,58700000.0
aMEM_10pct-k_1s 2,192,0.0,62900000.0
aMEM_10pct-k_1s 3,1,0.752,0.5
aMEM_10pct-k_1s 3,2,0.751,1.0
aMEM_10pct-k_1s 3,3,0.737,1.5
aMEM_10pct-k_1s 3,4,0.721,2.0
aMEM_10pct-k_1s 3,5,0.709,2.5
aMEM_10pct-k_1s 3,6,0.698,3.0
aMEM_10pct-k_1s 3,7,0.686,3.5
aMEM_10pct-k_1s 3,8,0.67,4.0
aMEM_10pct-k_1s 3,9,0.66,4.5
aMEM_10pct-k_1s 3,10,0.638,5.5
aMEM_10pct-k_1s 3,11,0.614,6.5
aMEM_10pct-k_1s 3,12,0.595,7.5
aMEM_10pct-k_1s 3,13,0.577,8.5
aMEM_10pct-k_1s 3,14,0.556,9.5
aMEM_10pct-k_1s 3,15,0.54,10.5
aMEM_10pct-k_1s 3,16,0.525,11.5
aMEM_10pct-k_1s 3,17,0.51,12.5
aMEM_10pct-k_1s 3,18,0.479,14.5
aMEM_10pct-k_1s 3,19,0.454,16.5
aMEM_10pct-k_1s 3,20,0.43,18.5
aMEM_10pct-k_1s 3,21,0.406,20.5
aMEM_10pct-k_1s 3,22,0.387,22.5
aMEM_10pct-k_1s 3,23,0.367,24.5
aMEM_10pct-k_1s 3,24,0.351,26.5
aMEM_10pct-k_1s 3,25,0.335,28.5
aMEM_10pct-k_1s 3,26,0.306,32.5
aMEM_10pct-k_1s 3,27,0.28,36.5
aMEM_10pct-k_1s 3,28,0.258,40.5
aMEM_10pct-k_1s 3,29,0.239,44.5
aMEM_10pct-k_1s 3,30,0.222,48.5
aMEM_10pct-k_1s 3,31,0.206,52.5
aMEM_10pct-k_1s 3,32,0.193,56.5
aMEM_10pct-k_1s 3,33,0.181,60.5
aMEM_10pct-k_1s 3,34,0.16,68.5
aMEM_10pct-k_1s 3,35,0.141,76.5
aMEM_10pct-k_1s 3,36,0.126,84.5
aMEM_10pct-k_1s 3,37,0.114,92.5
aMEM_10pct-k_1s 3,38,0.102,101.0
aMEM_10pct-k_1s 3,39,0.0929,109.0
aMEM_10pct-k_1s 3,40,0.0844,117.0
aMEM_10pct-k_1s 3,41,0.0777,125.0
aMEM_10pct-k_1s 3,42,0.0658,141.0
aMEM_10pct-k_1s 3,43,0.0557,157.0
aMEM_10pct-k_1s 3,44,0.0477,173.0
aMEM_10pct-k_1s 3,45,0.0415,189.0
aMEM_10pct-k_1s 3,46,0.0365,205.0
aMEM_10pct-k_1s 3,47,0.0316,221.0
aMEM_10pct-k_1s 3,48,0.0278,237.0
aMEM_10pct-k_1s 3,49,0.0247,253.0
aMEM_10pct-k_1s 3,50,0.0202,285.0
aMEM_10pct-k_1s 3,51,0.0172,317.0
aMEM_10pct-k_1s 3,52,0.0141,349.0
aMEM_10pct-k_1s 3,53,0.0119,381.0
aMEM_10pct-k_1s 3,54,0.0101,413.0
aMEM_10pct-k_1s 3,55,0.00883,445.0
aMEM_10pct-k_1s 3,56,0.00792,477.0
aMEM_10pct-k_1s 3,57,0.00731,509.0
aMEM_10pct-k_1s 3,58,0.00561,573.0
aMEM_10pct-k_1s 3,59,0.00449,637.0
aMEM_10pct-k_1s 3,60,0.00294,701.0
aMEM_10pct-k_1s 3,61,0.00243,765.0
aMEM_10pct-k_1s 3,62,0.00217,829.0
aMEM_10pct-k_1s 3,63,0.00215,893.0
aMEM_10pct-k_1s 3,64,0.00211,957.0
aMEM_10pct-k_1s 3,65,0.00181,1020.0
aMEM_10pct-k_1s 3,66,0.00142,1150.0
aMEM_10pct-k_1s 3,67,0.00129,1280.0
aMEM_10pct-k_1s 3,68,0.000948,1400.0
aMEM_10pct-k_1s 3,69,0.00144,1530.0
aMEM_10pct-k_1s 3,70,0.00119,1660.0
aMEM_10pct-k_1s 3,71,0.0015,1790.0
aMEM_10pct-k_1s 3,72,0.00114,1920.0
aMEM_10pct-k_1s 3,73,0.0014,2040.0
aMEM_10pct-k_1s 3,74,0.00116,2300.0
aMEM_10pct-k_1s 3,75,0.00079,2560.0
aMEM_10pct-k_1s 3,76,0.000809,2810.0
aMEM_10pct-k_1s 3,77,0.00111,3070.0
aMEM_10pct-k_1s 3,78,0.00129,3320.0
aMEM_10pct-k_1s 3,79,0.00124,3580.0
aMEM_10pct-k_1s 3,80,0.000948,3840.0
aMEM_10pct-k_1s 3,81,0.00106,4090.0
aMEM_10pct-k_1s 3,82,0.000725,4600.0
aMEM_10pct-k_1s 3,83,0.000955,5120.0
aMEM_10pct-k_1s 3,84,0.000685,5630.0
aMEM_10pct-k_1s 3,85,0.000798,6140.0
aMEM_10pct-k_1s 3,86,0.000385,6650.0
aMEM_10pct-k_1s 3,87,0.00153,7160.0
aMEM_10pct-k_1s 3,88,0.00134,7680.0
aMEM_10pct-k_1s 3,89,0.000433,8190.0
aMEM_10pct-k_1s 3,90,0.000766,9210.0
aMEM_10pct-k_1s 3,91,0.000816,10200.0
aMEM_10pct-k_1s 3,92,0.00084,11300.0
aMEM_10pct-k_1s 3,93,0.000667,12300.0
aMEM_10pct-k_1s 3,94,0.000673,13300.0
aMEM_10pct-k_1s 3,95,0.000849,14300.0
aMEM_10pct-k_1s 3,96,0.000587,15400.0
aMEM_10pct-k_1s 3,97,0.000784,16400.0
aMEM_10pct-k_1s 3,98,0.000633,18400.0
aMEM_10pct-k_1s 3,99,0.000759,20500.0
aMEM_10pct-k_1s 3,100,0.000618,22500.0
aMEM_10pct-k_1s 3,101,0.000528,24600.0
aMEM_10pct-k_1s 3,102,0.000686,26600.0
aMEM_10pct-k_1s 3,103,0.000725,28700.0
aMEM_10pct-k_1s 3,104,0.00105,30700.0
aMEM_10pct-k_1s 3,105,0.000536,32800.0
aMEM_10pct-k_1s 3,106,0.000554,36900.0
aMEM_10pct-k_1s 3,107,0.000506,41000.0
aMEM_10pct-k_1s 3,108,0.000526,45100.0
aMEM_10pct-k_1s 3,109,0.00036,49100.0
aMEM_10pct-k_1s 3,110,0.000703,53200.0
aMEM_10pct-k_1s 3,111,0.000712,57300.0
aMEM_10pct-k_1s 3,112,0.000794,61400.0
aMEM_10pct-k_1s 3,113,0.000591,65500.0
aMEM_10pct-k_1s 3,114,0.00034,73700.0
aMEM_10pct-k_1s 3,115,0.000302,81900.0
aMEM_10pct-k_1s 3,116,0.000224,90100.0
aMEM_10pct-k_1s 3,117,0.000317,98300.0
aMEM_10pct-k_1s 3,118,0.000365,106000.0
aMEM_10pct-k_1s 3,119,0.000356,115000.0
aMEM_10pct-k_1s 3,120,0.000264,123000.0
aMEM_10pct-k_1s 3,121,0.000299,131000.0
aMEM_10pct-k_1s 3,122,0.000222,147000.0
aMEM_10pct-k_1s 3,123,0.000169,164000.0
aMEM_10pct-k_1s 3,124,0.000146,180000.0
aMEM_10pct-k_1s 3,125,0.000175,197000.0
aMEM_10pct-k_1s 3,126,0.000137,213000.0
aMEM_10pct-k_1s 3,127,0.00017,229000.0
aMEM_10pct-k_1s 3,128,0.00011,246000.0
aMEM_10pct-k_1s 3,129,0.000206,262000.0
aMEM_10pct-k_1s 3,130,0.000249,295000.0
aMEM_10pct-k_1s 3,131,0.000155,328000.0
aMEM_10pct-k_1s 3,132,0.000407,360000.0
aMEM_10pct-k_1s 3,133,0.000208,393000.0
aMEM_10pct-k_1s 3,134,0.000452,426000.0
aMEM_10pct-k_1s 3,135,0.000459,459000.0
aMEM_10pct-k_1s 3,136,0.000665,492000.0
aMEM_10pct-k_1s 3,137,0.000304,524000.0
aMEM_10pct-k_1s 3,138,0.00044,590000.0
aMEM_10pct-k_1s 3,139,0.000435,655000.0
aMEM_10pct-k_1s 3,140,0.000384,721000.0
aMEM_10pct-k_1s 3,141,0.00061,786000.0
aMEM_10pct-k_1s 3,142,0.000266,852000.0
aMEM_10pct-k_1s 3,143,0.000191,918000.0
aMEM_10pct-k_1s 3,144,0.000309,983000.0
aMEM_10pct-k_1s 3,145,0.000184,1050000.0
aMEM_10pct-k_1s 3,146,0.000159,1180000.0
aMEM_10pct-k_1s 3,147,0.000324,1310000.0
aMEM_10pct-k_1s 3,148,0.000375,1440000.0
aMEM_10pct-k_1s 3,149,0.000194,1570000.0
aMEM_10pct-k_1s 3,150,0.000469,1700000.0
aMEM_10pct-k_1s 3,151,0.000383,1840000.0
aMEM_10pct-k_1s 3,152,0.00036,1970000.0
aMEM_10pct-k_1s 3,153,0.000262,2100000.0
aMEM_10pct-k_1s 3,154,0.000394,2360000.0
aMEM_10pct-k_1s 3,155,0.000357,2620000.0
aMEM_10pct-k_1s 3,156,7.27e-05,2880000.0
aMEM_10pct-k_1s 3,157,0.000343,3150000.0
aMEM_10pct-k_1s 3,158,0.000292,3410000.0
aMEM_10pct-k_1s 3,159,0.000154,3670000.0
aMEM_10pct-k_1s 3,160,0.000346,3930000.0
aMEM_10pct-k_1s 3,161,0.0,4190000.0
aMEM_10pct-k_1s 3,162,0.0,4720000.0
aMEM_10pct-k_1s 3,163,0.0,5240000.0
aMEM_10pct-k_1s 3,164,0.0,5770000.0
aMEM_10pct-k_1s 3,165,0.0,6290000.0
aMEM_10pct-k_1s 3,166,0.0,6820000.0
aMEM_10pct-k_1s 3,167,0.0,7340000.0
aMEM_10pct-k_1s 3,168,0.0,7860000.0
aMEM_10pct-k_1s 3,169,0.0,8390000.0
aMEM_10pct-k_1s 3,170,0.0,9440000.0
aMEM_10pct-k_1s 3,171,0.0,10500000.0
aMEM_10pct-k_1s 3,172,0.0,11500000.0
aMEM_10pct-k_1s 3,173,0.0,12600000.0
aMEM_10pct-k_1s 3,174,0.0,13600000.0
aMEM_10pct-k_1s 3,175,0.0,14700000.0
aMEM_10pct-k_1s 3,176,0.0,15700000.0
aMEM_10pct-k_1s 3,177,0.0,16800000.0
aMEM_10pct-k_1s 3,178,0.0,18900000.0
aMEM_10pct-k_1s 3,179,0.0,21000000.0
aMEM_10pct-k_1s 3,180,0.0,23100000.0
aMEM_10pct-k_1s 3,181,0.0,25200000.0
aMEM_10pct-k_1s 3,182,0.0,27300000.0
aMEM_10pct-k_1s 3,183,0.0,29400000.0
aMEM_10pct-k_1s 3,184,0.0,31500000.0
aMEM_10pct-k_1s 3,185,0.0,33600000.0
aMEM_10pct-k_1s 3,186,0.0,37700000.0
aMEM_10pct-k_1s 3,187,0.0,41900000.0
aMEM_10pct-k_1s 3,188,0.0,46100000.0
aMEM_10pct-k_1s 3,189,0.0,50300000.0
aMEM_10pct-k_1s 3,190,0.0,54500000.0
aMEM_10pct-k_1s 3,191,0.0,58700000.0
aMEM_10pct-k_1s 3,192,0.0,62900000.0
aMEM_10pct-k_1s-mean,1,0.762,0.5
aMEM_10pct-k_1s-mean,2,0.757,1.0
aMEM_10pct-k_1s-mean,3,0.744,1.5
aMEM_10pct-k_1s-mean,4,0.733,2.0
aMEM_10pct-k_1s-mean,5,0.72,2.5
aMEM_10pct-k_1s-mean,6,0.706,3.0
aMEM_10pct-k_1s-mean,7,0.694,3.5
aMEM_10pct-k_1s-mean,8,0.687,4.0
aMEM_10pct-k_1s-mean,9,0.674,4.5
aMEM_10pct-k_1s-mean,10,0.653,5.5
aMEM_10pct-k_1s-mean,11,0.63,6.5
aMEM_10pct-k_1s-mean,12,0.61,7.5
aMEM_10pct-k_1s-mean,13,0.593,8.5
aMEM_10pct-k_1s-mean,14,0.575,9.5
aMEM_10pct-k_1s-mean,15,0.559,10.5
aMEM_10pct-k_1s-mean,16,0.541,11.5
aMEM_10pct-k_1s-mean,17,0.527,12.5
aMEM_10pct-k_1s-mean,18,0.499,14.5
aMEM_10pct-k_1s-mean,19,0.473,16.5
aMEM_10pct-k_1s-mean,20,0.449,18.5
aMEM_10pct-k_1s-mean,21,0.426,20.5
aMEM_10pct-k_1s-mean,22,0.405,22.5
aMEM_10pct-k_1s-mean,23,0.386,24.5
aMEM_10pct-k_1s-mean,24,0.369,26.5
aMEM_10pct-k_1s-mean,25,0.353,28.5
aMEM_10pct-k_1s-mean,26,0.325,32.5
aMEM_10pct-k_1s-mean,27,0.299,36.5
aMEM_10pct-k_1s-mean,28,0.277,40.5
aMEM_10pct-k_1s-mean,29,0.258,44.5
aMEM_10pct-k_1s-mean,30,0.24,48.5
aMEM_10pct-k_1s-mean,31,0.224,52.5
aMEM_10pct-k_1s-mean,32,0.211,56.5
aMEM_10pct-k_1s-mean,33,0.197,60.5
aMEM_10pct-k_1s-mean,34,0.175,68.5
aMEM_10pct-k_1s-mean,35,0.156,76.5
aMEM_10pct-k_1s-mean,36,0.139,84.5
aMEM_10pct-k_1s-mean,37,0.124,92.5
aMEM_10pct-k_1s-mean,38,0.114,101.0
aMEM_10pct-k_1s-mean,39,0.103,109.0
aMEM_10pct-k_1s-mean,40,0.0942,117.0
aMEM_10pct-k_1s-mean,41,0.0862,125.0
aMEM_10pct-k_1s-mean,42,0.0721,141.0
aMEM_10pct-k_1s-mean,43,0.061,157.0
aMEM_10pct-k_1s-mean,44,0.0521,173.0
aMEM_10pct-k_1s-mean,45,0.0459,189.0
aMEM_10pct-k_1s-mean,46,0.0407,205.0
aMEM_10pct-k_1s-mean,47,0.0357,221.0
aMEM_10pct-k_1s-mean,48,0.032,237.0
aMEM_10pct-k_1s-mean,49,0.0293,253.0
aMEM_10pct-k_1s-mean,50,0.0244,285.0
aMEM_10pct-k_1s-mean,51,0.0197,317.0
aMEM_10pct-k_1s-mean,52,0.0161,349.0
aMEM_10pct-k_1s-mean,53,0.0145,381.0
aMEM_10pct-k_1s-mean,54,0.0127,413.0
aMEM_10pct-k_1s-mean,55,0.0103,445.0
aMEM_10pct-k_1s-mean,56,0.00849,477.0
aMEM_10pct-k_1s-mean,57,0.00733,509.0
aMEM_10pct-k_1s-mean,58,0.00515,573.0
aMEM_10pct-k_1s-mean,59,0.00433,637.0
aMEM_10pct-k_1s-mean,60,0.00402,701.0
aMEM_10pct-k_1s-mean,61,0.00321,765.0
aMEM_10pct-k_1s-mean,62,0.00263,829.0
aMEM_10pct-k_1s-mean,63,0.0023,893.0
aMEM_10pct-k_1s-mean,64,0.00213,957.0
aMEM_10pct-k_1s-mean,65,0.00252,1020.0
aMEM_10pct-k_1s-mean,66,0.00219,1150.0
aMEM_10pct-k_1s-mean,67,0.0014,1280.0
aMEM_10pct-k_1s-mean,68,0.000816,1400.0
aMEM_10pct-k_1s-mean,69,0.00141,1530.0
aMEM_10pct-k_1s-mean,70,0.0013,1660.0
aMEM_10pct-k_1s-mean,71,0.00194,1790.0
aMEM_10pct-k_1s-mean,72,0.00141,1920.0
aMEM_10pct-k_1s-mean,73,0.00147,2040.0
aMEM_10pct-k_1s-mean,74,0.00077,2300.0
aMEM_10pct-k_1s-mean,75,0.000899,2560.0
aMEM_10pct-k_1s-mean,76,0.00122,2810.0
aMEM_10pct-k_1s-mean,77,0.00179,3070.0
aMEM_10pct-k_1s-mean,78,0.00191,3320.0
aMEM_10pct-k_1s-mean,79,0.00123,3580.0
aMEM_10pct-k_1s-mean,80,0.00105,3840.0
aMEM_10pct-k_1s-mean,81,0.00109,4090.0
aMEM_10pct-k_1s-mean,82,0.00104,4600.0
aMEM_10pct-k_1s-mean,83,0.00126,5120.0
aMEM_10pct-k_1s-mean,84,0.000707,5630.0
aMEM_10pct-k_1s-mean,85,0.000617,6140.0
aMEM_10pct-k_1s-mean,86,0.000834,6650.0
aMEM_10pct-k_1s-mean,87,0.00123,7160.0
aMEM_10pct-k_1s-mean,88,0.000757,7680.0
aMEM_10pct-k_1s-mean,89,0.00109,8190.0
aMEM_10pct-k_1s-mean,90,0.000954,9210.0
aMEM_10pct-k_1s-mean,91,0.000556,10200.0
aMEM_10pct-k_1s-mean,92,0.000683,11300.0
aMEM_10pct-k_1s-mean,93,0.000931,12300.0
aMEM_10pct-k_1s-mean,94,0.000866,13300.0
aMEM_10pct-k_1s-mean,95,0.00065,14300.0
aMEM_10pct-k_1s-mean,96,0.000894,15400.0
aMEM_10pct-k_1s-mean,97,0.000516,16400.0
aMEM_10pct-k_1s-mean,98,0.000879,18400.0
aMEM_10pct-k_1s-mean,99,0.00103,20500.0
aMEM_10pct-k_1s-mean,100,0.00111,22500.0
aMEM_10pct-k_1s-mean,101,0.000876,24600.0
aMEM_10pct-k_1s-mean,102,0.000804,26600.0
aMEM_10pct-k_1s-mean,103,0.000957,28700.0
aMEM_10pct-k_1s-mean,104,0.00151,30700.0
aMEM_10pct-k_1s-mean,105,0.000619,32800.0
aMEM_10pct-k_1s-mean,106,0.000453,36900.0
aMEM_10pct-k_1s-mean,107,0.000242,41000.0
aMEM_10pct-k_1s-mean,108,0.000331,45100.0
aMEM_10pct-k_1s-mean,109,0.000239,49100.0
aMEM_10pct-k_1s-mean,110,0.000589,53200.0
aMEM_10pct-k_1s-mean,111,0.000465,57300.0
aMEM_10pct-k_1s-mean,112,0.0004,61400.0
aMEM_10pct-k_1s-mean,113,0.000235,65500.0
aMEM_10pct-k_1s-mean,114,0.000154,73700.0
aMEM_10pct-k_1s-mean,115,0.000359,81900.0
aMEM_10pct-k_1s-mean,116,0.00012,90100.0
aMEM_10pct-k_1s-mean,117,0.000328,98300.0
aMEM_10pct-k_1s-mean,118,0.000291,106000.0
aMEM_10pct-k_1s-mean,119,0.000199,115000.0
aMEM_10pct-k_1s-mean,120,0.000202,123000.0
aMEM_10pct-k_1s-mean,121,0.000122,131000.0
aMEM_10pct-k_1s-mean,122,0.000165,147000.0
aMEM_10pct-k_1s-mean,123,9.26e-05,164000.0
aMEM_10pct-k_1s-mean,124,0.000226,180000.0
aMEM_10pct-k_1s-mean,125,0.000188,197000.0
aMEM_10pct-k_1s-mean,126,7.89e-05,213000.0
aMEM_10pct-k_1s-mean,127,0.000114,229000.0
aMEM_10pct-k_1s-mean,128,0.000149,246000.0
aMEM_10pct-k_1s-mean,129,0.000153,262000.0
aMEM_10pct-k_1s-mean,130,3.02e-05,295000.0
aMEM_10pct-k_1s-mean,131,6.86e-05,328000.0
aMEM_10pct-k_1s-mean,132,0.000195,360000.0
aMEM_10pct-k_1s-mean,133,0.000289,393000.0
aMEM_10pct-k_1s-mean,134,0.000309,426000.0
aMEM_10pct-k_1s-mean,135,0.000368,459000.0
aMEM_10pct-k_1s-mean,136,0.000281,492000.0
aMEM_10pct-k_1s-mean,137,0.000284,524000.0
aMEM_10pct-k_1s-mean,138,0.000213,590000.0
aMEM_10pct-k_1s-mean,139,8.07e-05,655000.0
aMEM_10pct-k_1s-mean,140,0.000219,721000.0
aMEM_10pct-k_1s-mean,141,0.000195,786000.0
aMEM_10pct-k_1s-mean,142,0.000324,852000.0
aMEM_10pct-k_1s-mean,143,0.000304,918000.0
aMEM_10pct-k_1s-mean,144,2.74e-05,983000.0
aMEM_10pct-k_1s-mean,145,0.000506,1050000.0
aMEM_10pct-k_1s-mean,146,0.000348,1180000.0
aMEM_10pct-k_1s-mean,147,0.000427,1310000.0
aMEM_10pct-k_1s-mean,148,0.000823,1440000.0
aMEM_10pct-k_1s-mean,149,0.000567,1570000.0
aMEM_10pct-k_1s-mean,150,0.000432,1700000.0
aMEM_10pct-k_1s-mean,151,0.000705,1840000.0
aMEM_10pct-k_1s-mean,152,0.000324,1970000.0
aMEM_10pct-k_1s-mean,153,0.000436,2100000.0
aMEM_10pct-k_1s-mean,154,0.000513,2360000.0
aMEM_10pct-k_1s-mean,155,0.000624,2620000.0
aMEM_10pct-k_1s-mean,156,0.000812,2880000.0
aMEM_10pct-k_1s-mean,157,0.000352,3150000.0
aMEM_10pct-k_1s-mean,158,0.00065,3410000.0
aMEM_10pct-k_1s-mean,159,0.00057,3670000.0
aMEM_10pct-k_1s-mean,160,0.000324,3930000.0
aMEM_10pct-k_1s-mean,161,0.0,4190000.0
aMEM_10pct-k_1s-mean,162,0.0,4720000.0
aMEM_10pct-k_1s-mean,163,0.0,5240000.0
aMEM_10pct-k_1s-mean,164,0.0,5770000.0
aMEM_10pct-k_1s-mean,165,0.0,6290000.0
aMEM_10pct-k_1s-mean,166,0.0,6820000.0
aMEM_10pct-k_1s-mean,167,0.0,7340000.0
aMEM_10pct-k_1s-mean,168,0.0,7860000.0
aMEM_10pct-k_1s-mean,169,0.0,8390000.0
aMEM_10pct-k_1s-mean,170,0.0,9440000.0
aMEM_10pct-k_1s-mean,171,0.0,10500000.0
aMEM_10pct-k_1s-mean,172,0.0,11500000.0
aMEM_10pct-k_1s-mean,173,0.0,12600000.0
aMEM_10pct-k_1s-mean,174,0.0,13600000.0
aMEM_10pct-k_1s-mean,175,0.0,14700000.0
aMEM_10pct-k_1s-mean,176,0.0,15700000.0
aMEM_10pct-k_1s-mean,177,0.0,16800000.0
aMEM_10pct-k_1s-mean,178,0.0,18900000.0
aMEM_10pct-k_1s-mean,179,0.0,21000000.0
aMEM_10pct-k_1s-mean,180,0.0,23100000.0
aMEM_10pct-k_1s-mean,181,0.0,25200000.0
aMEM_10pct-k_1s-mean,182,0.0,27300000.0
aMEM_10pct-k_1s-mean,183,0.0,29400000.0
aMEM_10pct-k_1s-mean,184,0.0,31500000.0
aMEM_10pct-k_1s-mean,185,0.0,33600000.0
aMEM_10pct-k_1s-mean,186,0.0,37700000.0
aMEM_10pct-k_1s-mean,187,0.0,41900000.0
aMEM_10pct-k_1s-mean,188,0.0,46100000.0
aMEM_10pct-k_1s-mean,189,0.0,50300000.0
aMEM_10pct-k_1s-mean,190,0.0,54500000.0
aMEM_10pct-k_1s-mean,191,0.0,58700000.0
aMEM_10pct-k_1s-mean,192,0.0,62900000.0
aMEM-Ctrl 1,1,0.92,0.5
aMEM-Ctrl 1,2,0.909,1.0
aMEM-Ctrl 1,3,0.892,1.5
aMEM-Ctrl 1,4,0.891,2.0
aMEM-Ctrl 1,5,0.893,2.5
aMEM-Ctrl 1,6,0.89,3.0
aMEM-Ctrl 1,7,0.884,3.5
aMEM-Ctrl 1,8,0.883,4.0
aMEM-Ctrl 1,9,0.883,4.5
aMEM-Ctrl 1,10,0.87,5.5
aMEM-Ctrl 1,11,0.871,6.5
aMEM-Ctrl 1,12,0.875,7.5
aMEM-Ctrl 1,13,0.872,8.5
aMEM-Ctrl 1,14,0.868,9.5
aMEM-Ctrl 1,15,0.868,10.5
aMEM-Ctrl 1,16,0.869,11.5
aMEM-Ctrl 1,17,0.867,12.5
aMEM-Ctrl 1,18,0.867,14.5
aMEM-Ctrl 1,19,0.864,16.5
aMEM-Ctrl 1,20,0.862,18.5
aMEM-Ctrl 1,21,0.867,20.5
aMEM-Ctrl 1,22,0.862,22.5
aMEM-Ctrl 1,23,0.863,24.5
aMEM-Ctrl 1,24,0.859,26.5
aMEM-Ctrl 1,25,0.859,28.5
aMEM-Ctrl 1,26,0.854,32.5
aMEM-Ctrl 1,27,0.853,36.5
aMEM-Ctrl 1,28,0.85,40.5
aMEM-Ctrl 1,29,0.846,44.5
aMEM-Ctrl 1,30,0.845,48.5
aMEM-Ctrl 1,31,0.843,52.5
aMEM-Ctrl 1,32,0.841,56.5
aMEM-Ctrl 1,33,0.839,60.5
aMEM-Ctrl 1,34,0.835,68.5
aMEM-Ctrl 1,35,0.831,76.5
aMEM-Ctrl 1,36,0.83,84.5
aMEM-Ctrl 1,37,0.826,92.5
aMEM-Ctrl 1,38,0.822,101.0
aMEM-Ctrl 1,39,0.818,109.0
aMEM-Ctrl 1,40,0.814,117.0
aMEM-Ctrl 1,41,0.812,125.0
aMEM-Ctrl 1,42,0.805,141.0
aMEM-Ctrl 1,43,0.8,157.0
aMEM-Ctrl 1,44,0.793,173.0
aMEM-Ctrl 1,45,0.789,189.0
aMEM-Ctrl 1,46,0.785,205.0
aMEM-Ctrl 1,47,0.778,221.0
aMEM-Ctrl 1,48,0.773,237.0
aMEM-Ctrl 1,49,0.77,253.0
aMEM-Ctrl 1,50,0.762,285.0
aMEM-Ctrl 1,51,0.752,317.0
aMEM-Ctrl 1,52,0.745,349.0
aMEM-Ctrl 1,53,0.737,381.0
aMEM-Ctrl 1,54,0.73,413.0
aMEM-Ctrl 1,55,0.724,445.0
aMEM-Ctrl 1,56,0.718,477.0
aMEM-Ctrl 1,57,0.712,509.0
aMEM-Ctrl 1,58,0.7,573.0
aMEM-Ctrl 1,59,0.689,637.0
aMEM-Ctrl 1,60,0.681,701.0
aMEM-Ctrl 1,61,0.672,765.0
aMEM-Ctrl 1,62,0.663,829.0
aMEM-Ctrl 1,63,0.654,893.0
aMEM-Ctrl 1,64,0.647,957.0
aMEM-Ctrl 1,65,0.64,1020.0
aMEM-Ctrl 1,66,0.625,1150.0
aMEM-Ctrl 1,67,0.614,1280.0
aMEM-Ctrl 1,68,0.604,1400.0
aMEM-Ctrl 1,69,0.595,1530.0
aMEM-Ctrl 1,70,0.586,1660.0
aMEM-Ctrl 1,71,0.578,1790.0
aMEM-Ctrl 1,72,0.571,1920.0
aMEM-Ctrl 1,73,0.564,2040.0
aMEM-Ctrl 1,74,0.553,2300.0
aMEM-Ctrl 1,75,0.544,2560.0
aMEM-Ctrl 1,76,0.537,2810.0
aMEM-Ctrl 1,77,0.531,3070.0
aMEM-Ctrl 1,78,0.526,3320.0
aMEM-Ctrl 1,79,0.522,3580.0
aMEM-Ctrl 1,80,0.517,3840.0
aMEM-Ctrl 1,81,0.512,4090.0
aMEM-Ctrl 1,82,0.505,4600.0
aMEM-Ctrl 1,83,0.497,5120.0
aMEM-Ctrl 1,84,0.489,5630.0
aMEM-Ctrl 1,85,0.483,6140.0
aMEM-Ctrl 1,86,0.477,6650.0
aMEM-Ctrl 1,87,0.47,7160.0
aMEM-Ctrl 1,88,0.464,7680.0
aMEM-Ctrl 1,89,0.459,8190.0
aMEM-Ctrl 1,90,0.446,9210.0
aMEM-Ctrl 1,91,0.431,10200.0
aMEM-Ctrl 1,92,0.418,11300.0
aMEM-Ctrl 1,93,0.411,12300.0
aMEM-Ctrl 1,94,0.408,13300.0
aMEM-Ctrl 1,95,0.401,14300.0
aMEM-Ctrl 1,96,0.393,15400.0
aMEM-Ctrl 1,97,0.385,16400.0
aMEM-Ctrl 1,98,0.369,18400.0
aMEM-Ctrl 1,99,0.352,20500.0
aMEM-Ctrl 1,100,0.337,22500.0
aMEM-Ctrl 1,101,0.322,24600.0
aMEM-Ctrl 1,102,0.305,26600.0
aMEM-Ctrl 1,103,0.291,28700.0
aMEM-Ctrl 1,104,0.279,30700.0
aMEM-Ctrl 1,105,0.269,32800.0
aMEM-Ctrl 1,106,0.254,36900.0
aMEM-Ctrl 1,107,0.244,41000.0
aMEM-Ctrl 1,108,0.238,45100.0
aMEM-Ctrl 1,109,0.233,49100.0
aMEM-Ctrl 1,110,0.22,53200.0
aMEM-Ctrl 1,111,0.202,57300.0
aMEM-Ctrl 1,112,0.186,61400.0
aMEM-Ctrl 1,113,0.174,65500.0
aMEM-Ctrl 1,114,0.147,73700.0
aMEM-Ctrl 1,115,0.127,81900.0
aMEM-Ctrl 1,116,0.118,90100.0
aMEM-Ctrl 1,117,0.116,98300.0
aMEM-Ctrl 1,118,0.107,106000.0
aMEM-Ctrl 1,119,0.0855,115000.0
aMEM-Ctrl 1,120,0.0684,123000.0
aMEM-Ctrl 1,121,0.0565,131000.0
aMEM-Ctrl 1,122,0.0383,147000.0
aMEM-Ctrl 1,123,0.0265,164000.0
aMEM-Ctrl 1,124,0.0181,180000.0
aMEM-Ctrl 1,125,0.0108,197000.0
aMEM-Ctrl 1,126,0.00575,213000.0
aMEM-Ctrl 1,127,0.00302,229000.0
aMEM-Ctrl 1,128,0.00101,246000.0
aMEM-Ctrl 1,129,0.00146,262000.0
aMEM-Ctrl 1,130,0.00319,295000.0
aMEM-Ctrl 1,131,0.00256,328000.0
aMEM-Ctrl 1,132,0.00353,360000.0
aMEM-Ctrl 1,133,0.0033,393000.0
aMEM-Ctrl 1,134,0.00395,426000.0
aMEM-Ctrl 1,135,0.00388,459000.0
aMEM-Ctrl 1,136,0.00355,492000.0
aMEM-Ctrl 1,137,0.00328,524000.0
aMEM-Ctrl 1,138,0.00381,590000.0
aMEM-Ctrl 1,139,0.00263,655000.0
aMEM-Ctrl 1,140,0.00483,721000.0
aMEM-Ctrl 1,141,0.00406,786000.0
aMEM-Ctrl 1,142,0.00243,852000.0
aMEM-Ctrl 1,143,0.00678,918000.0
aMEM-Ctrl 1,144,0.0111,983000.0
aMEM-Ctrl 1,145,0.00277,1050000.0
aMEM-Ctrl 1,146,0.00628,1180000.0
aMEM-Ctrl 1,147,0.0045,1310000.0
aMEM-Ctrl 1,148,0.00531,1440000.0
aMEM-Ctrl 1,149,0.00446,1570000.0
aMEM-Ctrl 1,150,0.012,1700000.0
aMEM-Ctrl 1,151,0.0223,1840000.0
aMEM-Ctrl 1,152,0.0151,1970000.0
aMEM-Ctrl 1,153,0.00779,2100000.0
aMEM-Ctrl 1,154,0.00625,2360000.0
aMEM-Ctrl 1,155,0.00641,2620000.0
aMEM-Ctrl 1,156,0.0158,2880000.0
aMEM-Ctrl 1,157,0.0124,3150000.0
aMEM-Ctrl 1,158,0.00415,3410000.0
aMEM-Ctrl 1,159,0.00818,3670000.0
aMEM-Ctrl 1,160,0.00375,3930000.0
aMEM-Ctrl 1,161,0.0,4190000.0
aMEM-Ctrl 1,162,0.0,4720000.0
aMEM-Ctrl 1,163,0.0,5240000.0
aMEM-Ctrl 1,164,0.0,5770000.0
aMEM-Ctrl 1,165,0.0,6290000.0
aMEM-Ctrl 1,166,0.0,6820000.0
aMEM-Ctrl 1,167,0.0,7340000.0
aMEM-Ctrl 1,168,0.0,7860000.0
aMEM-Ctrl 1,169,0.0,8390000.0
aMEM-Ctrl 1,170,0.0,9440000.0
aMEM-Ctrl 1,171,0.0,10500000.0
aMEM-Ctrl 1,172,0.0,11500000.0
aMEM-Ctrl 1,173,0.0,12600000.0
aMEM-Ctrl 1,174,0.0,13600000.0
aMEM-Ctrl 1,175,0.0,14700000.0
aMEM-Ctrl 1,176,0.0,15700000.0
aMEM-Ctrl 1,177,0.0,16800000.0
aMEM-Ctrl 1,178,0.0,18900000.0
aMEM-Ctrl 1,179,0.0,21000000.0
aMEM-Ctrl 1,180,0.0,23100000.0
aMEM-Ctrl 1,181,0.0,25200000.0
aMEM-Ctrl 1,182,0.0,27300000.0
aMEM-Ctrl 1,183,0.0,29400000.0
aMEM-Ctrl 1,184,0.0,31500000.0
aMEM-Ctrl 1,185,0.0,33600000.0
aMEM-Ctrl 1,186,0.0,37700000.0
aMEM-Ctrl 1,187,0.0,41900000.0
aMEM-Ctrl 1,188,0.0,46100000.0
aMEM-Ctrl 1,189,0.0,50300000.0
aMEM-Ctrl 1,190,0.0,54500000.0
aMEM-Ctrl 1,191,0.0,58700000.0
aMEM-Ctrl 1,192,0.0,62900000.0
aMEM-Ctrl 2,1,0.373,0.5
aMEM-Ctrl 2,2,0.362,1.0
aMEM-Ctrl 2,3,0.358,1.5
aMEM-Ctrl 2,4,0.352,2.0
aMEM-Ctrl 2,5,0.35,2.5
aMEM-Ctrl 2,6,0.343,3.0
aMEM-Ctrl 2,7,0.345,3.5
aMEM-Ctrl 2,8,0.338,4.0
aMEM-Ctrl 2,9,0.339,4.5
aMEM-Ctrl 2,10,0.337,5.5
aMEM-Ctrl 2,11,0.337,6.5
aMEM-Ctrl 2,12,0.334,7.5
aMEM-Ctrl 2,13,0.333,8.5
aMEM-Ctrl 2,14,0.333,9.5
aMEM-Ctrl 2,15,0.33,10.5
aMEM-Ctrl 2,16,0.328,11.5
aMEM-Ctrl 2,17,0.332,12.5
aMEM-Ctrl 2,18,0.327,14.5
aMEM-Ctrl 2,19,0.327,16.5
aMEM-Ctrl 2,20,0.323,18.5
aMEM-Ctrl 2,21,0.326,20.5
aMEM-Ctrl 2,22,0.323,22.5
aMEM-Ctrl 2,23,0.323,24.5
aMEM-Ctrl 2,24,0.324,26.5
aMEM-Ctrl 2,25,0.323,28.5
aMEM-Ctrl 2,26,0.32,32.5
aMEM-Ctrl 2,27,0.319,36.5
aMEM-Ctrl 2,28,0.315,40.5
aMEM-Ctrl 2,29,0.313,44.5
aMEM-Ctrl 2,30,0.312,48.5
aMEM-Ctrl 2,31,0.309,52.5
aMEM-Ctrl 2,32,0.308,56.5
aMEM-Ctrl 2,33,0.307,60.5
aMEM-Ctrl 2,34,0.304,68.5
aMEM-Ctrl 2,35,0.301,76.5
aMEM-Ctrl 2,36,0.299,84.5
aMEM-Ctrl 2,37,0.296,92.5
aMEM-Ctrl 2,38,0.294,101.0
aMEM-Ctrl 2,39,0.29,109.0
aMEM-Ctrl 2,40,0.287,117.0
aMEM-Ctrl 2,41,0.284,125.0
aMEM-Ctrl 2,42,0.278,141.0
aMEM-Ctrl 2,43,0.274,157.0
aMEM-Ctrl 2,44,0.268,173.0
aMEM-Ctrl 2,45,0.262,189.0
aMEM-Ctrl 2,46,0.26,205.0
aMEM-Ctrl 2,47,0.255,221.0
aMEM-Ctrl 2,48,0.25,237.0
aMEM-Ctrl 2,49,0.246,253.0
aMEM-Ctrl 2,50,0.237,285.0
aMEM-Ctrl 2,51,0.229,317.0
aMEM-Ctrl 2,52,0.221,349.0
aMEM-Ctrl 2,53,0.214,381.0
aMEM-Ctrl 2,54,0.206,413.0
aMEM-Ctrl 2,55,0.199,445.0
aMEM-Ctrl 2,56,0.192,477.0
aMEM-Ctrl 2,57,0.186,509.0
aMEM-Ctrl 2,58,0.173,573.0
aMEM-Ctrl 2,59,0.162,637.0
aMEM-Ctrl 2,60,0.15,701.0
aMEM-Ctrl 2,61,0.141,765.0
aMEM-Ctrl 2,62,0.131,829.0
aMEM-Ctrl 2,63,0.123,893.0
aMEM-Ctrl 2,64,0.115,957.0
aMEM-Ctrl 2,65,0.108,1020.0
aMEM-Ctrl 2,66,0.0955,1150.0
aMEM-Ctrl 2,67,0.0862,1280.0
aMEM-Ctrl 2,68,0.079,1400.0
aMEM-Ctrl 2,69,0.0738,1530.0
aMEM-Ctrl 2,70,0.0706,1660.0
aMEM-Ctrl 2,71,0.0688,1790.0
aMEM-Ctrl 2,72,0.0681,1920.0
aMEM-Ctrl 2,73,0.0679,2040.0
aMEM-Ctrl 2,74,0.0691,2300.0
aMEM-Ctrl 2,75,0.0726,2560.0
aMEM-Ctrl 2,76,0.0753,2810.0
aMEM-Ctrl 2,77,0.0765,3070.0
aMEM-Ctrl 2,78,0.0778,3320.0
aMEM-Ctrl 2,79,0.0777,3580.0
aMEM-Ctrl 2,80,0.0766,3840.0
aMEM-Ctrl 2,81,0.0754,4090.0
aMEM-Ctrl 2,82,0.0724,4600.0
aMEM-Ctrl 2,83,0.0708,5120.0
aMEM-Ctrl 2,84,0.0702,5630.0
aMEM-Ctrl 2,85,0.0697,6140.0
aMEM-Ctrl 2,86,0.0678,6650.0
aMEM-Ctrl 2,87,0.0656,7160.0
aMEM-Ctrl 2,88,0.064,7680.0
aMEM-Ctrl 2,89,0.0635,8190.0
aMEM-Ctrl 2,90,0.0627,9210.0
aMEM-Ctrl 2,91,0.06,10200.0
aMEM-Ctrl 2,92,0.0581,11300.0
aMEM-Ctrl 2,93,0.0572,12300.0
aMEM-Ctrl 2,94,0.0553,13300.0
aMEM-Ctrl 2,95,0.0529,14300.0
aMEM-Ctrl 2,96,0.0527,15400.0
aMEM-Ctrl 2,97,0.0503,16400.0
aMEM-Ctrl 2,98,0.0513,18400.0
aMEM-Ctrl 2,99,0.0493,20500.0
aMEM-Ctrl 2,100,0.0489,22500.0
aMEM-Ctrl 2,101,0.0507,24600.0
aMEM-Ctrl 2,102,0.0489,26600.0
aMEM-Ctrl 2,103,0.0483,28700.0
aMEM-Ctrl 2,104,0.046,30700.0
aMEM-Ctrl 2,105,0.0462,32800.0
aMEM-Ctrl 2,106,0.0457,36900.0
aMEM-Ctrl 2,107,0.0459,41000.0
aMEM-Ctrl 2,108,0.0439,45100.0
aMEM-Ctrl 2,109,0.0417,49100.0
aMEM-Ctrl 2,110,0.0401,53200.0
aMEM-Ctrl 2,111,0.0389,57300.0
aMEM-Ctrl 2,112,0.0363,61400.0
aMEM-Ctrl 2,113,0.036,65500.0
aMEM-Ctrl 2,114,0.0362,73700.0
aMEM-Ctrl 2,115,0.0331,81900.0
aMEM-Ctrl 2,116,0.0301,90100.0
aMEM-Ctrl 2,117,0.0286,98300.0
aMEM-Ctrl 2,118,0.0271,106000.0
aMEM-Ctrl 2,119,0.0264,115000.0
aMEM-Ctrl 2,120,0.0256,123000.0
aMEM-Ctrl 2,121,0.0239,131000.0
aMEM-Ctrl 2,122,0.0215,147000.0
aMEM-Ctrl 2,123,0.022,164000.0
aMEM-Ctrl 2,124,0.0165,180000.0
aMEM-Ctrl 2,125,0.0128,197000.0
aMEM-Ctrl 2,126,0.0105,213000.0
aMEM-Ctrl 2,127,0.00904,229000.0
aMEM-Ctrl 2,128,0.00769,246000.0
aMEM-Ctrl 2,129,0.007,262000.0
aMEM-Ctrl 2,130,0.00688,295000.0
aMEM-Ctrl 2,131,0.00623,328000.0
aMEM-Ctrl 2,132,0.00479,360000.0
aMEM-Ctrl 2,133,0.00549,393000.0
aMEM-Ctrl 2,134,0.00494,426000.0
aMEM-Ctrl 2,135,0.00589,459000.0
aMEM-Ctrl 2,136,0.00561,492000.0
aMEM-Ctrl 2,137,0.00494,524000.0
aMEM-Ctrl 2,138,0.00285,590000.0
aMEM-Ctrl 2,139,0.00244,655000.0
aMEM-Ctrl 2,140,0.00132,721000.0
aMEM-Ctrl 2,141,0.000546,786000.0
aMEM-Ctrl 2,142,0.000141,852000.0
aMEM-Ctrl 2,143,0.000229,918000.0
aMEM-Ctrl 2,144,0.000707,983000.0
aMEM-Ctrl 2,145,0.000787,1050000.0
aMEM-Ctrl 2,146,0.00242,1180000.0
aMEM-Ctrl 2,147,0.00256,1310000.0
aMEM-Ctrl 2,148,0.00515,1440000.0
aMEM-Ctrl 2,149,0.00553,1570000.0
aMEM-Ctrl 2,150,0.00382,1700000.0
aMEM-Ctrl 2,151,0.00252,1840000.0
aMEM-Ctrl 2,152,0.00167,1970000.0
aMEM-Ctrl 2,153,0.00178,2100000.0
aMEM-Ctrl 2,154,0.0048,2360000.0
aMEM-Ctrl 2,155,0.00484,2620000.0
aMEM-Ctrl 2,156,0.00421,2880000.0
aMEM-Ctrl 2,157,0.00308,3150000.0
aMEM-Ctrl 2,158,0.0062,3410000.0
aMEM-Ctrl 2,159,0.00847,3670000.0
aMEM-Ctrl 2,160,0.0102,3930000.0
aMEM-Ctrl 2,161,0.0,4190000.0
aMEM-Ctrl 2,162,0.0,4720000.0
aMEM-Ctrl 2,163,0.0,5240000.0
aMEM-Ctrl 2,164,0.0,5770000.0
aMEM-Ctrl 2,165,0.0,6290000.0
aMEM-Ctrl 2,166,0.0,6820000.0
aMEM-Ctrl 2,167,0.0,7340000.0
aMEM-Ctrl 2,168,0.0,7860000.0
aMEM-Ctrl 2,169,0.0,8390000.0
aMEM-Ctrl 2,170,0.0,9440000.0
aMEM-Ctrl 2,171,0.0,10500000.0
aMEM-Ctrl 2,172,0.0,11500000.0
aMEM-Ctrl 2,173,0.0,12600000.0
aMEM-Ctrl 2,174,0.0,13600000.0
aMEM-Ctrl 2,175,0.0,14700000.0
aMEM-Ctrl 2,176,0.0,15700000.0
aMEM-Ctrl 2,177,0.0,16800000.0
aMEM-Ctrl 2,178,0.0,18900000.0
aMEM-Ctrl 2,179,0.0,21000000.0
aMEM-Ctrl 2,180,0.0,23100000.0
aMEM-Ctrl 2,181,0.0,25200000.0
aMEM-Ctrl 2,182,0.0,27300000.0
aMEM-Ctrl 2,183,0.0,29400000.0
aMEM-Ctrl 2,184,0.0,31500000.0
aMEM-Ctrl 2,185,0.0,33600000.0
aMEM-Ctrl 2,186,0.0,37700000.0
aMEM-Ctrl 2,187,0.0,41900000.0
aMEM-Ctrl 2,188,0.0,46100000.0
aMEM-Ctrl 2,189,0.0,50300000.0
aMEM-Ctrl 2,190,0.0,54500000.0
aMEM-Ctrl 2,191,0.0,58700000.0
aMEM-Ctrl 2,192,0.0,62900000.0
aMEM-Ctrl 3,1,0.336,0.5
aMEM-Ctrl 3,2,0.334,1.0
aMEM-Ctrl 3,3,0.329,1.5
aMEM-Ctrl 3,4,0.324,2.0
aMEM-Ctrl 3,5,0.321,2.5
aMEM-Ctrl 3,6,0.314,3.0
aMEM-Ctrl 3,7,0.315,3.5
aMEM-Ctrl 3,8,0.314,4.0
aMEM-Ctrl 3,9,0.314,4.5
aMEM-Ctrl 3,10,0.313,5.5
aMEM-Ctrl 3,11,0.312,6.5
aMEM-Ctrl 3,12,0.311,7.5
aMEM-Ctrl 3,13,0.312,8.5
aMEM-Ctrl 3,14,0.307,9.5
aMEM-Ctrl 3,15,0.306,10.5
aMEM-Ctrl 3,16,0.307,11.5
aMEM-Ctrl 3,17,0.307,12.5
aMEM-Ctrl 3,18,0.305,14.5
aMEM-Ctrl 3,19,0.305,16.5
aMEM-Ctrl 3,20,0.303,18.5
aMEM-Ctrl 3,21,0.303,20.5
aMEM-Ctrl 3,22,0.302,22.5
aMEM-Ctrl 3,23,0.301,24.5
aMEM-Ctrl 3,24,0.3,26.5
aMEM-Ctrl 3,25,0.299,28.5
aMEM-Ctrl 3,26,0.299,32.5
aMEM-Ctrl 3,27,0.296,36.5
aMEM-Ctrl 3,28,0.295,40.5
aMEM-Ctrl 3,29,0.294,44.5
aMEM-Ctrl 3,30,0.292,48.5
aMEM-Ctrl 3,31,0.293,52.5
aMEM-Ctrl 3,32,0.29,56.5
aMEM-Ctrl 3,33,0.289,60.5
aMEM-Ctrl 3,34,0.286,68.5
aMEM-Ctrl 3,35,0.284,76.5
aMEM-Ctrl 3,36,0.281,84.5
aMEM-Ctrl 3,37,0.279,92.5
aMEM-Ctrl 3,38,0.276,101.0
aMEM-Ctrl 3,39,0.276,109.0
aMEM-Ctrl 3,40,0.272,117.0
aMEM-Ctrl 3,41,0.27,125.0
aMEM-Ctrl 3,42,0.267,141.0
aMEM-Ctrl 3,43,0.262,157.0
aMEM-Ctrl 3,44,0.26,173.0
aMEM-Ctrl 3,45,0.256,189.0
aMEM-Ctrl 3,46,0.252,205.0
aMEM-Ctrl 3,47,0.249,221.0
aMEM-Ctrl 3,48,0.245,237.0
aMEM-Ctrl 3,49,0.243,253.0
aMEM-Ctrl 3,50,0.237,285.0
aMEM-Ctrl 3,51,0.231,317.0
aMEM-Ctrl 3,52,0.226,349.0
aMEM-Ctrl 3,53,0.221,381.0
aMEM-Ctrl 3,54,0.216,413.0
aMEM-Ctrl 3,55,0.212,445.0
aMEM-Ctrl 3,56,0.208,477.0
aMEM-Ctrl 3,57,0.203,509.0
aMEM-Ctrl 3,58,0.195,573.0
aMEM-Ctrl 3,59,0.188,637.0
aMEM-Ctrl 3,60,0.181,701.0
aMEM-Ctrl 3,61,0.175,765.0
aMEM-Ctrl 3,62,0.169,829.0
aMEM-Ctrl 3,63,0.163,893.0
aMEM-Ctrl 3,64,0.157,957.0
aMEM-Ctrl 3,65,0.153,1020.0
aMEM-Ctrl 3,66,0.144,1150.0
aMEM-Ctrl 3,67,0.136,1280.0
aMEM-Ctrl 3,68,0.128,1400.0
aMEM-Ctrl 3,69,0.121,1530.0
aMEM-Ctrl 3,70,0.115,1660.0
aMEM-Ctrl 3,71,0.109,1790.0
aMEM-Ctrl 3,72,0.104,1920.0
aMEM-Ctrl 3,73,0.0999,2040.0
aMEM-Ctrl 3,74,0.092,2300.0
aMEM-Ctrl 3,75,0.0856,2560.0
aMEM-Ctrl 3,76,0.0805,2810.0
aMEM-Ctrl 3,77,0.0766,3070.0
aMEM-Ctrl 3,78,0.0736,3320.0
aMEM-Ctrl 3,79,0.0714,3580.0
aMEM-Ctrl 3,80,0.0693,3840.0
aMEM-Ctrl 3,81,0.0677,4090.0
aMEM-Ctrl 3,82,0.066,4600.0
aMEM-Ctrl 3,83,0.0645,5120.0
aMEM-Ctrl 3,84,0.063,5630.0
aMEM-Ctrl 3,85,0.0621,6140.0
aMEM-Ctrl 3,86,0.0612,6650.0
aMEM-Ctrl 3,87,0.0599,7160.0
aMEM-Ctrl 3,88,0.0591,7680.0
aMEM-Ctrl 3,89,0.0592,8190.0
aMEM-Ctrl 3,90,0.0579,9210.0
aMEM-Ctrl 3,91,0.0549,10200.0
aMEM-Ctrl 3,92,0.0533,11300.0
aMEM-Ctrl 3,93,0.0517,12300.0
aMEM-Ctrl 3,94,0.0512,13300.0
aMEM-Ctrl 3,95,0.0524,14300.0
aMEM-Ctrl 3,96,0.0533,15400.0
aMEM-Ctrl 3,97,0.0532,16400.0
aMEM-Ctrl 3,98,0.0516,18400.0
aMEM-Ctrl 3,99,0.0504,20500.0
aMEM-Ctrl 3,100,0.0516,22500.0
aMEM-Ctrl 3,101,0.0507,24600.0
aMEM-Ctrl 3,102,0.0504,26600.0
aMEM-Ctrl 3,103,0.0479,28700.0
aMEM-Ctrl 3,104,0.0455,30700.0
aMEM-Ctrl 3,105,0.0454,32800.0
aMEM-Ctrl 3,106,0.0464,36900.0
aMEM-Ctrl 3,107,0.047,41000.0
aMEM-Ctrl 3,108,0.0444,45100.0
aMEM-Ctrl 3,109,0.0422,49100.0
aMEM-Ctrl 3,110,0.0398,53200.0
aMEM-Ctrl 3,111,0.042,57300.0
aMEM-Ctrl 3,112,0.0422,61400.0
aMEM-Ctrl 3,113,0.0412,65500.0
aMEM-Ctrl 3,114,0.039,73700.0
aMEM-Ctrl 3,115,0.0403,81900.0
aMEM-Ctrl 3,116,0.0405,90100.0
aMEM-Ctrl 3,117,0.0397,98300.0
aMEM-Ctrl 3,118,0.0358,106000.0
aMEM-Ctrl 3,119,0.0338,115000.0
aMEM-Ctrl 3,120,0.035,123000.0
aMEM-Ctrl 3,121,0.0354,131000.0
aMEM-Ctrl 3,122,0.033,147000.0
aMEM-Ctrl 3,123,0.0338,164000.0
aMEM-Ctrl 3,124,0.031,180000.0
aMEM-Ctrl 3,125,0.0278,197000.0
aMEM-Ctrl 3,126,0.0269,213000.0
aMEM-Ctrl 3,127,0.0279,229000.0
aMEM-Ctrl 3,128,0.0291,246000.0
aMEM-Ctrl 3,129,0.0269,262000.0
aMEM-Ctrl 3,130,0.0259,295000.0
aMEM-Ctrl 3,131,0.0254,328000.0
aMEM-Ctrl 3,132,0.0235,360000.0
aMEM-Ctrl 3,133,0.0225,393000.0
aMEM-Ctrl 3,134,0.0215,426000.0
aMEM-Ctrl 3,135,0.0204,459000.0
aMEM-Ctrl 3,136,0.0198,492000.0
aMEM-Ctrl 3,137,0.0184,524000.0
aMEM-Ctrl 3,138,0.0149,590000.0
aMEM-Ctrl 3,139,0.0108,655000.0
aMEM-Ctrl 3,140,0.00909,721000.0
aMEM-Ctrl 3,141,0.00791,786000.0
aMEM-Ctrl 3,142,0.0064,852000.0
aMEM-Ctrl 3,143,0.00699,918000.0
aMEM-Ctrl 3,144,0.00573,983000.0
aMEM-Ctrl 3,145,0.00477,1050000.0
aMEM-Ctrl 3,146,0.0036,1180000.0
aMEM-Ctrl 3,147,0.0028,1310000.0
aMEM-Ctrl 3,148,0.00253,1440000.0
aMEM-Ctrl 3,149,0.00241,1570000.0
aMEM-Ctrl 3,150,0.00245,1700000.0
aMEM-Ctrl 3,151,0.00106,1840000.0
aMEM-Ctrl 3,152,0.000576,1970000.0
aMEM-Ctrl 3,153,0.00251,2100000.0
aMEM-Ctrl 3,154,0.00397,2360000.0
aMEM-Ctrl 3,155,0.00457,2620000.0
aMEM-Ctrl 3,156,0.00523,2880000.0
aMEM-Ctrl 3,157,0.00441,3150000.0
aMEM-Ctrl 3,158,0.00303,3410000.0
aMEM-Ctrl 3,159,0.00177,3670000.0
aMEM-Ctrl 3,160,0.00282,3930000.0
aMEM-Ctrl 3,161,0.0,4190000.0
aMEM-Ctrl 3,162,0.0,4720000.0
aMEM-Ctrl 3,163,0.0,5240000.0
aMEM-Ctrl 3,164,0.0,5770000.0
aMEM-Ctrl 3,165,0.0,6290000.0
aMEM-Ctrl 3,166,0.0,6820000.0
aMEM-Ctrl 3,167,0.0,7340000.0
aMEM-Ctrl 3,168,0.0,7860000.0
aMEM-Ctrl 3,169,0.0,8390000.0
aMEM-Ctrl 3,170,0.0,9440000.0
aMEM-Ctrl 3,171,0.0,10500000.0
aMEM-Ctrl 3,172,0.0,11500000.0
aMEM-Ctrl 3,173,0.0,12600000.0
aMEM-Ctrl 3,174,0.0,13600000.0
aMEM-Ctrl 3,175,0.0,14700000.0
aMEM-Ctrl 3,176,0.0,15700000.0
aMEM-Ctrl 3,177,0.0,16800000.0
aMEM-Ctrl 3,178,0.0,18900000.0
aMEM-Ctrl 3,179,0.0,21000000.0
aMEM-Ctrl 3,180,0.0,23100000.0
aMEM-Ctrl 3,181,0.0,25200000.0
aMEM-Ctrl 3,182,0.0,27300000.0
aMEM-Ctrl 3,183,0.0,29400000.0
aMEM-Ctrl 3,184,0.0,31500000.0
aMEM-Ctrl 3,185,0.0,33600000.0
aMEM-Ctrl 3,186,0.0,37700000.0
aMEM-Ctrl 3,187,0.0,41900000.0
aMEM-Ctrl 3,188,0.0,46100000.0
aMEM-Ctrl 3,189,0.0,50300000.0
aMEM-Ctrl 3,190,0.0,54500000.0
aMEM-Ctrl 3,191,0.0,58700000.0
aMEM-Ctrl 3,192,0.0,62900000.0
aMEM-Ctrl-mean,1,0.92,0.5
aMEM-Ctrl-mean,2,0.909,1.0
aMEM-Ctrl-mean,3,0.892,1.5
aMEM-Ctrl-mean,4,0.891,2.0
aMEM-Ctrl-mean,5,0.893,2.5
aMEM-Ctrl-mean,6,0.89,3.0
aMEM-Ctrl-mean,7,0.884,3.5
aMEM-Ctrl-mean,8,0.883,4.0
aMEM-Ctrl-mean,9,0.883,4.5
aMEM-Ctrl-mean,10,0.87,5.5
aMEM-Ctrl-mean,11,0.871,6.5
aMEM-Ctrl-mean,12,0.875,7.5
aMEM-Ctrl-mean,13,0.872,8.5
aMEM-Ctrl-mean,14,0.868,9.5
aMEM-Ctrl-mean,15,0.868,10.5
aMEM-Ctrl-mean,16,0.869,11.5
aMEM-Ctrl-mean,17,0.867,12.5
aMEM-Ctrl-mean,18,0.867,14.5
aMEM-Ctrl-mean,19,0.864,16.5
aMEM-Ctrl-mean,20,0.862,18.5
aMEM-Ctrl-mean,21,0.867,20.5
aMEM-Ctrl-mean,22,0.862,22.5
aMEM-Ctrl-mean,23,0.863,24.5
aMEM-Ctrl-mean,24,0.859,26.5
aMEM-Ctrl-mean,25,0.859,28.5
aMEM-Ctrl-mean,26,0.854,32.5
aMEM-Ctrl-mean,27,0.853,36.5
aMEM-Ctrl-mean,28,0.85,40.5
aMEM-Ctrl-mean,29,0.846,44.5
aMEM-Ctrl-mean,30,0.845,48.5
aMEM-Ctrl-mean,31,0.843,52.5
aMEM-Ctrl-mean,32,0.841,56.5
aMEM-Ctrl-mean,33,0.839,60.5
aMEM-Ctrl-mean,34,0.835,68.5
aMEM-Ctrl-mean,35,0.831,76.5
aMEM-Ctrl-mean,36,0.83,84.5
aMEM-Ctrl-mean,37,0.826,92.5
aMEM-Ctrl-mean,38,0.822,101.0
aMEM-Ctrl-mean,39,0.818,109.0
aMEM-Ctrl-mean,40,0.814,117.0
aMEM-Ctrl-mean,41,0.812,125.0
aMEM-Ctrl-mean,42,0.805,141.0
aMEM-Ctrl-mean,43,0.8,157.0
aMEM-Ctrl-mean,44,0.793,173.0
aMEM-Ctrl-mean,45,0.789,189.0
aMEM-Ctrl-mean,46,0.785,205.0
aMEM-Ctrl-mean,47,0.778,221.0
aMEM-Ctrl-mean,48,0.773,237.0
aMEM-Ctrl-mean,49,0.77,253.0
aMEM-Ctrl-mean,50,0.762,285.0
aMEM-Ctrl-mean,51,0.752,317.0
aMEM-Ctrl-mean,52,0.745,349.0
aMEM-Ctrl-mean,53,0.737,381.0
aMEM-Ctrl-mean,54,0.73,413.0
aMEM-Ctrl-mean,55,0.724,445.0
aMEM-Ctrl-mean,56,0.718,477.0
aMEM-Ctrl-mean,57,0.712,509.0
aMEM-Ctrl-mean,58,0.7,573.0
aMEM-Ctrl-mean,59,0.689,637.0
aMEM-Ctrl-mean,60,0.681,701.0
aMEM-Ctrl-mean,61,0.672,765.0
aMEM-Ctrl-mean,62,0.663,829.0
aMEM-Ctrl-mean,63,0.654,893.0
aMEM-Ctrl-mean,64,0.647,957.0
aMEM-Ctrl-mean,65,0.64,1020.0
aMEM-Ctrl-mean,66,0.625,1150.0
aMEM-Ctrl-mean,67,0.614,1280.0
aMEM-Ctrl-mean,68,0.604,1400.0
aMEM-Ctrl-mean,69,0.595,1530.0
aMEM-Ctrl-mean,70,0.586,1660.0
aMEM-Ctrl-mean,71,0.578,1790.0
aMEM-Ctrl-mean,72,0.571,1920.0
aMEM-Ctrl-mean,73,0.564,2040.0
aMEM-Ctrl-mean,74,0.553,2300.0
aMEM-Ctrl-mean,75,0.544,2560.0
aMEM-Ctrl-mean,76,0.537,2810.0
aMEM-Ctrl-mean,77,0.531,3070.0
aMEM-Ctrl-mean,78,0.526,3320.0
aMEM-Ctrl-mean,79,0.522,3580.0
aMEM-Ctrl-mean,80,0.517,3840.0
aMEM-Ctrl-mean,81,0.512,4090.0
aMEM-Ctrl-mean,82,0.505,4600.0
aMEM-Ctrl-mean,83,0.497,5120.0
aMEM-Ctrl-mean,84,0.489,5630.0
aMEM-Ctrl-mean,85,0.483,6140.0
aMEM-Ctrl-mean,86,0.477,6650.0
aMEM-Ctrl-mean,87,0.47,7160.0
aMEM-Ctrl-mean,88,0.464,7680.0
aMEM-Ctrl-mean,89,0.459,8190.0
aMEM-Ctrl-mean,90,0.446,9210.0
aMEM-Ctrl-mean,91,0.431,10200.0
aMEM-Ctrl-mean,92,0.418,11300.0
aMEM-Ctrl-mean,93,0.411,12300.0
aMEM-Ctrl-mean,94,0.408,13300.0
aMEM-Ctrl-mean,95,0.401,14300.0
aMEM-Ctrl-mean,96,0.393,15400.0
aMEM-Ctrl-mean,97,0.385,16400.0
aMEM-Ctrl-mean,98,0.369,18400.0
aMEM-Ctrl-mean,99,0.352,20500.0
aMEM-Ctrl-mean,100,0.337,22500.0
aMEM-Ctrl-mean,101,0.322,24600.0
aMEM-Ctrl-mean,102,0.305,26600.0
aMEM-Ctrl-mean,103,0.291,28700.0
aMEM-Ctrl-mean,104,0.279,30700.0
aMEM-Ctrl-mean,105,0.269,32800.0
aMEM-Ctrl-mean,106,0.254,36900.0
aMEM-Ctrl-mean,107,0.244,41000.0
aMEM-Ctrl-mean,108,0.238,45100.0
aMEM-Ctrl-mean,109,0.233,49100.0
aMEM-Ctrl-mean,110,0.22,53200.0
aMEM-Ctrl-mean,111,0.202,57300.0
aMEM-Ctrl-mean,112,0.186,61400.0
aMEM-Ctrl-mean,113,0.174,65500.0
aMEM-Ctrl-mean,114,0.147,73700.0
aMEM-Ctrl-mean,115,0.127,81900.0
aMEM-Ctrl-mean,116,0.118,90100.0
aMEM-Ctrl-mean,117,0.116,98300.0
aMEM-Ctrl-mean,118,0.107,106000.0
aMEM-Ctrl-mean,119,0.0855,115000.0
aMEM-Ctrl-mean,120,0.0684,123000.0
aMEM-Ctrl-mean,121,0.0565,131000.0
aMEM-Ctrl-mean,122,0.0383,147000.0
aMEM-Ctrl-mean,123,0.0265,164000.0
aMEM-Ctrl-mean,124,0.0181,180000.0
aMEM-Ctrl-mean,125,0.0108,197000.0
aMEM-Ctrl-mean,126,0.00575,213000.0
aMEM-Ctrl-mean,127,0.00302,229000.0
aMEM-Ctrl-mean,128,0.00101,246000.0
aMEM-Ctrl-mean,129,0.00146,262000.0
aMEM-Ctrl-mean,130,0.00319,295000.0
aMEM-Ctrl-mean,131,0.00256,328000.0
aMEM-Ctrl-mean,132,0.00353,360000.0
aMEM-Ctrl-mean,133,0.0033,393000.0
aMEM-Ctrl-mean,134,0.00395,426000.0
aMEM-Ctrl-mean,135,0.00388,459000.0
aMEM-Ctrl-mean,136,0.00355,492000.0
aMEM-Ctrl-mean,137,0.00328,524000.0
aMEM-Ctrl-mean,138,0.00381,590000.0
aMEM-Ctrl-mean,139,0.00263,655000.0
aMEM-Ctrl-mean,140,0.00483,721000.0
aMEM-Ctrl-mean,141,0.00406,786000.0
aMEM-Ctrl-mean,142,0.00243,852000.0
aMEM-Ctrl-mean,143,0.00678,918000.0
aMEM-Ctrl-mean,144,0.0111,983000.0
aMEM-Ctrl-mean,145,0.00277,1050000.0
aMEM-Ctrl-mean,146,0.00628,1180000.0
aMEM-Ctrl-mean,147,0.0045,1310000.0
aMEM-Ctrl-mean,148,0.00531,1440000.0
aMEM-Ctrl-mean,149,0.00446,1570000.0
aMEM-Ctrl-mean,150,0.012,1700000.0
aMEM-Ctrl-mean,151,0.0223,1840000.0
aMEM-Ctrl-mean,152,0.0151,1970000.0
aMEM-Ctrl-mean,153,0.00779,2100000.0
aMEM-Ctrl-mean,154,0.00625,2360000.0
aMEM-Ctrl-mean,155,0.00641,2620000.0
aMEM-Ctrl-mean,156,0.0158,2880000.0
aMEM-Ctrl-mean,157,0.0124,3150000.0
aMEM-Ctrl-mean,158,0.00415,3410000.0
aMEM-Ctrl-mean,159,0.00818,3670000.0
aMEM-Ctrl-mean,160,0.00375,3930000.0
aMEM-Ctrl-mean,161,0.0,4190000.0
aMEM-Ctrl-mean,162,0.0,4720000.0
aMEM-Ctrl-mean,163,0.0,5240000.0
aMEM-Ctrl-mean,164,0.0,5770000.0
aMEM-Ctrl-mean,165,0.0,6290000.0
aMEM-Ctrl-mean,166,0.0,6820000.0
aMEM-Ctrl-mean,167,0.0,7340000.0
aMEM-Ctrl-mean,168,0.0,7860000.0
aMEM-Ctrl-mean,169,0.0,8390000.0
aMEM-Ctrl-mean,170,0.0,9440000.0
aMEM-Ctrl-mean,171,0.0,10500000.0
aMEM-Ctrl-mean,172,0.0,11500000.0
aMEM-Ctrl-mean,173,0.0,12600000.0
aMEM-Ctrl-mean,174,0.0,13600000.0
aMEM-Ctrl-mean,175,0.0,14700000.0
aMEM-Ctrl-mean,176,0.0,15700000.0
aMEM-Ctrl-mean,177,0.0,16800000.0
aMEM-Ctrl-mean,178,0.0,18900000.0
aMEM-Ctrl-mean,179,0.0,21000000.0
aMEM-Ctrl-mean,180,0.0,23100000.0
aMEM-Ctrl-mean,181,0.0,25200000.0
aMEM-Ctrl-mean,182,0.0,27300000.0
aMEM-Ctrl-mean,183,0.0,29400000.0
aMEM-Ctrl-mean,184,0.0,31500000.0
aMEM-Ctrl-mean,185,0.0,33600000.0
aMEM-Ctrl-mean,186,0.0,37700000.0
aMEM-Ctrl-mean,187,0.0,41900000.0
aMEM-Ctrl-mean,188,0.0,46100000.0
aMEM-Ctrl-mean,189,0.0,50300000.0
aMEM-Ctrl-mean,190,0.0,54500000.0
aMEM-Ctrl-mean,191,0.0,58700000.0
aMEM-Ctrl-mean,192,0.0,62900000.0
i_2S-20ug_mL 1,1,1.17,0.5
i_2S-20ug_mL 1,2,1.18,1.0
i_2S-20ug_mL 1,3,1.17,1.5
i_2S-20ug_mL 1,4,1.17,2.0
i_2S-20ug_mL 1,5,1.17,2.5
i_2S-20ug_mL 1,6,1.17,3.0
i_2S-20ug_mL 1,7,1.17,3.5
i_2S-20ug_mL 1,8,1.17,4.0
i_2S-20ug_mL 1,9,1.16,4.5
i_2S-20ug_mL 1,10,1.17,5.5
i_2S-20ug_mL 1,11,1.16,6.5
i_2S-20ug_mL 1,12,1.17,7.5
i_2S-20ug_mL 1,13,1.16,8.5
i_2S-20ug_mL 1,14,1.16,9.5
i_2S-20ug_mL 1,15,1.16,10.5
i_2S-20ug_mL 1,16,1.16,11.5
i_2S-20ug_mL 1,17,1.16,12.5
i_2S-20ug_mL 1,18,1.15,14.5
i_2S-20ug_mL 1,19,1.16,16.5
i_2S-20ug_mL 1,20,1.15,18.5
i_2S-20ug_mL 1,21,1.15,20.5
i_2S-20ug_mL 1,22,1.15,22.5
i_2S-20ug_mL 1,23,1.15,24.5
i_2S-20ug_mL 1,24,1.14,26.5
i_2S-20ug_mL 1,25,1.14,28.5
i_2S-20ug_mL 1,26,1.14,32.5
i_2S-20ug_mL 1,27,1.13,36.5
i_2S-20ug_mL 1,28,1.13,40.5
i_2S-20ug_mL 1,29,1.13,44.5
i_2S-20ug_mL 1,30,1.12,48.5
i_2S-20ug_mL 1,31,1.12,52.5
i_2S-20ug_mL 1,32,1.12,56.5
i_2S-20ug_mL 1,33,1.12,60.5
i_2S-20ug_mL 1,34,1.11,68.5
i_2S-20ug_mL 1,35,1.11,76.5
i_2S-20ug_mL 1,36,1.1,84.5
i_2S-20ug_mL 1,37,1.09,92.5
i_2S-20ug_mL 1,38,1.09,101.0
i_2S-20ug_mL 1,39,1.08,109.0
i_2S-20ug_mL 1,40,1.08,117.0
i_2S-20ug_mL 1,41,1.08,125.0
i_2S-20ug_mL 1,42,1.07,141.0
i_2S-20ug_mL 1,43,1.06,157.0
i_2S-20ug_mL 1,44,1.05,173.0
i_2S-20ug_mL 1,45,1.04,189.0
i_2S-20ug_mL 1,46,1.04,205.0
i_2S-20ug_mL 1,47,1.03,221.0
i_2S-20ug_mL 1,48,1.02,237.0
i_2S-20ug_mL 1,49,1.01,253.0
i_2S-20ug_mL 1,50,1.0,285.0
i_2S-20ug_mL 1,51,0.989,317.0
i_2S-20ug_mL 1,52,0.978,349.0
i_2S-20ug_mL 1,53,0.968,381.0
i_2S-20ug_mL 1,54,0.958,413.0
i_2S-20ug_mL 1,55,0.948,445.0
i_2S-20ug_mL 1,56,0.939,477.0
i_2S-20ug_mL 1,57,0.932,509.0
i_2S-20ug_mL 1,58,0.915,573.0
i_2S-20ug_mL 1,59,0.9,637.0
i_2S-20ug_mL 1,60,0.886,701.0
i_2S-20ug_mL 1,61,0.874,765.0
i_2S-20ug_mL 1,62,0.861,829.0
i_2S-20ug_mL 1,63,0.849,893.0
i_2S-20ug_mL 1,64,0.838,957.0
i_2S-20ug_mL 1,65,0.828,1020.0
i_2S-20ug_mL 1,66,0.81,1150.0
i_2S-20ug_mL 1,67,0.793,1280.0
i_2S-20ug_mL 1,68,0.778,1400.0
i_2S-20ug_mL 1,69,0.766,1530.0
i_2S-20ug_mL 1,70,0.755,1660.0
i_2S-20ug_mL 1,71,0.745,1790.0
i_2S-20ug_mL 1,72,0.736,1920.0
i_2S-20ug_mL 1,73,0.729,2040.0
i_2S-20ug_mL 1,74,0.714,2300.0
i_2S-20ug_mL 1,75,0.702,2560.0
i_2S-20ug_mL 1,76,0.693,2810.0
i_2S-20ug_mL 1,77,0.685,3070.0
i_2S-20ug_mL 1,78,0.678,3320.0
i_2S-20ug_mL 1,79,0.673,3580.0
i_2S-20ug_mL 1,80,0.666,3840.0
i_2S-20ug_mL 1,81,0.659,4090.0
i_2S-20ug_mL 1,82,0.645,4600.0
i_2S-20ug_mL 1,83,0.632,5120.0
i_2S-20ug_mL 1,84,0.618,5630.0
i_2S-20ug_mL 1,85,0.606,6140.0
i_2S-20ug_mL 1,86,0.598,6650.0
i_2S-20ug_mL 1,87,0.591,7160.0
i_2S-20ug_mL 1,88,0.582,7680.0
i_2S-20ug_mL 1,89,0.571,8190.0
i_2S-20ug_mL 1,90,0.553,9210.0
i_2S-20ug_mL 1,91,0.54,10200.0
i_2S-20ug_mL 1,92,0.529,11300.0
i_2S-20ug_mL 1,93,0.518,12300.0
i_2S-20ug_mL 1,94,0.508,13300.0
i_2S-20ug_mL 1,95,0.501,14300.0
i_2S-20ug_mL 1,96,0.492,15400.0
i_2S-20ug_mL 1,97,0.485,16400.0
i_2S-20ug_mL 1,98,0.473,18400.0
i_2S-20ug_mL 1,99,0.469,20500.0
i_2S-20ug_mL 1,100,0.46,22500.0
i_2S-20ug_mL 1,101,0.452,24600.0
i_2S-20ug_mL 1,102,0.443,26600.0
i_2S-20ug_mL 1,103,0.435,28700.0
i_2S-20ug_mL 1,104,0.425,30700.0
i_2S-20ug_mL 1,105,0.416,32800.0
i_2S-20ug_mL 1,106,0.402,36900.0
i_2S-20ug_mL 1,107,0.383,41000.0
i_2S-20ug_mL 1,108,0.359,45100.0
i_2S-20ug_mL 1,109,0.337,49100.0
i_2S-20ug_mL 1,110,0.311,53200.0
i_2S-20ug_mL 1,111,0.289,57300.0
i_2S-20ug_mL 1,112,0.275,61400.0
i_2S-20ug_mL 1,113,0.259,65500.0
i_2S-20ug_mL 1,114,0.24,73700.0
i_2S-20ug_mL 1,115,0.214,81900.0
i_2S-20ug_mL 1,116,0.191,90100.0
i_2S-20ug_mL 1,117,0.165,98300.0
i_2S-20ug_mL 1,118,0.137,106000.0
i_2S-20ug_mL 1,119,0.118,115000.0
i_2S-20ug_mL 1,120,0.102,123000.0
i_2S-20ug_mL 1,121,0.0886,131000.0
i_2S-20ug_mL 1,122,0.0662,147000.0
i_2S-20ug_mL 1,123,0.0474,164000.0
i_2S-20ug_mL 1,124,0.0358,180000.0
i_2S-20ug_mL 1,125,0.0268,197000.0
i_2S-20ug_mL 1,126,0.0218,213000.0
i_2S-20ug_mL 1,127,0.0184,229000.0
i_2S-20ug_mL 1,128,0.0167,246000.0
i_2S-20ug_mL 1,129,0.0131,262000.0
i_2S-20ug_mL 1,130,0.00824,295000.0
i_2S-20ug_mL 1,131,0.00316,328000.0
i_2S-20ug_mL 1,132,0.00186,360000.0
i_2S-20ug_mL 1,133,0.00206,393000.0
i_2S-20ug_mL 1,134,0.00224,426000.0
i_2S-20ug_mL 1,135,0.00282,459000.0
i_2S-20ug_mL 1,136,0.00249,492000.0
i_2S-20ug_mL 1,137,0.00811,524000.0
i_2S-20ug_mL 1,138,0.0117,590000.0
i_2S-20ug_mL 1,139,0.0125,655000.0
i_2S-20ug_mL 1,140,0.0148,721000.0
i_2S-20ug_mL 1,141,0.00827,786000.0
i_2S-20ug_mL 1,142,0.0139,852000.0
i_2S-20ug_mL 1,143,0.0176,918000.0
i_2S-20ug_mL 1,144,0.0118,983000.0
i_2S-20ug_mL 1,145,0.00716,1050000.0
i_2S-20ug_mL 1,146,0.0107,1180000.0
i_2S-20ug_mL 1,147,0.00555,1310000.0
i_2S-20ug_mL 1,148,0.0108,1440000.0
i_2S-20ug_mL 1,149,0.0169,1570000.0
i_2S-20ug_mL 1,150,0.0133,1700000.0
i_2S-20ug_mL 1,151,0.00591,1840000.0
i_2S-20ug_mL 1,152,0.00784,1970000.0
i_2S-20ug_mL 1,153,0.00805,2100000.0
i_2S-20ug_mL 1,154,0.00414,2360000.0
i_2S-20ug_mL 1,155,0.00609,2620000.0
i_2S-20ug_mL 1,156,0.0126,2880000.0
i_2S-20ug_mL 1,157,0.0116,3150000.0
i_2S-20ug_mL 1,158,0.00747,3410000.0
i_2S-20ug_mL 1,159,0.00614,3670000.0
i_2S-20ug_mL 1,160,0.00747,3930000.0
i_2S-20ug_mL 1,161,0.0,4190000.0
i_2S-20ug_mL 1,162,0.0,4720000.0
i_2S-20ug_mL 1,163,0.0,5240000.0
i_2S-20ug_mL 1,164,0.0,5770000.0
i_2S-20ug_mL 1,165,0.0,6290000.0
i_2S-20ug_mL 1,166,0.0,6820000.0
i_2S-20ug_mL 1,167,0.0,7340000.0
i_2S-20ug_mL 1,168,0.0,7860000.0
i_2S-20ug_mL 1,169,0.0,8390000.0
i_2S-20ug_mL 1,170,0.0,9440000.0
i_2S-20ug_mL 1,171,0.0,10500000.0
i_2S-20ug_mL 1,172,0.0,11500000.0
i_2S-20ug_mL 1,173,0.0,12600000.0
i_2S-20ug_mL 1,174,0.0,13600000.0
i_2S-20ug_mL 1,175,0.0,14700000.0
i_2S-20ug_mL 1,176,0.0,15700000.0
i_2S-20ug_mL 1,177,0.0,16800000.0
i_2S-20ug_mL 1,178,0.0,18900000.0
i_2S-20ug_mL 1,179,0.0,21000000.0
i_2S-20ug_mL 1,180,0.0,23100000.0
i_2S-20ug_mL 1,181,0.0,25200000.0
i_2S-20ug_mL 1,182,0.0,27300000.0
i_2S-20ug_mL 1,183,0.0,29400000.0
i_2S-20ug_mL 1,184,0.0,31500000.0
i_2S-20ug_mL 1,185,0.0,33600000.0
i_2S-20ug_mL 1,186,0.0,37700000.0
i_2S-20ug_mL 1,187,0.0,41900000.0
i_2S-20ug_mL 1,188,0.0,46100000.0
i_2S-20ug_mL 1,189,0.0,50300000.0
i_2S-20ug_mL 1,190,0.0,54500000.0
i_2S-20ug_mL 1,191,0.0,58700000.0
i_2S-20ug_mL 1,192,0.0,62900000.0
i_2S-20ug_mL 2,1,0.539,0.5
i_2S-20ug_mL 2,2,0.528,1.0
i_2S-20ug_mL 2,3,0.535,1.5
i_2S-20ug_mL 2,4,0.524,2.0
i_2S-20ug_mL 2,5,0.524,2.5
i_2S-20ug_mL 2,6,0.538,3.0
i_2S-20ug_mL 2,7,0.527,3.5
i_2S-20ug_mL 2,8,0.528,4.0
i_2S-20ug_mL 2,9,0.528,4.5
i_2S-20ug_mL 2,10,0.52,5.5
i_2S-20ug_mL 2,11,0.519,6.5
i_2S-20ug_mL 2,12,0.517,7.5
i_2S-20ug_mL 2,13,0.513,8.5
i_2S-20ug_mL 2,14,0.514,9.5
i_2S-20ug_mL 2,15,0.519,10.5
i_2S-20ug_mL 2,16,0.513,11.5
i_2S-20ug_mL 2,17,0.512,12.5
i_2S-20ug_mL 2,18,0.509,14.5
i_2S-20ug_mL 2,19,0.507,16.5
i_2S-20ug_mL 2,20,0.504,18.5
i_2S-20ug_mL 2,21,0.505,20.5
i_2S-20ug_mL 2,22,0.504,22.5
i_2S-20ug_mL 2,23,0.505,24.5
i_2S-20ug_mL 2,24,0.499,26.5
i_2S-20ug_mL 2,25,0.497,28.5
i_2S-20ug_mL 2,26,0.493,32.5
i_2S-20ug_mL 2,27,0.491,36.5
i_2S-20ug_mL 2,28,0.488,40.5
i_2S-20ug_mL 2,29,0.485,44.5
i_2S-20ug_mL 2,30,0.483,48.5
i_2S-20ug_mL 2,31,0.48,52.5
i_2S-20ug_mL 2,32,0.474,56.5
i_2S-20ug_mL 2,33,0.471,60.5
i_2S-20ug_mL 2,34,0.469,68.5
i_2S-20ug_mL 2,35,0.462,76.5
i_2S-20ug_mL 2,36,0.459,84.5
i_2S-20ug_mL 2,37,0.453,92.5
i_2S-20ug_mL 2,38,0.448,101.0
i_2S-20ug_mL 2,39,0.445,109.0
i_2S-20ug_mL 2,40,0.442,117.0
i_2S-20ug_mL 2,41,0.436,125.0
i_2S-20ug_mL 2,42,0.428,141.0
i_2S-20ug_mL 2,43,0.422,157.0
i_2S-20ug_mL 2,44,0.414,173.0
i_2S-20ug_mL 2,45,0.408,189.0
i_2S-20ug_mL 2,46,0.402,205.0
i_2S-20ug_mL 2,47,0.396,221.0
i_2S-20ug_mL 2,48,0.39,237.0
i_2S-20ug_mL 2,49,0.386,253.0
i_2S-20ug_mL 2,50,0.376,285.0
i_2S-20ug_mL 2,51,0.366,317.0
i_2S-20ug_mL 2,52,0.359,349.0
i_2S-20ug_mL 2,53,0.35,381.0
i_2S-20ug_mL 2,54,0.343,413.0
i_2S-20ug_mL 2,55,0.336,445.0
i_2S-20ug_mL 2,56,0.329,477.0
i_2S-20ug_mL 2,57,0.323,509.0
i_2S-20ug_mL 2,58,0.311,573.0
i_2S-20ug_mL 2,59,0.301,637.0
i_2S-20ug_mL 2,60,0.292,701.0
i_2S-20ug_mL 2,61,0.284,765.0
i_2S-20ug_mL 2,62,0.275,829.0
i_2S-20ug_mL 2,63,0.268,893.0
i_2S-20ug_mL 2,64,0.261,957.0
i_2S-20ug_mL 2,65,0.255,1020.0
i_2S-20ug_mL 2,66,0.245,1150.0
i_2S-20ug_mL 2,67,0.235,1280.0
i_2S-20ug_mL 2,68,0.227,1400.0
i_2S-20ug_mL 2,69,0.22,1530.0
i_2S-20ug_mL 2,70,0.214,1660.0
i_2S-20ug_mL 2,71,0.209,1790.0
i_2S-20ug_mL 2,72,0.204,1920.0
i_2S-20ug_mL 2,73,0.201,2040.0
i_2S-20ug_mL 2,74,0.195,2300.0
i_2S-20ug_mL 2,75,0.191,2560.0
i_2S-20ug_mL 2,76,0.188,2810.0
i_2S-20ug_mL 2,77,0.185,3070.0
i_2S-20ug_mL 2,78,0.182,3320.0
i_2S-20ug_mL 2,79,0.18,3580.0
i_2S-20ug_mL 2,80,0.179,3840.0
i_2S-20ug_mL 2,81,0.177,4090.0
i_2S-20ug_mL 2,82,0.174,4600.0
i_2S-20ug_mL 2,83,0.172,5120.0
i_2S-20ug_mL 2,84,0.169,5630.0
i_2S-20ug_mL 2,85,0.167,6140.0
i_2S-20ug_mL 2,86,0.163,6650.0
i_2S-20ug_mL 2,87,0.161,7160.0
i_2S-20ug_mL 2,88,0.16,7680.0
i_2S-20ug_mL 2,89,0.159,8190.0
i_2S-20ug_mL 2,90,0.154,9210.0
i_2S-20ug_mL 2,91,0.152,10200.0
i_2S-20ug_mL 2,92,0.151,11300.0
i_2S-20ug_mL 2,93,0.148,12300.0
i_2S-20ug_mL 2,94,0.145,13300.0
i_2S-20ug_mL 2,95,0.143,14300.0
i_2S-20ug_mL 2,96,0.143,15400.0
i_2S-20ug_mL 2,97,0.141,16400.0
i_2S-20ug_mL 2,98,0.137,18400.0
i_2S-20ug_mL 2,99,0.134,20500.0
i_2S-20ug_mL 2,100,0.131,22500.0
i_2S-20ug_mL 2,101,0.127,24600.0
i_2S-20ug_mL 2,102,0.126,26600.0
i_2S-20ug_mL 2,103,0.126,28700.0
i_2S-20ug_mL 2,104,0.126,30700.0
i_2S-20ug_mL 2,105,0.126,32800.0
i_2S-20ug_mL 2,106,0.125,36900.0
i_2S-20ug_mL 2,107,0.123,41000.0
i_2S-20ug_mL 2,108,0.121,45100.0
i_2S-20ug_mL 2,109,0.122,49100.0
i_2S-20ug_mL 2,110,0.119,53200.0
i_2S-20ug_mL 2,111,0.118,57300.0
i_2S-20ug_mL 2,112,0.116,61400.0
i_2S-20ug_mL 2,113,0.115,65500.0
i_2S-20ug_mL 2,114,0.114,73700.0
i_2S-20ug_mL 2,115,0.111,81900.0
i_2S-20ug_mL 2,116,0.11,90100.0
i_2S-20ug_mL 2,117,0.109,98300.0
i_2S-20ug_mL 2,118,0.108,106000.0
i_2S-20ug_mL 2,119,0.108,115000.0
i_2S-20ug_mL 2,120,0.108,123000.0
i_2S-20ug_mL 2,121,0.104,131000.0
i_2S-20ug_mL 2,122,0.1,147000.0
i_2S-20ug_mL 2,123,0.0965,164000.0
i_2S-20ug_mL 2,124,0.0962,180000.0
i_2S-20ug_mL 2,125,0.0911,197000.0
i_2S-20ug_mL 2,126,0.0879,213000.0
i_2S-20ug_mL 2,127,0.0829,229000.0
i_2S-20ug_mL 2,128,0.081,246000.0
i_2S-20ug_mL 2,129,0.0768,262000.0
i_2S-20ug_mL 2,130,0.0683,295000.0
i_2S-20ug_mL 2,131,0.0625,328000.0
i_2S-20ug_mL 2,132,0.0569,360000.0
i_2S-20ug_mL 2,133,0.0503,393000.0
i_2S-20ug_mL 2,134,0.0433,426000.0
i_2S-20ug_mL 2,135,0.0358,459000.0
i_2S-20ug_mL 2,136,0.0295,492000.0
i_2S-20ug_mL 2,137,0.026,524000.0
i_2S-20ug_mL 2,138,0.0191,590000.0
i_2S-20ug_mL 2,139,0.0142,655000.0
i_2S-20ug_mL 2,140,0.0115,721000.0
i_2S-20ug_mL 2,141,0.00994,786000.0
i_2S-20ug_mL 2,142,0.00882,852000.0
i_2S-20ug_mL 2,143,0.00813,918000.0
i_2S-20ug_mL 2,144,0.00784,983000.0
i_2S-20ug_mL 2,145,0.00766,1050000.0
i_2S-20ug_mL 2,146,0.00842,1180000.0
i_2S-20ug_mL 2,147,0.00874,1310000.0
i_2S-20ug_mL 2,148,0.00783,1440000.0
i_2S-20ug_mL 2,149,0.00735,1570000.0
i_2S-20ug_mL 2,150,0.00757,1700000.0
i_2S-20ug_mL 2,151,0.00571,1840000.0
i_2S-20ug_mL 2,152,0.0051,1970000.0
i_2S-20ug_mL 2,153,0.00251,2100000.0
i_2S-20ug_mL 2,154,0.00427,2360000.0
i_2S-20ug_mL 2,155,0.004,2620000.0
i_2S-20ug_mL 2,156,0.00558,2880000.0
i_2S-20ug_mL 2,157,0.00787,3150000.0
i_2S-20ug_mL 2,158,0.00985,3410000.0
i_2S-20ug_mL 2,159,0.00808,3670000.0
i_2S-20ug_mL 2,160,0.00969,3930000.0
i_2S-20ug_mL 2,161,0.0,4190000.0
i_2S-20ug_mL 2,162,0.0,4720000.0
i_2S-20ug_mL 2,163,0.0,5240000.0
i_2S-20ug_mL 2,164,0.0,5770000.0
i_2S-20ug_mL 2,165,0.0,6290000.0
i_2S-20ug_mL 2,166,0.0,6820000.0
i_2S-20ug_mL 2,167,0.0,7340000.0
i_2S-20ug_mL 2,168,0.0,7860000.0
i_2S-20ug_mL 2,169,0.0,8390000.0
i_2S-20ug_mL 2,170,0.0,9440000.0
i_2S-20ug_mL 2,171,0.0,10500000.0
i_2S-20ug_mL 2,172,0.0,11500000.0
i_2S-20ug_mL 2,173,0.0,12600000.0
i_2S-20ug_mL 2,174,0.0,13600000.0
i_2S-20ug_mL 2,175,0.0,14700000.0
i_2S-20ug_mL 2,176,0.0,15700000.0
i_2S-20ug_mL 2,177,0.0,16800000.0
i_2S-20ug_mL 2,178,0.0,18900000.0
i_2S-20ug_mL 2,179,0.0,21000000.0
i_2S-20ug_mL 2,180,0.0,23100000.0
i_2S-20ug_mL 2,181,0.0,25200000.0
i_2S-20ug_mL 2,182,0.0,27300000.0
i_2S-20ug_mL 2,183,0.0,29400000.0
i_2S-20ug_mL 2,184,0.0,31500000.0
i_2S-20ug_mL 2,185,0.0,33600000.0
i_2S-20ug_mL 2,186,0.0,37700000.0
i_2S-20ug_mL 2,187,0.0,41900000.0
i_2S-20ug_mL 2,188,0.0,46100000.0
i_2S-20ug_mL 2,189,0.0,50300000.0
i_2S-20ug_mL 2,190,0.0,54500000.0
i_2S-20ug_mL 2,191,0.0,58700000.0
i_2S-20ug_mL 2,192,0.0,62900000.0
i_2S-20ug_mL 3,1,0.294,0.5
i_2S-20ug_mL 3,2,0.3,1.0
i_2S-20ug_mL 3,3,0.299,1.5
i_2S-20ug_mL 3,4,0.298,2.0
i_2S-20ug_mL 3,5,0.299,2.5
i_2S-20ug_mL 3,6,0.297,3.0
i_2S-20ug_mL 3,7,0.296,3.5
i_2S-20ug_mL 3,8,0.299,4.0
i_2S-20ug_mL 3,9,0.298,4.5
i_2S-20ug_mL 3,10,0.295,5.5
i_2S-20ug_mL 3,11,0.295,6.5
i_2S-20ug_mL 3,12,0.293,7.5
i_2S-20ug_mL 3,13,0.295,8.5
i_2S-20ug_mL 3,14,0.294,9.5
i_2S-20ug_mL 3,15,0.293,10.5
i_2S-20ug_mL 3,16,0.293,11.5
i_2S-20ug_mL 3,17,0.293,12.5
i_2S-20ug_mL 3,18,0.292,14.5
i_2S-20ug_mL 3,19,0.291,16.5
i_2S-20ug_mL 3,20,0.291,18.5
i_2S-20ug_mL 3,21,0.29,20.5
i_2S-20ug_mL 3,22,0.289,22.5
i_2S-20ug_mL 3,23,0.288,24.5
i_2S-20ug_mL 3,24,0.287,26.5
i_2S-20ug_mL 3,25,0.287,28.5
i_2S-20ug_mL 3,26,0.285,32.5
i_2S-20ug_mL 3,27,0.284,36.5
i_2S-20ug_mL 3,28,0.283,40.5
i_2S-20ug_mL 3,29,0.281,44.5
i_2S-20ug_mL 3,30,0.28,48.5
i_2S-20ug_mL 3,31,0.279,52.5
i_2S-20ug_mL 3,32,0.278,56.5
i_2S-20ug_mL 3,33,0.277,60.5
i_2S-20ug_mL 3,34,0.274,68.5
i_2S-20ug_mL 3,35,0.272,76.5
i_2S-20ug_mL 3,36,0.269,84.5
i_2S-20ug_mL 3,37,0.267,92.5
i_2S-20ug_mL 3,38,0.266,101.0
i_2S-20ug_mL 3,39,0.264,109.0
i_2S-20ug_mL 3,40,0.261,117.0
i_2S-20ug_mL 3,41,0.259,125.0
i_2S-20ug_mL 3,42,0.256,141.0
i_2S-20ug_mL 3,43,0.252,157.0
i_2S-20ug_mL 3,44,0.248,173.0
i_2S-20ug_mL 3,45,0.246,189.0
i_2S-20ug_mL 3,46,0.242,205.0
i_2S-20ug_mL 3,47,0.239,221.0
i_2S-20ug_mL 3,48,0.236,237.0
i_2S-20ug_mL 3,49,0.233,253.0
i_2S-20ug_mL 3,50,0.227,285.0
i_2S-20ug_mL 3,51,0.222,317.0
i_2S-20ug_mL 3,52,0.217,349.0
i_2S-20ug_mL 3,53,0.211,381.0
i_2S-20ug_mL 3,54,0.207,413.0
i_2S-20ug_mL 3,55,0.202,445.0
i_2S-20ug_mL 3,56,0.197,477.0
i_2S-20ug_mL 3,57,0.193,509.0
i_2S-20ug_mL 3,58,0.185,573.0
i_2S-20ug_mL 3,59,0.177,637.0
i_2S-20ug_mL 3,60,0.169,701.0
i_2S-20ug_mL 3,61,0.162,765.0
i_2S-20ug_mL 3,62,0.156,829.0
i_2S-20ug_mL 3,63,0.149,893.0
i_2S-20ug_mL 3,64,0.143,957.0
i_2S-20ug_mL 3,65,0.137,1020.0
i_2S-20ug_mL 3,66,0.126,1150.0
i_2S-20ug_mL 3,67,0.117,1280.0
i_2S-20ug_mL 3,68,0.108,1400.0
i_2S-20ug_mL 3,69,0.101,1530.0
i_2S-20ug_mL 3,70,0.0937,1660.0
i_2S-20ug_mL 3,71,0.0879,1790.0
i_2S-20ug_mL 3,72,0.083,1920.0
i_2S-20ug_mL 3,73,0.0788,2040.0
i_2S-20ug_mL 3,74,0.0722,2300.0
i_2S-20ug_mL 3,75,0.0679,2560.0
i_2S-20ug_mL 3,76,0.0649,2810.0
i_2S-20ug_mL 3,77,0.063,3070.0
i_2S-20ug_mL 3,78,0.0618,3320.0
i_2S-20ug_mL 3,79,0.0612,3580.0
i_2S-20ug_mL 3,80,0.0608,3840.0
i_2S-20ug_mL 3,81,0.0609,4090.0
i_2S-20ug_mL 3,82,0.061,4600.0
i_2S-20ug_mL 3,83,0.0613,5120.0
i_2S-20ug_mL 3,84,0.0609,5630.0
i_2S-20ug_mL 3,85,0.0597,6140.0
i_2S-20ug_mL 3,86,0.0582,6650.0
i_2S-20ug_mL 3,87,0.0576,7160.0
i_2S-20ug_mL 3,88,0.0576,7680.0
i_2S-20ug_mL 3,89,0.0575,8190.0
i_2S-20ug_mL 3,90,0.0558,9210.0
i_2S-20ug_mL 3,91,0.0544,10200.0
i_2S-20ug_mL 3,92,0.0541,11300.0
i_2S-20ug_mL 3,93,0.0531,12300.0
i_2S-20ug_mL 3,94,0.0526,13300.0
i_2S-20ug_mL 3,95,0.0529,14300.0
i_2S-20ug_mL 3,96,0.0529,15400.0
i_2S-20ug_mL 3,97,0.0521,16400.0
i_2S-20ug_mL 3,98,0.0492,18400.0
i_2S-20ug_mL 3,99,0.0498,20500.0
i_2S-20ug_mL 3,100,0.049,22500.0
i_2S-20ug_mL 3,101,0.0477,24600.0
i_2S-20ug_mL 3,102,0.0463,26600.0
i_2S-20ug_mL 3,103,0.0462,28700.0
i_2S-20ug_mL 3,104,0.0452,30700.0
i_2S-20ug_mL 3,105,0.0443,32800.0
i_2S-20ug_mL 3,106,0.0417,36900.0
i_2S-20ug_mL 3,107,0.0413,41000.0
i_2S-20ug_mL 3,108,0.0394,45100.0
i_2S-20ug_mL 3,109,0.0402,49100.0
i_2S-20ug_mL 3,110,0.039,53200.0
i_2S-20ug_mL 3,111,0.0391,57300.0
i_2S-20ug_mL 3,112,0.0375,61400.0
i_2S-20ug_mL 3,113,0.0379,65500.0
i_2S-20ug_mL 3,114,0.0358,73700.0
i_2S-20ug_mL 3,115,0.0367,81900.0
i_2S-20ug_mL 3,116,0.0359,90100.0
i_2S-20ug_mL 3,117,0.0362,98300.0
i_2S-20ug_mL 3,118,0.0355,106000.0
i_2S-20ug_mL 3,119,0.0349,115000.0
i_2S-20ug_mL 3,120,0.0338,123000.0
i_2S-20ug_mL 3,121,0.0337,131000.0
i_2S-20ug_mL 3,122,0.0332,147000.0
i_2S-20ug_mL 3,123,0.0316,164000.0
i_2S-20ug_mL 3,124,0.031,180000.0
i_2S-20ug_mL 3,125,0.032,197000.0
i_2S-20ug_mL 3,126,0.0329,213000.0
i_2S-20ug_mL 3,127,0.0319,229000.0
i_2S-20ug_mL 3,128,0.0318,246000.0
i_2S-20ug_mL 3,129,0.0304,262000.0
i_2S-20ug_mL 3,130,0.0291,295000.0
i_2S-20ug_mL 3,131,0.0275,328000.0
i_2S-20ug_mL 3,132,0.0247,360000.0
i_2S-20ug_mL 3,133,0.0209,393000.0
i_2S-20ug_mL 3,134,0.0219,426000.0
i_2S-20ug_mL 3,135,0.0211,459000.0
i_2S-20ug_mL 3,136,0.0182,492000.0
i_2S-20ug_mL 3,137,0.0157,524000.0
i_2S-20ug_mL 3,138,0.0107,590000.0
i_2S-20ug_mL 3,139,0.0092,655000.0
i_2S-20ug_mL 3,140,0.00814,721000.0
i_2S-20ug_mL 3,141,0.00507,786000.0
i_2S-20ug_mL 3,142,0.00238,852000.0
i_2S-20ug_mL 3,143,0.00252,918000.0
i_2S-20ug_mL 3,144,0.00175,983000.0
i_2S-20ug_mL 3,145,0.00142,1050000.0
i_2S-20ug_mL 3,146,0.00105,1180000.0
i_2S-20ug_mL 3,147,0.000924,1310000.0
i_2S-20ug_mL 3,148,0.00165,1440000.0
i_2S-20ug_mL 3,149,0.00124,1570000.0
i_2S-20ug_mL 3,150,0.0019,1700000.0
i_2S-20ug_mL 3,151,0.00194,1840000.0
i_2S-20ug_mL 3,152,0.00192,1970000.0
i_2S-20ug_mL 3,153,0.00335,2100000.0
i_2S-20ug_mL 3,154,0.00361,2360000.0
i_2S-20ug_mL 3,155,0.0029,2620000.0
i_2S-20ug_mL 3,156,0.00777,2880000.0
i_2S-20ug_mL 3,157,0.0135,3150000.0
i_2S-20ug_mL 3,158,0.0154,3410000.0
i_2S-20ug_mL 3,159,0.0152,3670000.0
i_2S-20ug_mL 3,160,0.0107,3930000.0
i_2S-20ug_mL 3,161,0.0,4190000.0
i_2S-20ug_mL 3,162,0.0,4720000.0
i_2S-20ug_mL 3,163,0.0,5240000.0
i_2S-20ug_mL 3,164,0.0,5770000.0
i_2S-20ug_mL 3,165,0.0,6290000.0
i_2S-20ug_mL 3,166,0.0,6820000.0
i_2S-20ug_mL 3,167,0.0,7340000.0
i_2S-20ug_mL 3,168,0.0,7860000.0
i_2S-20ug_mL 3,169,0.0,8390000.0
i_2S-20ug_mL 3,170,0.0,9440000.0
i_2S-20ug_mL 3,171,0.0,10500000.0
i_2S-20ug_mL 3,172,0.0,11500000.0
i_2S-20ug_mL 3,173,0.0,12600000.0
i_2S-20ug_mL 3,174,0.0,13600000.0
i_2S-20ug_mL 3,175,0.0,14700000.0
i_2S-20ug_mL 3,176,0.0,15700000.0
i_2S-20ug_mL 3,177,0.0,16800000.0
i_2S-20ug_mL 3,178,0.0,18900000.0
i_2S-20ug_mL 3,179,0.0,21000000.0
i_2S-20ug_mL 3,180,0.0,23100000.0
i_2S-20ug_mL 3,181,0.0,25200000.0
i_2S-20ug_mL 3,182,0.0,27300000.0
i_2S-20ug_mL 3,183,0.0,29400000.0
i_2S-20ug_mL 3,184,0.0,31500000.0
i_2S-20ug_mL 3,185,0.0,33600000.0
i_2S-20ug_mL 3,186,0.0,37700000.0
i_2S-20ug_mL 3,187,0.0,41900000.0
i_2S-20ug_mL 3,188,0.0,46100000.0
i_2S-20ug_mL 3,189,0.0,50300000.0
i_2S-20ug_mL 3,190,0.0,54500000.0
i_2S-20ug_mL 3,191,0.0,58700000.0
i_2S-20ug_mL 3,192,0.0,62900000.0
L_3S-35ug_mL 1,1,0.666,0.5
L_3S-35ug_mL 1,2,0.671,1.0
L_3S-35ug_mL 1,3,0.658,1.5
L_3S-35ug_mL 1,4,0.667,2.0
L_3S-35ug_mL 1,5,0.658,2.5
L_3S-35ug_mL 1,6,0.666,3.0
L_3S-35ug_mL 1,7,0.665,3.5
L_3S-35ug_mL 1,8,0.658,4.0
L_3S-35ug_mL 1,9,0.66,4.5
L_3S-35ug_mL 1,10,0.656,5.5
L_3S-35ug_mL 1,11,0.664,6.5
L_3S-35ug_mL 1,12,0.656,7.5
L_3S-35ug_mL 1,13,0.656,8.5
L_3S-35ug_mL 1,14,0.654,9.5
L_3S-35ug_mL 1,15,0.651,10.5
L_3S-35ug_mL 1,16,0.656,11.5
L_3S-35ug_mL 1,17,0.653,12.5
L_3S-35ug_mL 1,18,0.646,14.5
L_3S-35ug_mL 1,19,0.642,16.5
L_3S-35ug_mL 1,20,0.642,18.5
L_3S-35ug_mL 1,21,0.641,20.5
L_3S-35ug_mL 1,22,0.641,22.5
L_3S-35ug_mL 1,23,0.64,24.5
L_3S-35ug_mL 1,24,0.636,26.5
L_3S-35ug_mL 1,25,0.634,28.5
L_3S-35ug_mL 1,26,0.633,32.5
L_3S-35ug_mL 1,27,0.628,36.5
L_3S-35ug_mL 1,28,0.626,40.5
L_3S-35ug_mL 1,29,0.622,44.5
L_3S-35ug_mL 1,30,0.623,48.5
L_3S-35ug_mL 1,31,0.618,52.5
L_3S-35ug_mL 1,32,0.615,56.5
L_3S-35ug_mL 1,33,0.613,60.5
L_3S-35ug_mL 1,34,0.607,68.5
L_3S-35ug_mL 1,35,0.604,76.5
L_3S-35ug_mL 1,36,0.599,84.5
L_3S-35ug_mL 1,37,0.596,92.5
L_3S-35ug_mL 1,38,0.591,101.0
L_3S-35ug_mL 1,39,0.586,109.0
L_3S-35ug_mL 1,40,0.583,117.0
L_3S-35ug_mL 1,41,0.579,125.0
L_3S-35ug_mL 1,42,0.572,141.0
L_3S-35ug_mL 1,43,0.565,157.0
L_3S-35ug_mL 1,44,0.558,173.0
L_3S-35ug_mL 1,45,0.551,189.0
L_3S-35ug_mL 1,46,0.546,205.0
L_3S-35ug_mL 1,47,0.541,221.0
L_3S-35ug_mL 1,48,0.535,237.0
L_3S-35ug_mL 1,49,0.529,253.0
L_3S-35ug_mL 1,50,0.519,285.0
L_3S-35ug_mL 1,51,0.509,317.0
L_3S-35ug_mL 1,52,0.5,349.0
L_3S-35ug_mL 1,53,0.492,381.0
L_3S-35ug_mL 1,54,0.485,413.0
L_3S-35ug_mL 1,55,0.477,445.0
L_3S-35ug_mL 1,56,0.47,477.0
L_3S-35ug_mL 1,57,0.463,509.0
L_3S-35ug_mL 1,58,0.449,573.0
L_3S-35ug_mL 1,59,0.436,637.0
L_3S-35ug_mL 1,60,0.425,701.0
L_3S-35ug_mL 1,61,0.414,765.0
L_3S-35ug_mL 1,62,0.403,829.0
L_3S-35ug_mL 1,63,0.393,893.0
L_3S-35ug_mL 1,64,0.384,957.0
L_3S-35ug_mL 1,65,0.375,1020.0
L_3S-35ug_mL 1,66,0.359,1150.0
L_3S-35ug_mL 1,67,0.344,1280.0
L_3S-35ug_mL 1,68,0.33,1400.0
L_3S-35ug_mL 1,69,0.317,1530.0
L_3S-35ug_mL 1,70,0.305,1660.0
L_3S-35ug_mL 1,71,0.295,1790.0
L_3S-35ug_mL 1,72,0.285,1920.0
L_3S-35ug_mL 1,73,0.276,2040.0
L_3S-35ug_mL 1,74,0.26,2300.0
L_3S-35ug_mL 1,75,0.246,2560.0
L_3S-35ug_mL 1,76,0.235,2810.0
L_3S-35ug_mL 1,77,0.225,3070.0
L_3S-35ug_mL 1,78,0.217,3320.0
L_3S-35ug_mL 1,79,0.21,3580.0
L_3S-35ug_mL 1,80,0.205,3840.0
L_3S-35ug_mL 1,81,0.2,4090.0
L_3S-35ug_mL 1,82,0.193,4600.0
L_3S-35ug_mL 1,83,0.188,5120.0
L_3S-35ug_mL 1,84,0.183,5630.0
L_3S-35ug_mL 1,85,0.181,6140.0
L_3S-35ug_mL 1,86,0.179,6650.0
L_3S-35ug_mL 1,87,0.178,7160.0
L_3S-35ug_mL 1,88,0.177,7680.0
L_3S-35ug_mL 1,89,0.176,8190.0
L_3S-35ug_mL 1,90,0.173,9210.0
L_3S-35ug_mL 1,91,0.171,10200.0
L_3S-35ug_mL 1,92,0.169,11300.0
L_3S-35ug_mL 1,93,0.166,12300.0
L_3S-35ug_mL 1,94,0.167,13300.0
L_3S-35ug_mL 1,95,0.169,14300.0
L_3S-35ug_mL 1,96,0.168,15400.0
L_3S-35ug_mL 1,97,0.165,16400.0
L_3S-35ug_mL 1,98,0.16,18400.0
L_3S-35ug_mL 1,99,0.157,20500.0
L_3S-35ug_mL 1,100,0.155,22500.0
L_3S-35ug_mL 1,101,0.153,24600.0
L_3S-35ug_mL 1,102,0.148,26600.0
L_3S-35ug_mL 1,103,0.144,28700.0
L_3S-35ug_mL 1,104,0.144,30700.0
L_3S-35ug_mL 1,105,0.141,32800.0
L_3S-35ug_mL 1,106,0.138,36900.0
L_3S-35ug_mL 1,107,0.128,41000.0
L_3S-35ug_mL 1,108,0.115,45100.0
L_3S-35ug_mL 1,109,0.106,49100.0
L_3S-35ug_mL 1,110,0.101,53200.0
L_3S-35ug_mL 1,111,0.0932,57300.0
L_3S-35ug_mL 1,112,0.0847,61400.0
L_3S-35ug_mL 1,113,0.0794,65500.0
L_3S-35ug_mL 1,114,0.0691,73700.0
L_3S-35ug_mL 1,115,0.0582,81900.0
L_3S-35ug_mL 1,116,0.0463,90100.0
L_3S-35ug_mL 1,117,0.0336,98300.0
L_3S-35ug_mL 1,118,0.0295,106000.0
L_3S-35ug_mL 1,119,0.0223,115000.0
L_3S-35ug_mL 1,120,0.0192,123000.0
L_3S-35ug_mL 1,121,0.0166,131000.0
L_3S-35ug_mL 1,122,0.0128,147000.0
L_3S-35ug_mL 1,123,0.0105,164000.0
L_3S-35ug_mL 1,124,0.0083,180000.0
L_3S-35ug_mL 1,125,0.00868,197000.0
L_3S-35ug_mL 1,126,0.00573,213000.0
L_3S-35ug_mL 1,127,0.00612,229000.0
L_3S-35ug_mL 1,128,0.00617,246000.0
L_3S-35ug_mL 1,129,0.00661,262000.0
L_3S-35ug_mL 1,130,0.0068,295000.0
L_3S-35ug_mL 1,131,0.00926,328000.0
L_3S-35ug_mL 1,132,0.00818,360000.0
L_3S-35ug_mL 1,133,0.00378,393000.0
L_3S-35ug_mL 1,134,0.00145,426000.0
L_3S-35ug_mL 1,135,0.00248,459000.0
L_3S-35ug_mL 1,136,0.00429,492000.0
L_3S-35ug_mL 1,137,0.00621,524000.0
L_3S-35ug_mL 1,138,0.00865,590000.0
L_3S-35ug_mL 1,139,0.00836,655000.0
L_3S-35ug_mL 1,140,0.0104,721000.0
L_3S-35ug_mL 1,141,0.00915,786000.0
L_3S-35ug_mL 1,142,0.00648,852000.0
L_3S-35ug_mL 1,143,0.00513,918000.0
L_3S-35ug_mL 1,144,0.00315,983000.0
L_3S-35ug_mL 1,145,0.00284,1050000.0
L_3S-35ug_mL 1,146,0.00495,1180000.0
L_3S-35ug_mL 1,147,0.00359,1310000.0
L_3S-35ug_mL 1,148,0.00542,1440000.0
L_3S-35ug_mL 1,149,0.00342,1570000.0
L_3S-35ug_mL 1,150,0.00292,1700000.0
L_3S-35ug_mL 1,151,0.0121,1840000.0
L_3S-35ug_mL 1,152,0.0113,1970000.0
L_3S-35ug_mL 1,153,0.00629,2100000.0
L_3S-35ug_mL 1,154,0.0152,2360000.0
L_3S-35ug_mL 1,155,0.00595,2620000.0
L_3S-35ug_mL 1,156,0.0083,2880000.0
L_3S-35ug_mL 1,157,0.0135,3150000.0
L_3S-35ug_mL 1,158,0.0102,3410000.0
L_3S-35ug_mL 1,159,0.00844,3670000.0
L_3S-35ug_mL 1,160,0.0078,3930000.0
L_3S-35ug_mL 1,161,0.0,4190000.0
L_3S-35ug_mL 1,162,0.0,4720000.0
L_3S-35ug_mL 1,163,0.0,5240000.0
L_3S-35ug_mL 1,164,0.0,5770000.0
L_3S-35ug_mL 1,165,0.0,6290000.0
L_3S-35ug_mL 1,166,0.0,6820000.0
L_3S-35ug_mL 1,167,0.0,7340000.0
L_3S-35ug_mL 1,168,0.0,7860000.0
L_3S-35ug_mL 1,169,0.0,8390000.0
L_3S-35ug_mL 1,170,0.0,9440000.0
L_3S-35ug_mL 1,171,0.0,10500000.0
L_3S-35ug_mL 1,172,0.0,11500000.0
L_3S-35ug_mL 1,173,0.0,12600000.0
L_3S-35ug_mL 1,174,0.0,13600000.0
L_3S-35ug_mL 1,175,0.0,14700000.0
L_3S-35ug_mL 1,176,0.0,15700000.0
L_3S-35ug_mL 1,177,0.0,16800000.0
L_3S-35ug_mL 1,178,0.0,18900000.0
L_3S-35ug_mL 1,179,0.0,21000000.0
L_3S-35ug_mL 1,180,0.0,23100000.0
L_3S-35ug_mL 1,181,0.0,25200000.0
L_3S-35ug_mL 1,182,0.0,27300000.0
L_3S-35ug_mL 1,183,0.0,29400000.0
L_3S-35ug_mL 1,184,0.0,31500000.0
L_3S-35ug_mL 1,185,0.0,33600000.0
L_3S-35ug_mL 1,186,0.0,37700000.0
L_3S-35ug_mL 1,187,0.0,41900000.0
L_3S-35ug_mL 1,188,0.0,46100000.0
L_3S-35ug_mL 1,189,0.0,50300000.0
L_3S-35ug_mL 1,190,0.0,54500000.0
L_3S-35ug_mL 1,191,0.0,58700000.0
L_3S-35ug_mL 1,192,0.0,62900000.0
L_3S-35ug_mL 2,1,0.589,0.5
L_3S-35ug_mL 2,2,0.583,1.0
L_3S-35ug_mL 2,3,0.582,1.5
L_3S-35ug_mL 2,4,0.586,2.0
L_3S-35ug_mL 2,5,0.582,2.5
L_3S-35ug_mL 2,6,0.581,3.0
L_3S-35ug_mL 2,7,0.582,3.5
L_3S-35ug_mL 2,8,0.582,4.0
L_3S-35ug_mL 2,9,0.58,4.5
L_3S-35ug_mL 2,10,0.574,5.5
L_3S-35ug_mL 2,11,0.574,6.5
L_3S-35ug_mL 2,12,0.575,7.5
L_3S-35ug_mL 2,13,0.574,8.5
L_3S-35ug_mL 2,14,0.572,9.5
L_3S-35ug_mL 2,15,0.57,10.5
L_3S-35ug_mL 2,16,0.569,11.5
L_3S-35ug_mL 2,17,0.57,12.5
L_3S-35ug_mL 2,18,0.567,14.5
L_3S-35ug_mL 2,19,0.562,16.5
L_3S-35ug_mL 2,20,0.559,18.5
L_3S-35ug_mL 2,21,0.556,20.5
L_3S-35ug_mL 2,22,0.557,22.5
L_3S-35ug_mL 2,23,0.554,24.5
L_3S-35ug_mL 2,24,0.551,26.5
L_3S-35ug_mL 2,25,0.549,28.5
L_3S-35ug_mL 2,26,0.547,32.5
L_3S-35ug_mL 2,27,0.545,36.5
L_3S-35ug_mL 2,28,0.54,40.5
L_3S-35ug_mL 2,29,0.538,44.5
L_3S-35ug_mL 2,30,0.535,48.5
L_3S-35ug_mL 2,31,0.532,52.5
L_3S-35ug_mL 2,32,0.526,56.5
L_3S-35ug_mL 2,33,0.527,60.5
L_3S-35ug_mL 2,34,0.52,68.5
L_3S-35ug_mL 2,35,0.515,76.5
L_3S-35ug_mL 2,36,0.512,84.5
L_3S-35ug_mL 2,37,0.507,92.5
L_3S-35ug_mL 2,38,0.502,101.0
L_3S-35ug_mL 2,39,0.497,109.0
L_3S-35ug_mL 2,40,0.492,117.0
L_3S-35ug_mL 2,41,0.489,125.0
L_3S-35ug_mL 2,42,0.483,141.0
L_3S-35ug_mL 2,43,0.476,157.0
L_3S-35ug_mL 2,44,0.469,173.0
L_3S-35ug_mL 2,45,0.463,189.0
L_3S-35ug_mL 2,46,0.456,205.0
L_3S-35ug_mL 2,47,0.45,221.0
L_3S-35ug_mL 2,48,0.445,237.0
L_3S-35ug_mL 2,49,0.439,253.0
L_3S-35ug_mL 2,50,0.429,285.0
L_3S-35ug_mL 2,51,0.418,317.0
L_3S-35ug_mL 2,52,0.409,349.0
L_3S-35ug_mL 2,53,0.4,381.0
L_3S-35ug_mL 2,54,0.392,413.0
L_3S-35ug_mL 2,55,0.383,445.0
L_3S-35ug_mL 2,56,0.376,477.0
L_3S-35ug_mL 2,57,0.369,509.0
L_3S-35ug_mL 2,58,0.354,573.0
L_3S-35ug_mL 2,59,0.342,637.0
L_3S-35ug_mL 2,60,0.33,701.0
L_3S-35ug_mL 2,61,0.318,765.0
L_3S-35ug_mL 2,62,0.307,829.0
L_3S-35ug_mL 2,63,0.296,893.0
L_3S-35ug_mL 2,64,0.286,957.0
L_3S-35ug_mL 2,65,0.277,1020.0
L_3S-35ug_mL 2,66,0.258,1150.0
L_3S-35ug_mL 2,67,0.241,1280.0
L_3S-35ug_mL 2,68,0.227,1400.0
L_3S-35ug_mL 2,69,0.213,1530.0
L_3S-35ug_mL 2,70,0.201,1660.0
L_3S-35ug_mL 2,71,0.189,1790.0
L_3S-35ug_mL 2,72,0.179,1920.0
L_3S-35ug_mL 2,73,0.171,2040.0
L_3S-35ug_mL 2,74,0.155,2300.0
L_3S-35ug_mL 2,75,0.142,2560.0
L_3S-35ug_mL 2,76,0.132,2810.0
L_3S-35ug_mL 2,77,0.125,3070.0
L_3S-35ug_mL 2,78,0.119,3320.0
L_3S-35ug_mL 2,79,0.114,3580.0
L_3S-35ug_mL 2,80,0.111,3840.0
L_3S-35ug_mL 2,81,0.109,4090.0
L_3S-35ug_mL 2,82,0.108,4600.0
L_3S-35ug_mL 2,83,0.108,5120.0
L_3S-35ug_mL 2,84,0.107,5630.0
L_3S-35ug_mL 2,85,0.107,6140.0
L_3S-35ug_mL 2,86,0.106,6650.0
L_3S-35ug_mL 2,87,0.102,7160.0
L_3S-35ug_mL 2,88,0.0977,7680.0
L_3S-35ug_mL 2,89,0.0939,8190.0
L_3S-35ug_mL 2,90,0.0893,9210.0
L_3S-35ug_mL 2,91,0.0867,10200.0
L_3S-35ug_mL 2,92,0.0876,11300.0
L_3S-35ug_mL 2,93,0.0888,12300.0
L_3S-35ug_mL 2,94,0.0873,13300.0
L_3S-35ug_mL 2,95,0.0845,14300.0
L_3S-35ug_mL 2,96,0.0834,15400.0
L_3S-35ug_mL 2,97,0.0817,16400.0
L_3S-35ug_mL 2,98,0.0827,18400.0
L_3S-35ug_mL 2,99,0.0802,20500.0
L_3S-35ug_mL 2,100,0.0807,22500.0
L_3S-35ug_mL 2,101,0.0817,24600.0
L_3S-35ug_mL 2,102,0.0799,26600.0
L_3S-35ug_mL 2,103,0.0769,28700.0
L_3S-35ug_mL 2,104,0.0779,30700.0
L_3S-35ug_mL 2,105,0.0757,32800.0
L_3S-35ug_mL 2,106,0.0721,36900.0
L_3S-35ug_mL 2,107,0.0715,41000.0
L_3S-35ug_mL 2,108,0.0711,45100.0
L_3S-35ug_mL 2,109,0.07,49100.0
L_3S-35ug_mL 2,110,0.0727,53200.0
L_3S-35ug_mL 2,111,0.0721,57300.0
L_3S-35ug_mL 2,112,0.0681,61400.0
L_3S-35ug_mL 2,113,0.0656,65500.0
L_3S-35ug_mL 2,114,0.0624,73700.0
L_3S-35ug_mL 2,115,0.0613,81900.0
L_3S-35ug_mL 2,116,0.0591,90100.0
L_3S-35ug_mL 2,117,0.0541,98300.0
L_3S-35ug_mL 2,118,0.0519,106000.0
L_3S-35ug_mL 2,119,0.0478,115000.0
L_3S-35ug_mL 2,120,0.0466,123000.0
L_3S-35ug_mL 2,121,0.0442,131000.0
L_3S-35ug_mL 2,122,0.0407,147000.0
L_3S-35ug_mL 2,123,0.0373,164000.0
L_3S-35ug_mL 2,124,0.0336,180000.0
L_3S-35ug_mL 2,125,0.0276,197000.0
L_3S-35ug_mL 2,126,0.0277,213000.0
L_3S-35ug_mL 2,127,0.0239,229000.0
L_3S-35ug_mL 2,128,0.023,246000.0
L_3S-35ug_mL 2,129,0.0199,262000.0
L_3S-35ug_mL 2,130,0.015,295000.0
L_3S-35ug_mL 2,131,0.00996,328000.0
L_3S-35ug_mL 2,132,0.00784,360000.0
L_3S-35ug_mL 2,133,0.0046,393000.0
L_3S-35ug_mL 2,134,0.00335,426000.0
L_3S-35ug_mL 2,135,0.00123,459000.0
L_3S-35ug_mL 2,136,0.00191,492000.0
L_3S-35ug_mL 2,137,0.00185,524000.0
L_3S-35ug_mL 2,138,0.00177,590000.0
L_3S-35ug_mL 2,139,0.000399,655000.0
L_3S-35ug_mL 2,140,0.000412,721000.0
L_3S-35ug_mL 2,141,0.000781,786000.0
L_3S-35ug_mL 2,142,0.00127,852000.0
L_3S-35ug_mL 2,143,0.00254,918000.0
L_3S-35ug_mL 2,144,0.00246,983000.0
L_3S-35ug_mL 2,145,0.00336,1050000.0
L_3S-35ug_mL 2,146,0.00434,1180000.0
L_3S-35ug_mL 2,147,0.00472,1310000.0
L_3S-35ug_mL 2,148,0.00355,1440000.0
L_3S-35ug_mL 2,149,0.00197,1570000.0
L_3S-35ug_mL 2,150,0.000292,1700000.0
L_3S-35ug_mL 2,151,0.000159,1840000.0
L_3S-35ug_mL 2,152,0.000997,1970000.0
L_3S-35ug_mL 2,153,0.00419,2100000.0
L_3S-35ug_mL 2,154,0.0131,2360000.0
L_3S-35ug_mL 2,155,0.0105,2620000.0
L_3S-35ug_mL 2,156,0.00859,2880000.0
L_3S-35ug_mL 2,157,0.0129,3150000.0
L_3S-35ug_mL 2,158,0.0103,3410000.0
L_3S-35ug_mL 2,159,0.00634,3670000.0
L_3S-35ug_mL 2,160,0.00521,3930000.0
L_3S-35ug_mL 2,161,0.0,4190000.0
L_3S-35ug_mL 2,162,0.0,4720000.0
L_3S-35ug_mL 2,163,0.0,5240000.0
L_3S-35ug_mL 2,164,0.0,5770000.0
L_3S-35ug_mL 2,165,0.0,6290000.0
L_3S-35ug_mL 2,166,0.0,6820000.0
L_3S-35ug_mL 2,167,0.0,7340000.0
L_3S-35ug_mL 2,168,0.0,7860000.0
L_3S-35ug_mL 2,169,0.0,8390000.0
L_3S-35ug_mL 2,170,0.0,9440000.0
L_3S-35ug_mL 2,171,0.0,10500000.0
L_3S-35ug_mL 2,172,0.0,11500000.0
L_3S-35ug_mL 2,173,0.0,12600000.0
L_3S-35ug_mL 2,174,0.0,13600000.0
L_3S-35ug_mL 2,175,0.0,14700000.0
L_3S-35ug_mL 2,176,0.0,15700000.0
L_3S-35ug_mL 2,177,0.0,16800000.0
L_3S-35ug_mL 2,178,0.0,18900000.0
L_3S-35ug_mL 2,179,0.0,21000000.0
L_3S-35ug_mL 2,180,0.0,23100000.0
L_3S-35ug_mL 2,181,0.0,25200000.0
L_3S-35ug_mL 2,182,0.0,27300000.0
L_3S-35ug_mL 2,183,0.0,29400000.0
L_3S-35ug_mL 2,184,0.0,31500000.0
L_3S-35ug_mL 2,185,0.0,33600000.0
L_3S-35ug_mL 2,186,0.0,37700000.0
L_3S-35ug_mL 2,187,0.0,41900000.0
L_3S-35ug_mL 2,188,0.0,46100000.0
L_3S-35ug_mL 2,189,0.0,50300000.0
L_3S-35ug_mL 2,190,0.0,54500000.0
L_3S-35ug_mL 2,191,0.0,58700000.0
L_3S-35ug_mL 2,192,0.0,62900000.0
L_3S-35ug_mL 3,1,0.475,0.5
L_3S-35ug_mL 3,2,0.471,1.0
L_3S-35ug_mL 3,3,0.471,1.5
L_3S-35ug_mL 3,4,0.468,2.0
L_3S-35ug_mL 3,5,0.466,2.5
L_3S-35ug_mL 3,6,0.473,3.0
L_3S-35ug_mL 3,7,0.466,3.5
L_3S-35ug_mL 3,8,0.468,4.0
L_3S-35ug_mL 3,9,0.462,4.5
L_3S-35ug_mL 3,10,0.465,5.5
L_3S-35ug_mL 3,11,0.465,6.5
L_3S-35ug_mL 3,12,0.457,7.5
L_3S-35ug_mL 3,13,0.46,8.5
L_3S-35ug_mL 3,14,0.459,9.5
L_3S-35ug_mL 3,15,0.459,10.5
L_3S-35ug_mL 3,16,0.452,11.5
L_3S-35ug_mL 3,17,0.455,12.5
L_3S-35ug_mL 3,18,0.449,14.5
L_3S-35ug_mL 3,19,0.452,16.5
L_3S-35ug_mL 3,20,0.446,18.5
L_3S-35ug_mL 3,21,0.449,20.5
L_3S-35ug_mL 3,22,0.442,22.5
L_3S-35ug_mL 3,23,0.441,24.5
L_3S-35ug_mL 3,24,0.443,26.5
L_3S-35ug_mL 3,25,0.441,28.5
L_3S-35ug_mL 3,26,0.438,32.5
L_3S-35ug_mL 3,27,0.435,36.5
L_3S-35ug_mL 3,28,0.43,40.5
L_3S-35ug_mL 3,29,0.427,44.5
L_3S-35ug_mL 3,30,0.426,48.5
L_3S-35ug_mL 3,31,0.424,52.5
L_3S-35ug_mL 3,32,0.42,56.5
L_3S-35ug_mL 3,33,0.42,60.5
L_3S-35ug_mL 3,34,0.414,68.5
L_3S-35ug_mL 3,35,0.408,76.5
L_3S-35ug_mL 3,36,0.406,84.5
L_3S-35ug_mL 3,37,0.403,92.5
L_3S-35ug_mL 3,38,0.398,101.0
L_3S-35ug_mL 3,39,0.395,109.0
L_3S-35ug_mL 3,40,0.39,117.0
L_3S-35ug_mL 3,41,0.387,125.0
L_3S-35ug_mL 3,42,0.38,141.0
L_3S-35ug_mL 3,43,0.374,157.0
L_3S-35ug_mL 3,44,0.369,173.0
L_3S-35ug_mL 3,45,0.364,189.0
L_3S-35ug_mL 3,46,0.358,205.0
L_3S-35ug_mL 3,47,0.353,221.0
L_3S-35ug_mL 3,48,0.347,237.0
L_3S-35ug_mL 3,49,0.343,253.0
L_3S-35ug_mL 3,50,0.334,285.0
L_3S-35ug_mL 3,51,0.325,317.0
L_3S-35ug_mL 3,52,0.317,349.0
L_3S-35ug_mL 3,53,0.31,381.0
L_3S-35ug_mL 3,54,0.303,413.0
L_3S-35ug_mL 3,55,0.296,445.0
L_3S-35ug_mL 3,56,0.289,477.0
L_3S-35ug_mL 3,57,0.282,509.0
L_3S-35ug_mL 3,58,0.271,573.0
L_3S-35ug_mL 3,59,0.261,637.0
L_3S-35ug_mL 3,60,0.25,701.0
L_3S-35ug_mL 3,61,0.24,765.0
L_3S-35ug_mL 3,62,0.231,829.0
L_3S-35ug_mL 3,63,0.222,893.0
L_3S-35ug_mL 3,64,0.214,957.0
L_3S-35ug_mL 3,65,0.205,1020.0
L_3S-35ug_mL 3,66,0.19,1150.0
L_3S-35ug_mL 3,67,0.177,1280.0
L_3S-35ug_mL 3,68,0.164,1400.0
L_3S-35ug_mL 3,69,0.153,1530.0
L_3S-35ug_mL 3,70,0.142,1660.0
L_3S-35ug_mL 3,71,0.132,1790.0
L_3S-35ug_mL 3,72,0.123,1920.0
L_3S-35ug_mL 3,73,0.115,2040.0
L_3S-35ug_mL 3,74,0.0987,2300.0
L_3S-35ug_mL 3,75,0.086,2560.0
L_3S-35ug_mL 3,76,0.076,2810.0
L_3S-35ug_mL 3,77,0.0678,3070.0
L_3S-35ug_mL 3,78,0.0611,3320.0
L_3S-35ug_mL 3,79,0.0556,3580.0
L_3S-35ug_mL 3,80,0.0523,3840.0
L_3S-35ug_mL 3,81,0.0504,4090.0
L_3S-35ug_mL 3,82,0.0474,4600.0
L_3S-35ug_mL 3,83,0.0466,5120.0
L_3S-35ug_mL 3,84,0.0478,5630.0
L_3S-35ug_mL 3,85,0.049,6140.0
L_3S-35ug_mL 3,86,0.0501,6650.0
L_3S-35ug_mL 3,87,0.0505,7160.0
L_3S-35ug_mL 3,88,0.0495,7680.0
L_3S-35ug_mL 3,89,0.0478,8190.0
L_3S-35ug_mL 3,90,0.0439,9210.0
L_3S-35ug_mL 3,91,0.0409,10200.0
L_3S-35ug_mL 3,92,0.0387,11300.0
L_3S-35ug_mL 3,93,0.038,12300.0
L_3S-35ug_mL 3,94,0.0378,13300.0
L_3S-35ug_mL 3,95,0.0371,14300.0
L_3S-35ug_mL 3,96,0.0374,15400.0
L_3S-35ug_mL 3,97,0.0356,16400.0
L_3S-35ug_mL 3,98,0.0356,18400.0
L_3S-35ug_mL 3,99,0.0351,20500.0
L_3S-35ug_mL 3,100,0.0354,22500.0
L_3S-35ug_mL 3,101,0.0377,24600.0
L_3S-35ug_mL 3,102,0.0357,26600.0
L_3S-35ug_mL 3,103,0.033,28700.0
L_3S-35ug_mL 3,104,0.0328,30700.0
L_3S-35ug_mL 3,105,0.0308,32800.0
L_3S-35ug_mL 3,106,0.0294,36900.0
L_3S-35ug_mL 3,107,0.0313,41000.0
L_3S-35ug_mL 3,108,0.0312,45100.0
L_3S-35ug_mL 3,109,0.031,49100.0
L_3S-35ug_mL 3,110,0.031,53200.0
L_3S-35ug_mL 3,111,0.0313,57300.0
L_3S-35ug_mL 3,112,0.0282,61400.0
L_3S-35ug_mL 3,113,0.0277,65500.0
L_3S-35ug_mL 3,114,0.0263,73700.0
L_3S-35ug_mL 3,115,0.0266,81900.0
L_3S-35ug_mL 3,116,0.0255,90100.0
L_3S-35ug_mL 3,117,0.0253,98300.0
L_3S-35ug_mL 3,118,0.0261,106000.0
L_3S-35ug_mL 3,119,0.0242,115000.0
L_3S-35ug_mL 3,120,0.0242,123000.0
L_3S-35ug_mL 3,121,0.0244,131000.0
L_3S-35ug_mL 3,122,0.0234,147000.0
L_3S-35ug_mL 3,123,0.0219,164000.0
L_3S-35ug_mL 3,124,0.0202,180000.0
L_3S-35ug_mL 3,125,0.0224,197000.0
L_3S-35ug_mL 3,126,0.0216,213000.0
L_3S-35ug_mL 3,127,0.0201,229000.0
L_3S-35ug_mL 3,128,0.0191,246000.0
L_3S-35ug_mL 3,129,0.0177,262000.0
L_3S-35ug_mL 3,130,0.0161,295000.0
L_3S-35ug_mL 3,131,0.0161,328000.0
L_3S-35ug_mL 3,132,0.0132,360000.0
L_3S-35ug_mL 3,133,0.0131,393000.0
L_3S-35ug_mL 3,134,0.013,426000.0
L_3S-35ug_mL 3,135,0.0132,459000.0
L_3S-35ug_mL 3,136,0.011,492000.0
L_3S-35ug_mL 3,137,0.0108,524000.0
L_3S-35ug_mL 3,138,0.00996,590000.0
L_3S-35ug_mL 3,139,0.0105,655000.0
L_3S-35ug_mL 3,140,0.00972,721000.0
L_3S-35ug_mL 3,141,0.00729,786000.0
L_3S-35ug_mL 3,142,0.00726,852000.0
L_3S-35ug_mL 3,143,0.00562,918000.0
L_3S-35ug_mL 3,144,0.00548,983000.0
L_3S-35ug_mL 3,145,0.00421,1050000.0
L_3S-35ug_mL 3,146,0.00378,1180000.0
L_3S-35ug_mL 3,147,0.0033,1310000.0
L_3S-35ug_mL 3,148,0.00288,1440000.0
L_3S-35ug_mL 3,149,0.00219,1570000.0
L_3S-35ug_mL 3,150,0.00253,1700000.0
L_3S-35ug_mL 3,151,0.00193,1840000.0
L_3S-35ug_mL 3,152,0.00247,1970000.0
L_3S-35ug_mL 3,153,0.00278,2100000.0
L_3S-35ug_mL 3,154,0.00338,2360000.0
L_3S-35ug_mL 3,155,0.00364,2620000.0
L_3S-35ug_mL 3,156,0.00236,2880000.0
L_3S-35ug_mL 3,157,0.00242,3150000.0
L_3S-35ug_mL 3,158,0.00146,3410000.0
L_3S-35ug_mL 3,159,0.00074,3670000.0
L_3S-35ug_mL 3,160,0.00109,3930000.0
L_3S-35ug_mL 3,161,0.0,4190000.0
L_3S-35ug_mL 3,162,0.0,4720000.0
L_3S-35ug_mL 3,163,0.0,5240000.0
L_3S-35ug_mL 3,164,0.0,5770000.0
L_3S-35ug_mL 3,165,0.0,6290000.0
L_3S-35ug_mL 3,166,0.0,6820000.0
L_3S-35ug_mL 3,167,0.0,7340000.0
L_3S-35ug_mL 3,168,0.0,7860000.0
L_3S-35ug_mL 3,169,0.0,8390000.0
L_3S-35ug_mL 3,170,0.0,9440000.0
L_3S-35ug_mL 3,171,0.0,10500000.0
L_3S-35ug_mL 3,172,0.0,11500000.0
L_3S-35ug_mL 3,173,0.0,12600000.0
L_3S-35ug_mL 3,174,0.0,13600000.0
L_3S-35ug_mL 3,175,0.0,14700000.0
L_3S-35ug_mL 3,176,0.0,15700000.0
L_3S-35ug_mL 3,177,0.0,16800000.0
L_3S-35ug_mL 3,178,0.0,18900000.0
L_3S-35ug_mL 3,179,0.0,21000000.0
L_3S-35ug_mL 3,180,0.0,23100000.0
L_3S-35ug_mL 3,181,0.0,25200000.0
L_3S-35ug_mL 3,182,0.0,27300000.0
L_3S-35ug_mL 3,183,0.0,29400000.0
L_3S-35ug_mL 3,184,0.0,31500000.0
L_3S-35ug_mL 3,185,0.0,33600000.0
L_3S-35ug_mL 3,186,0.0,37700000.0
L_3S-35ug_mL 3,187,0.0,41900000.0
L_3S-35ug_mL 3,188,0.0,46100000.0
L_3S-35ug_mL 3,189,0.0,50300000.0
L_3S-35ug_mL 3,190,0.0,54500000.0
L_3S-35ug_mL 3,191,0.0,58700000.0
L_3S-35ug_mL 3,192,0.0,62900000.0
i_2S-20ug_mL-mean,1,1.17,0.5
i_2S-20ug_mL-mean,2,1.18,1.0
i_2S-20ug_mL-mean,3,1.17,1.5
i_2S-20ug_mL-mean,4,1.17,2.0
i_2S-20ug_mL-mean,5,1.17,2.5
i_2S-20ug_mL-mean,6,1.17,3.0
i_2S-20ug_mL-mean,7,1.17,3.5
i_2S-20ug_mL-mean,8,1.17,4.0
i_2S-20ug_mL-mean,9,1.16,4.5
i_2S-20ug_mL-mean,10,1.17,5.5
i_2S-20ug_mL-mean,11,1.16,6.5
i_2S-20ug_mL-mean,12,1.17,7.5
i_2S-20ug_mL-mean,13,1.16,8.5
i_2S-20ug_mL-mean,14,1.16,9.5
i_2S-20ug_mL-mean,15,1.16,10.5
i_2S-20ug_mL-mean,16,1.16,11.5
i_2S-20ug_mL-mean,17,1.16,12.5
i_2S-20ug_mL-mean,18,1.15,14.5
i_2S-20ug_mL-mean,19,1.16,16.5
i_2S-20ug_mL-mean,20,1.15,18.5
i_2S-20ug_mL-mean,21,1.15,20.5
i_2S-20ug_mL-mean,22,1.15,22.5
i_2S-20ug_mL-mean,23,1.15,24.5
i_2S-20ug_mL-mean,24,1.14,26.5
i_2S-20ug_mL-mean,25,1.14,28.5
i_2S-20ug_mL-mean,26,1.14,32.5
i_2S-20ug_mL-mean,27,1.13,36.5
i_2S-20ug_mL-mean,28,1.13,40.5
i_2S-20ug_mL-mean,29,1.13,44.5
i_2S-20ug_mL-mean,30,1.12,48.5
i_2S-20ug_mL-mean,31,1.12,52.5
i_2S-20ug_mL-mean,32,1.12,56.5
i_2S-20ug_mL-mean,33,1.12,60.5
i_2S-20ug_mL-mean,34,1.11,68.5
i_2S-20ug_mL-mean,35,1.11,76.5
i_2S-20ug_mL-mean,36,1.1,84.5
i_2S-20ug_mL-mean,37,1.09,92.5
i_2S-20ug_mL-mean,38,1.09,101.0
i_2S-20ug_mL-mean,39,1.08,109.0
i_2S-20ug_mL-mean,40,1.08,117.0
i_2S-20ug_mL-mean,41,1.08,125.0
i_2S-20ug_mL-mean,42,1.07,141.0
i_2S-20ug_mL-mean,43,1.06,157.0
i_2S-20ug_mL-mean,44,1.05,173.0
i_2S-20ug_mL-mean,45,1.04,189.0
i_2S-20ug_mL-mean,46,1.04,205.0
i_2S-20ug_mL-mean,47,1.03,221.0
i_2S-20ug_mL-mean,48,1.02,237.0
i_2S-20ug_mL-mean,49,1.01,253.0
i_2S-20ug_mL-mean,50,1.0,285.0
i_2S-20ug_mL-mean,51,0.989,317.0
i_2S-20ug_mL-mean,52,0.978,349.0
i_2S-20ug_mL-mean,53,0.968,381.0
i_2S-20ug_mL-mean,54,0.958,413.0
i_2S-20ug_mL-mean,55,0.948,445.0
i_2S-20ug_mL-mean,56,0.939,477.0
i_2S-20ug_mL-mean,57,0.932,509.0
i_2S-20ug_mL-mean,58,0.915,573.0
i_2S-20ug_mL-mean,59,0.9,637.0
i_2S-20ug_mL-mean,60,0.886,701.0
i_2S-20ug_mL-mean,61,0.874,765.0
i_2S-20ug_mL-mean,62,0.861,829.0
i_2S-20ug_mL-mean,63,0.849,893.0
i_2S-20ug_mL-mean,64,0.838,957.0
i_2S-20ug_mL-mean,65,0.828,1020.0
i_2S-20ug_mL-mean,66,0.81,1150.0
i_2S-20ug_mL-mean,67,0.793,1280.0
i_2S-20ug_mL-mean,68,0.778,1400.0
i_2S-20ug_mL-mean,69,0.766,1530.0
i_2S-20ug_mL-mean,70,0.755,1660.0
i_2S-20ug_mL-mean,71,0.745,1790.0
i_2S-20ug_mL-mean,72,0.736,1920.0
i_2S-20ug_mL-mean,73,0.729,2040.0
i_2S-20ug_mL-mean,74,0.714,2300.0
i_2S-20ug_mL-mean,75,0.702,2560.0
i_2S-20ug_mL-mean,76,0.693,2810.0
i_2S-20ug_mL-mean,77,0.685,3070.0
i_2S-20ug_mL-mean,78,0.678,3320.0
i_2S-20ug_mL-mean,79,0.673,3580.0
i_2S-20ug_mL-mean,80,0.666,3840.0
i_2S-20ug_mL-mean,81,0.659,4090.0
i_2S-20ug_mL-mean,82,0.645,4600.0
i_2S-20ug_mL-mean,83,0.632,5120.0
i_2S-20ug_mL-mean,84,0.618,5630.0
i_2S-20ug_mL-mean,85,0.606,6140.0
i_2S-20ug_mL-mean,86,0.598,6650.0
i_2S-20ug_mL-mean,87,0.591,7160.0
i_2S-20ug_mL-mean,88,0.582,7680.0
i_2S-20ug_mL-mean,89,0.571,8190.0
i_2S-20ug_mL-mean,90,0.553,9210.0
i_2S-20ug_mL-mean,91,0.54,10200.0
i_2S-20ug_mL-mean,92,0.529,11300.0
i_2S-20ug_mL-mean,93,0.518,12300.0
i_2S-20ug_mL-mean,94,0.508,13300.0
i_2S-20ug_mL-mean,95,0.501,14300.0
i_2S-20ug_mL-mean,96,0.492,15400.0
i_2S-20ug_mL-mean,97,0.485,16400.0
i_2S-20ug_mL-mean,98,0.473,18400.0
i_2S-20ug_mL-mean,99,0.469,20500.0
i_2S-20ug_mL-mean,100,0.46,22500.0
i_2S-20ug_mL-mean,101,0.452,24600.0
i_2S-20ug_mL-mean,102,0.443,26600.0
i_2S-20ug_mL-mean,103,0.435,28700.0
i_2S-20ug_mL-mean,104,0.425,30700.0
i_2S-20ug_mL-mean,105,0.416,32800.0
i_2S-20ug_mL-mean,106,0.402,36900.0
i_2S-20ug_mL-mean,107,0.383,41000.0
i_2S-20ug_mL-mean,108,0.359,45100.0
i_2S-20ug_mL-mean,109,0.337,49100.0
i_2S-20ug_mL-mean,110,0.311,53200.0
i_2S-20ug_mL-mean,111,0.289,57300.0
i_2S-20ug_mL-mean,112,0.275,61400.0
i_2S-20ug_mL-mean,113,0.259,65500.0
i_2S-20ug_mL-mean,114,0.24,73700.0
i_2S-20ug_mL-mean,115,0.214,81900.0
i_2S-20ug_mL-mean,116,0.191,90100.0
i_2S-20ug_mL-mean,117,0.165,98300.0
i_2S-20ug_mL-mean,118,0.137,106000.0
i_2S-20ug_mL-mean,119,0.118,115000.0
i_2S-20ug_mL-mean,120,0.102,123000.0
i_2S-20ug_mL-mean,121,0.0886,131000.0
i_2S-20ug_mL-mean,122,0.0662,147000.0
i_2S-20ug_mL-mean,123,0.0474,164000.0
i_2S-20ug_mL-mean,124,0.0358,180000.0
i_2S-20ug_mL-mean,125,0.0268,197000.0
i_2S-20ug_mL-mean,126,0.0218,213000.0
i_2S-20ug_mL-mean,127,0.0184,229000.0
i_2S-20ug_mL-mean,128,0.0167,246000.0
i_2S-20ug_mL-mean,129,0.0131,262000.0
i_2S-20ug_mL-mean,130,0.00824,295000.0
i_2S-20ug_mL-mean,131,0.00316,328000.0
i_2S-20ug_mL-mean,132,0.00186,360000.0
i_2S-20ug_mL-mean,133,0.00206,393000.0
i_2S-20ug_mL-mean,134,0.00224,426000.0
i_2S-20ug_mL-mean,135,0.00282,459000.0
i_2S-20ug_mL-mean,136,0.00249,492000.0
i_2S-20ug_mL-mean,137,0.00811,524000.0
i_2S-20ug_mL-mean,138,0.0117,590000.0
i_2S-20ug_mL-mean,139,0.0125,655000.0
i_2S-20ug_mL-mean,140,0.0148,721000.0
i_2S-20ug_mL-mean,141,0.00827,786000.0
i_2S-20ug_mL-mean,142,0.0139,852000.0
i_2S-20ug_mL-mean,143,0.0176,918000.0
i_2S-20ug_mL-mean,144,0.0118,983000.0
i_2S-20ug_mL-mean,145,0.00716,1050000.0
i_2S-20ug_mL-mean,146,0.0107,1180000.0
i_2S-20ug_mL-mean,147,0.00555,1310000.0
i_2S-20ug_mL-mean,148,0.0108,1440000.0
i_2S-20ug_mL-mean,149,0.0169,1570000.0
i_2S-20ug_mL-mean,150,0.0133,1700000.0
i_2S-20ug_mL-mean,151,0.00591,1840000.0
i_2S-20ug_mL-mean,152,0.00784,1970000.0
i_2S-20ug_mL-mean,153,0.00805,2100000.0
i_2S-20ug_mL-mean,154,0.00414,2360000.0
i_2S-20ug_mL-mean,155,0.00609,2620000.0
i_2S-20ug_mL-mean,156,0.0126,2880000.0
i_2S-20ug_mL-mean,157,0.0116,3150000.0
i_2S-20ug_mL-mean,158,0.00747,3410000.0
i_2S-20ug_mL-mean,159,0.00614,3670000.0
i_2S-20ug_mL-mean,160,0.00747,3930000.0
i_2S-20ug_mL-mean,161,0.0,4190000.0
i_2S-20ug_mL-mean,162,0.0,4720000.0
i_2S-20ug_mL-mean,163,0.0,5240000.0
i_2S-20ug_mL-mean,164,0.0,5770000.0
i_2S-20ug_mL-mean,165,0.0,6290000.0
i_2S-20ug_mL-mean,166,0.0,6820000.0
i_2S-20ug_mL-mean,167,0.0,7340000.0
i_2S-20ug_mL-mean,168,0.0,7860000.0
i_2S-20ug_mL-mean,169,0.0,8390000.0
i_2S-20ug_mL-mean,170,0.0,9440000.0
i_2S-20ug_mL-mean,171,0.0,10500000.0
i_2S-20ug_mL-mean,172,0.0,11500000.0
i_2S-20ug_mL-mean,173,0.0,12600000.0
i_2S-20ug_mL-mean,174,0.0,13600000.0
i_2S-20ug_mL-mean,175,0.0,14700000.0
i_2S-20ug_mL-mean,176,0.0,15700000.0
i_2S-20ug_mL-mean,177,0.0,16800000.0
i_2S-20ug_mL-mean,178,0.0,18900000.0
i_2S-20ug_mL-mean,179,0.0,21000000.0
i_2S-20ug_mL-mean,180,0.0,23100000.0
i_2S-20ug_mL-mean,181,0.0,25200000.0
i_2S-20ug_mL-mean,182,0.0,27300000.0
i_2S-20ug_mL-mean,183,0.0,29400000.0
i_2S-20ug_mL-mean,184,0.0,31500000.0
i_2S-20ug_mL-mean,185,0.0,33600000.0
i_2S-20ug_mL-mean,186,0.0,37700000.0
i_2S-20ug_mL-mean,187,0.0,41900000.0
i_2S-20ug_mL-mean,188,0.0,46100000.0
i_2S-20ug_mL-mean,189,0.0,50300000.0
i_2S-20ug_mL-mean,190,0.0,54500000.0
i_2S-20ug_mL-mean,191,0.0,58700000.0
i_2S-20ug_mL-mean,192,0.0,62900000.0
L_3S-35ug_mL-mean,1,0.666,0.5
L_3S-35ug_mL-mean,2,0.671,1.0
L_3S-35ug_mL-mean,3,0.658,1.5
L_3S-35ug_mL-mean,4,0.667,2.0
L_3S-35ug_mL-mean,5,0.658,2.5
L_3S-35ug_mL-mean,6,0.666,3.0
L_3S-35ug_mL-mean,7,0.665,3.5
L_3S-35ug_mL-mean,8,0.658,4.0
L_3S-35ug_mL-mean,9,0.66,4.5
L_3S-35ug_mL-mean,10,0.656,5.5
L_3S-35ug_mL-mean,11,0.664,6.5
L_3S-35ug_mL-mean,12,0.656,7.5
L_3S-35ug_mL-mean,13,0.656,8.5
L_3S-35ug_mL-mean,14,0.654,9.5
L_3S-35ug_mL-mean,15,0.651,10.5
L_3S-35ug_mL-mean,16,0.656,11.5
L_3S-35ug_mL-mean,17,0.653,12.5
L_3S-35ug_mL-mean,18,0.646,14.5
L_3S-35ug_mL-mean,19,0.642,16.5
L_3S-35ug_mL-mean,20,0.642,18.5
L_3S-35ug_mL-mean,21,0.641,20.5
L_3S-35ug_mL-mean,22,0.641,22.5
L_3S-35ug_mL-mean,23,0.64,24.5
L_3S-35ug_mL-mean,24,0.636,26.5
L_3S-35ug_mL-mean,25,0.634,28.5
L_3S-35ug_mL-mean,26,0.633,32.5
L_3S-35ug_mL-mean,27,0.628,36.5
L_3S-35ug_mL-mean,28,0.626,40.5
L_3S-35ug_mL-mean,29,0.622,44.5
L_3S-35ug_mL-mean,30,0.623,48.5
L_3S-35ug_mL-mean,31,0.618,52.5
L_3S-35ug_mL-mean,32,0.615,56.5
L_3S-35ug_mL-mean,33,0.613,60.5
L_3S-35ug_mL-mean,34,0.607,68.5
L_3S-35ug_mL-mean,35,0.604,76.5
L_3S-35ug_mL-mean,36,0.599,84.5
L_3S-35ug_mL-mean,37,0.596,92.5
L_3S-35ug_mL-mean,38,0.591,101.0
L_3S-35ug_mL-mean,39,0.586,109.0
L_3S-35ug_mL-mean,40,0.583,117.0
L_3S-35ug_mL-mean,41,0.579,125.0
L_3S-35ug_mL-mean,42,0.572,141.0
L_3S-35ug_mL-mean,43,0.565,157.0
L_3S-35ug_mL-mean,44,0.558,173.0
L_3S-35ug_mL-mean,45,0.551,189.0
L_3S-35ug_mL-mean,46,0.546,205.0
L_3S-35ug_mL-mean,47,0.541,221.0
L_3S-35ug_mL-mean,48,0.535,237.0
L_3S-35ug_mL-mean,49,0.529,253.0
L_3S-35ug_mL-mean,50,0.519,285.0
L_3S-35ug_mL-mean,51,0.509,317.0
L_3S-35ug_mL-mean,52,0.5,349.0
L_3S-35ug_mL-mean,53,0.492,381.0
L_3S-35ug_mL-mean,54,0.485,413.0
L_3S-35ug_mL-mean,55,0.477,445.0
L_3S-35ug_mL-mean,56,0.47,477.0
L_3S-35ug_mL-mean,57,0.463,509.0
L_3S-35ug_mL-mean,58,0.449,573.0
L_3S-35ug_mL-mean,59,0.436,637.0
L_3S-35ug_mL-mean,60,0.425,701.0
L_3S-35ug_mL-mean,61,0.414,765.0
L_3S-35ug_mL-mean,62,0.403,829.0
L_3S-35ug_mL-mean,63,0.393,893.0
L_3S-35ug_mL-mean,64,0.384,957.0
L_3S-35ug_mL-mean,65,0.375,1020.0
L_3S-35ug_mL-mean,66,0.359,1150.0
L_3S-35ug_mL-mean,67,0.344,1280.0
L_3S-35ug_mL-mean,68,0.33,1400.0
L_3S-35ug_mL-mean,69,0.317,1530.0
L_3S-35ug_mL-mean,70,0.305,1660.0
L_3S-35ug_mL-mean,71,0.295,1790.0
L_3S-35ug_mL-mean,72,0.285,1920.0
L_3S-35ug_mL-mean,73,0.276,2040.0
L_3S-35ug_mL-mean,74,0.26,2300.0
L_3S-35ug_mL-mean,75,0.246,2560.0
L_3S-35ug_mL-mean,76,0.235,2810.0
L_3S-35ug_mL-mean,77,0.225,3070.0
L_3S-35ug_mL-mean,78,0.217,3320.0
L_3S-35ug_mL-mean,79,0.21,3580.0
L_3S-35ug_mL-mean,80,0.205,3840.0
L_3S-35ug_mL-mean,81,0.2,4090.0
L_3S-35ug_mL-mean,82,0.193,4600.0
L_3S-35ug_mL-mean,83,0.188,5120.0
L_3S-35ug_mL-mean,84,0.183,5630.0
L_3S-35ug_mL-mean,85,0.181,6140.0
L_3S-35ug_mL-mean,86,0.179,6650.0
L_3S-35ug_mL-mean,87,0.178,7160.0
L_3S-35ug_mL-mean,88,0.177,7680.0
L_3S-35ug_mL-mean,89,0.176,8190.0
L_3S-35ug_mL-mean,90,0.173,9210.0
L_3S-35ug_mL-mean,91,0.171,10200.0
L_3S-35ug_mL-mean,92,0.169,11300.0
L_3S-35ug_mL-mean,93,0.166,12300.0
L_3S-35ug_mL-mean,94,0.167,13300.0
L_3S-35ug_mL-mean,95,0.169,14300.0
L_3S-35ug_mL-mean,96,0.168,15400.0
L_3S-35ug_mL-mean,97,0.165,16400.0
L_3S-35ug_mL-mean,98,0.16,18400.0
L_3S-35ug_mL-mean,99,0.157,20500.0
L_3S-35ug_mL-mean,100,0.155,22500.0
L_3S-35ug_mL-mean,101,0.153,24600.0
L_3S-35ug_mL-mean,102,0.148,26600.0
L_3S-35ug_mL-mean,103,0.144,28700.0
L_3S-35ug_mL-mean,104,0.144,30700.0
L_3S-35ug_mL-mean,105,0.141,32800.0
L_3S-35ug_mL-mean,106,0.138,36900.0
L_3S-35ug_mL-mean,107,0.128,41000.0
L_3S-35ug_mL-mean,108,0.115,45100.0
L_3S-35ug_mL-mean,109,0.106,49100.0
L_3S-35ug_mL-mean,110,0.101,53200.0
L_3S-35ug_mL-mean,111,0.0932,57300.0
L_3S-35ug_mL-mean,112,0.0847,61400.0
L_3S-35ug_mL-mean,113,0.0794,65500.0
L_3S-35ug_mL-mean,114,0.0691,73700.0
L_3S-35ug_mL-mean,115,0.0582,81900.0
L_3S-35ug_mL-mean,116,0.0463,90100.0
L_3S-35ug_mL-mean,117,0.0336,98300.0
L_3S-35ug_mL-mean,118,0.0295,106000.0
L_3S-35ug_mL-mean,119,0.0223,115000.0
L_3S-35ug_mL-mean,120,0.0192,123000.0
L_3S-35ug_mL-mean,121,0.0166,131000.0
L_3S-35ug_mL-mean,122,0.0128,147000.0
L_3S-35ug_mL-mean,123,0.0105,164000.0
L_3S-35ug_mL-mean,124,0.0083,180000.0
L_3S-35ug_mL-mean,125,0.00868,197000.0
L_3S-35ug_mL-mean,126,0.00573,213000.0
L_3S-35ug_mL-mean,127,0.00612,229000.0
L_3S-35ug_mL-mean,128,0.00617,246000.0
L_3S-35ug_mL-mean,129,0.00661,262000.0
L_3S-35ug_mL-mean,130,0.0068,295000.0
L_3S-35ug_mL-mean,131,0.00926,328000.0
L_3S-35ug_mL-mean,132,0.00818,360000.0
L_3S-35ug_mL-mean,133,0.00378,393000.0
L_3S-35ug_mL-mean,134,0.00145,426000.0
L_3S-35ug_mL-mean,135,0.00248,459000.0
L_3S-35ug_mL-mean,136,0.00429,492000.0
L_3S-35ug_mL-mean,137,0.00621,524000.0
L_3S-35ug_mL-mean,138,0.00865,590000.0
L_3S-35ug_mL-mean,139,0.00836,655000.0
L_3S-35ug_mL-mean,140,0.0104,721000.0
L_3S-35ug_mL-mean,141,0.00915,786000.0
L_3S-35ug_mL-mean,142,0.00648,852000.0
L_3S-35ug_mL-mean,143,0.00513,918000.0
L_3S-35ug_mL-mean,144,0.00315,983000.0
L_3S-35ug_mL-mean,145,0.00284,1050000.0
L_3S-35ug_mL-mean,146,0.00495,1180000.0
L_3S-35ug_mL-mean,147,0.00359,1310000.0
L_3S-35ug_mL-mean,148,0.00542,1440000.0
L_3S-35ug_mL-mean,149,0.00342,1570000.0
L_3S-35ug_mL-mean,150,0.00292,1700000.0
L_3S-35ug_mL-mean,151,0.0121,1840000.0
L_3S-35ug_mL-mean,152,0.0113,1970000.0
L_3S-35ug_mL-mean,153,0.00629,2100000.0
L_3S-35ug_mL-mean,154,0.0152,2360000.0
L_3S-35ug_mL-mean,155,0.00595,2620000.0
L_3S-35ug_mL-mean,156,0.0083,2880000.0
L_3S-35ug_mL-mean,157,0.0135,3150000.0
L_3S-35ug_mL-mean,158,0.0102,3410000.0
L_3S-35ug_mL-mean,159,0.00844,3670000.0
L_3S-35ug_mL-mean,160,0.0078,3930000.0
L_3S-35ug_mL-mean,161,0.0,4190000.0
L_3S-35ug_mL-mean,162,0.0,4720000.0
L_3S-35ug_mL-mean,163,0.0,5240000.0
L_3S-35ug_mL-mean,164,0.0,5770000.0
L_3S-35ug_mL-mean,165,0.0,6290000.0
L_3S-35ug_mL-mean,166,0.0,6820000.0
L_3S-35ug_mL-mean,167,0.0,7340000.0
L_3S-35ug_mL-mean,168,0.0,7860000.0
L_3S-35ug_mL-mean,169,0.0,8390000.0
L_3S-35ug_mL-mean,170,0.0,9440000.0
L_3S-35ug_mL-mean,171,0.0,10500000.0
L_3S-35ug_mL-mean,172,0.0,11500000.0
L_3S-35ug_mL-mean,173,0.0,12600000.0
L_3S-35ug_mL-mean,174,0.0,13600000.0
L_3S-35ug_mL-mean,175,0.0,14700000.0
L_3S-35ug_mL-mean,176,0.0,15700000.0
L_3S-35ug_mL-mean,177,0.0,16800000.0
L_3S-35ug_mL-mean,178,0.0,18900000.0
L_3S-35ug_mL-mean,179,0.0,21000000.0
L_3S-35ug_mL-mean,180,0.0,23100000.0
L_3S-35ug_mL-mean,181,0.0,25200000.0
L_3S-35ug_mL-mean,182,0.0,27300000.0
L_3S-35ug_mL-mean,183,0.0,29400000.0
L_3S-35ug_mL-mean,184,0.0,31500000.0
L_3S-35ug_mL-mean,185,0.0,33600000.0
L_3S-35ug_mL-mean,186,0.0,37700000.0
L_3S-35ug_mL-mean,187,0.0,41900000.0
L_3S-35ug_mL-mean,188,0.0,46100000.0
L_3S-35ug_mL-mean,189,0.0,50300000.0
L_3S-35ug_mL-mean,190,0.0,54500000.0
L_3S-35ug_mL-mean,191,0.0,58700000.0
L_3S-35ug_mL-mean,192,0.0,62900000.0
i_2S-1mg_mL 1,1,0.974,0.5
i_2S-1mg_mL 1,2,0.986,1.0
i_2S-1mg_mL 1,3,0.983,1.5
i_2S-1mg_mL 1,4,0.982,2.0
i_2S-1mg_mL 1,5,0.98,2.5
i_2S-1mg_mL 1,6,0.979,3.0
i_2S-1mg_mL 1,7,0.977,3.5
i_2S-1mg_mL 1,8,0.976,4.0
i_2S-1mg_mL 1,9,0.974,4.5
i_2S-1mg_mL 1,10,0.971,5.5
i_2S-1mg_mL 1,11,0.968,6.5
i_2S-1mg_mL 1,12,0.966,7.5
i_2S-1mg_mL 1,13,0.965,8.5
i_2S-1mg_mL 1,14,0.963,9.5
i_2S-1mg_mL 1,15,0.959,10.5
i_2S-1mg_mL 1,16,0.958,11.5
i_2S-1mg_mL 1,17,0.956,12.5
i_2S-1mg_mL 1,18,0.954,14.5
i_2S-1mg_mL 1,19,0.95,16.5
i_2S-1mg_mL 1,20,0.946,18.5
i_2S-1mg_mL 1,21,0.943,20.5
i_2S-1mg_mL 1,22,0.94,22.5
i_2S-1mg_mL 1,23,0.937,24.5
i_2S-1mg_mL 1,24,0.935,26.5
i_2S-1mg_mL 1,25,0.932,28.5
i_2S-1mg_mL 1,26,0.927,32.5
i_2S-1mg_mL 1,27,0.922,36.5
i_2S-1mg_mL 1,28,0.917,40.5
i_2S-1mg_mL 1,29,0.913,44.5
i_2S-1mg_mL 1,30,0.908,48.5
i_2S-1mg_mL 1,31,0.904,52.5
i_2S-1mg_mL 1,32,0.899,56.5
i_2S-1mg_mL 1,33,0.896,60.5
i_2S-1mg_mL 1,34,0.888,68.5
i_2S-1mg_mL 1,35,0.88,76.5
i_2S-1mg_mL 1,36,0.874,84.5
i_2S-1mg_mL 1,37,0.867,92.5
i_2S-1mg_mL 1,38,0.86,101.0
i_2S-1mg_mL 1,39,0.854,109.0
i_2S-1mg_mL 1,40,0.848,117.0
i_2S-1mg_mL 1,41,0.841,125.0
i_2S-1mg_mL 1,42,0.83,141.0
i_2S-1mg_mL 1,43,0.819,157.0
i_2S-1mg_mL 1,44,0.809,173.0
i_2S-1mg_mL 1,45,0.799,189.0
i_2S-1mg_mL 1,46,0.789,205.0
i_2S-1mg_mL 1,47,0.78,221.0
i_2S-1mg_mL 1,48,0.771,237.0
i_2S-1mg_mL 1,49,0.763,253.0
i_2S-1mg_mL 1,50,0.747,285.0
i_2S-1mg_mL 1,51,0.731,317.0
i_2S-1mg_mL 1,52,0.717,349.0
i_2S-1mg_mL 1,53,0.703,381.0
i_2S-1mg_mL 1,54,0.69,413.0
i_2S-1mg_mL 1,55,0.678,445.0
i_2S-1mg_mL 1,56,0.666,477.0
i_2S-1mg_mL 1,57,0.654,509.0
i_2S-1mg_mL 1,58,0.633,573.0
i_2S-1mg_mL 1,59,0.614,637.0
i_2S-1mg_mL 1,60,0.596,701.0
i_2S-1mg_mL 1,61,0.579,765.0
i_2S-1mg_mL 1,62,0.563,829.0
i_2S-1mg_mL 1,63,0.548,893.0
i_2S-1mg_mL 1,64,0.534,957.0
i_2S-1mg_mL 1,65,0.52,1020.0
i_2S-1mg_mL 1,66,0.495,1150.0
i_2S-1mg_mL 1,67,0.472,1280.0
i_2S-1mg_mL 1,68,0.452,1400.0
i_2S-1mg_mL 1,69,0.434,1530.0
i_2S-1mg_mL 1,70,0.418,1660.0
i_2S-1mg_mL 1,71,0.403,1790.0
i_2S-1mg_mL 1,72,0.389,1920.0
i_2S-1mg_mL 1,73,0.377,2040.0
i_2S-1mg_mL 1,74,0.354,2300.0
i_2S-1mg_mL 1,75,0.335,2560.0
i_2S-1mg_mL 1,76,0.318,2810.0
i_2S-1mg_mL 1,77,0.305,3070.0
i_2S-1mg_mL 1,78,0.293,3320.0
i_2S-1mg_mL 1,79,0.283,3580.0
i_2S-1mg_mL 1,80,0.274,3840.0
i_2S-1mg_mL 1,81,0.266,4090.0
i_2S-1mg_mL 1,82,0.251,4600.0
i_2S-1mg_mL 1,83,0.241,5120.0
i_2S-1mg_mL 1,84,0.233,5630.0
i_2S-1mg_mL 1,85,0.227,6140.0
i_2S-1mg_mL 1,86,0.224,6650.0
i_2S-1mg_mL 1,87,0.221,7160.0
i_2S-1mg_mL 1,88,0.219,7680.0
i_2S-1mg_mL 1,89,0.216,8190.0
i_2S-1mg_mL 1,90,0.21,9210.0
i_2S-1mg_mL 1,91,0.204,10200.0
i_2S-1mg_mL 1,92,0.195,11300.0
i_2S-1mg_mL 1,93,0.19,12300.0
i_2S-1mg_mL 1,94,0.19,13300.0
i_2S-1mg_mL 1,95,0.189,14300.0
i_2S-1mg_mL 1,96,0.19,15400.0
i_2S-1mg_mL 1,97,0.189,16400.0
i_2S-1mg_mL 1,98,0.186,18400.0
i_2S-1mg_mL 1,99,0.182,20500.0
i_2S-1mg_mL 1,100,0.174,22500.0
i_2S-1mg_mL 1,101,0.172,24600.0
i_2S-1mg_mL 1,102,0.17,26600.0
i_2S-1mg_mL 1,103,0.17,28700.0
i_2S-1mg_mL 1,104,0.166,30700.0
i_2S-1mg_mL 1,105,0.161,32800.0
i_2S-1mg_mL 1,106,0.152,36900.0
i_2S-1mg_mL 1,107,0.148,41000.0
i_2S-1mg_mL 1,108,0.144,45100.0
i_2S-1mg_mL 1,109,0.142,49100.0
i_2S-1mg_mL 1,110,0.137,53200.0
i_2S-1mg_mL 1,111,0.127,57300.0
i_2S-1mg_mL 1,112,0.116,61400.0
i_2S-1mg_mL 1,113,0.114,65500.0
i_2S-1mg_mL 1,114,0.096,73700.0
i_2S-1mg_mL 1,115,0.0878,81900.0
i_2S-1mg_mL 1,116,0.0715,90100.0
i_2S-1mg_mL 1,117,0.0595,98300.0
i_2S-1mg_mL 1,118,0.0542,106000.0
i_2S-1mg_mL 1,119,0.0457,115000.0
i_2S-1mg_mL 1,120,0.0317,123000.0
i_2S-1mg_mL 1,121,0.0247,131000.0
i_2S-1mg_mL 1,122,0.0123,147000.0
i_2S-1mg_mL 1,123,0.00684,164000.0
i_2S-1mg_mL 1,124,0.00447,180000.0
i_2S-1mg_mL 1,125,0.00605,197000.0
i_2S-1mg_mL 1,126,0.00647,213000.0
i_2S-1mg_mL 1,127,0.00587,229000.0
i_2S-1mg_mL 1,128,0.00677,246000.0
i_2S-1mg_mL 1,129,0.0147,262000.0
i_2S-1mg_mL 1,130,0.0235,295000.0
i_2S-1mg_mL 1,131,0.0295,328000.0
i_2S-1mg_mL 1,132,0.0252,360000.0
i_2S-1mg_mL 1,133,0.0204,393000.0
i_2S-1mg_mL 1,134,0.0128,426000.0
i_2S-1mg_mL 1,135,0.00854,459000.0
i_2S-1mg_mL 1,136,0.0056,492000.0
i_2S-1mg_mL 1,137,0.00284,524000.0
i_2S-1mg_mL 1,138,0.00343,590000.0
i_2S-1mg_mL 1,139,0.00983,655000.0
i_2S-1mg_mL 1,140,0.0115,721000.0
i_2S-1mg_mL 1,141,0.0129,786000.0
i_2S-1mg_mL 1,142,0.00837,852000.0
i_2S-1mg_mL 1,143,0.00432,918000.0
i_2S-1mg_mL 1,144,0.0101,983000.0
i_2S-1mg_mL 1,145,0.0256,1050000.0
i_2S-1mg_mL 1,146,0.025,1180000.0
i_2S-1mg_mL 1,147,0.0111,1310000.0
i_2S-1mg_mL 1,148,0.0243,1440000.0
i_2S-1mg_mL 1,149,0.0189,1570000.0
i_2S-1mg_mL 1,150,0.0253,1700000.0
i_2S-1mg_mL 1,151,0.0104,1840000.0
i_2S-1mg_mL 1,152,0.00723,1970000.0
i_2S-1mg_mL 1,153,0.00332,2100000.0
i_2S-1mg_mL 1,154,0.0105,2360000.0
i_2S-1mg_mL 1,155,0.00829,2620000.0
i_2S-1mg_mL 1,156,0.007,2880000.0
i_2S-1mg_mL 1,157,0.00465,3150000.0
i_2S-1mg_mL 1,158,0.0158,3410000.0
i_2S-1mg_mL 1,159,0.00664,3670000.0
i_2S-1mg_mL 1,160,0.00275,3930000.0
i_2S-1mg_mL 1,161,0.0,4190000.0
i_2S-1mg_mL 1,162,0.0,4720000.0
i_2S-1mg_mL 1,163,0.0,5240000.0
i_2S-1mg_mL 1,164,0.0,5770000.0
i_2S-1mg_mL 1,165,0.0,6290000.0
i_2S-1mg_mL 1,166,0.0,6820000.0
i_2S-1mg_mL 1,167,0.0,7340000.0
i_2S-1mg_mL 1,168,0.0,7860000.0
i_2S-1mg_mL 1,169,0.0,8390000.0
i_2S-1mg_mL 1,170,0.0,9440000.0
i_2S-1mg_mL 1,171,0.0,10500000.0
i_2S-1mg_mL 1,172,0.0,11500000.0
i_2S-1mg_mL 1,173,0.0,12600000.0
i_2S-1mg_mL 1,174,0.0,13600000.0
i_2S-1mg_mL 1,175,0.0,14700000.0
i_2S-1mg_mL 1,176,0.0,15700000.0
i_2S-1mg_mL 1,177,0.0,16800000.0
i_2S-1mg_mL 1,178,0.0,18900000.0
i_2S-1mg_mL 1,179,0.0,21000000.0
i_2S-1mg_mL 1,180,0.0,23100000.0
i_2S-1mg_mL 1,181,0.0,25200000.0
i_2S-1mg_mL 1,182,0.0,27300000.0
i_2S-1mg_mL 1,183,0.0,29400000.0
i_2S-1mg_mL 1,184,0.0,31500000.0
i_2S-1mg_mL 1,185,0.0,33600000.0
i_2S-1mg_mL 1,186,0.0,37700000.0
i_2S-1mg_mL 1,187,0.0,41900000.0
i_2S-1mg_mL 1,188,0.0,46100000.0
i_2S-1mg_mL 1,189,0.0,50300000.0
i_2S-1mg_mL 1,190,0.0,54500000.0
i_2S-1mg_mL 1,191,0.0,58700000.0
i_2S-1mg_mL 1,192,0.0,62900000.0
i_2S-1mg_mL 2,1,0.865,0.5
i_2S-1mg_mL 2,2,0.875,1.0
i_2S-1mg_mL 2,3,0.873,1.5
i_2S-1mg_mL 2,4,0.872,2.0
i_2S-1mg_mL 2,5,0.869,2.5
i_2S-1mg_mL 2,6,0.867,3.0
i_2S-1mg_mL 2,7,0.866,3.5
i_2S-1mg_mL 2,8,0.865,4.0
i_2S-1mg_mL 2,9,0.863,4.5
i_2S-1mg_mL 2,10,0.861,5.5
i_2S-1mg_mL 2,11,0.857,6.5
i_2S-1mg_mL 2,12,0.856,7.5
i_2S-1mg_mL 2,13,0.852,8.5
i_2S-1mg_mL 2,14,0.849,9.5
i_2S-1mg_mL 2,15,0.847,10.5
i_2S-1mg_mL 2,16,0.846,11.5
i_2S-1mg_mL 2,17,0.844,12.5
i_2S-1mg_mL 2,18,0.84,14.5
i_2S-1mg_mL 2,19,0.836,16.5
i_2S-1mg_mL 2,20,0.833,18.5
i_2S-1mg_mL 2,21,0.829,20.5
i_2S-1mg_mL 2,22,0.826,22.5
i_2S-1mg_mL 2,23,0.822,24.5
i_2S-1mg_mL 2,24,0.82,26.5
i_2S-1mg_mL 2,25,0.817,28.5
i_2S-1mg_mL 2,26,0.812,32.5
i_2S-1mg_mL 2,27,0.806,36.5
i_2S-1mg_mL 2,28,0.801,40.5
i_2S-1mg_mL 2,29,0.796,44.5
i_2S-1mg_mL 2,30,0.791,48.5
i_2S-1mg_mL 2,31,0.787,52.5
i_2S-1mg_mL 2,32,0.782,56.5
i_2S-1mg_mL 2,33,0.778,60.5
i_2S-1mg_mL 2,34,0.77,68.5
i_2S-1mg_mL 2,35,0.762,76.5
i_2S-1mg_mL 2,36,0.754,84.5
i_2S-1mg_mL 2,37,0.747,92.5
i_2S-1mg_mL 2,38,0.74,101.0
i_2S-1mg_mL 2,39,0.733,109.0
i_2S-1mg_mL 2,40,0.726,117.0
i_2S-1mg_mL 2,41,0.719,125.0
i_2S-1mg_mL 2,42,0.708,141.0
i_2S-1mg_mL 2,43,0.696,157.0
i_2S-1mg_mL 2,44,0.684,173.0
i_2S-1mg_mL 2,45,0.674,189.0
i_2S-1mg_mL 2,46,0.663,205.0
i_2S-1mg_mL 2,47,0.654,221.0
i_2S-1mg_mL 2,48,0.644,237.0
i_2S-1mg_mL 2,49,0.635,253.0
i_2S-1mg_mL 2,50,0.618,285.0
i_2S-1mg_mL 2,51,0.602,317.0
i_2S-1mg_mL 2,52,0.586,349.0
i_2S-1mg_mL 2,53,0.572,381.0
i_2S-1mg_mL 2,54,0.559,413.0
i_2S-1mg_mL 2,55,0.546,445.0
i_2S-1mg_mL 2,56,0.533,477.0
i_2S-1mg_mL 2,57,0.521,509.0
i_2S-1mg_mL 2,58,0.499,573.0
i_2S-1mg_mL 2,59,0.479,637.0
i_2S-1mg_mL 2,60,0.46,701.0
i_2S-1mg_mL 2,61,0.442,765.0
i_2S-1mg_mL 2,62,0.426,829.0
i_2S-1mg_mL 2,63,0.41,893.0
i_2S-1mg_mL 2,64,0.395,957.0
i_2S-1mg_mL 2,65,0.381,1020.0
i_2S-1mg_mL 2,66,0.354,1150.0
i_2S-1mg_mL 2,67,0.331,1280.0
i_2S-1mg_mL 2,68,0.311,1400.0
i_2S-1mg_mL 2,69,0.293,1530.0
i_2S-1mg_mL 2,70,0.276,1660.0
i_2S-1mg_mL 2,71,0.26,1790.0
i_2S-1mg_mL 2,72,0.246,1920.0
i_2S-1mg_mL 2,73,0.234,2040.0
i_2S-1mg_mL 2,74,0.212,2300.0
i_2S-1mg_mL 2,75,0.193,2560.0
i_2S-1mg_mL 2,76,0.177,2810.0
i_2S-1mg_mL 2,77,0.164,3070.0
i_2S-1mg_mL 2,78,0.154,3320.0
i_2S-1mg_mL 2,79,0.146,3580.0
i_2S-1mg_mL 2,80,0.139,3840.0
i_2S-1mg_mL 2,81,0.133,4090.0
i_2S-1mg_mL 2,82,0.123,4600.0
i_2S-1mg_mL 2,83,0.116,5120.0
i_2S-1mg_mL 2,84,0.11,5630.0
i_2S-1mg_mL 2,85,0.107,6140.0
i_2S-1mg_mL 2,86,0.105,6650.0
i_2S-1mg_mL 2,87,0.104,7160.0
i_2S-1mg_mL 2,88,0.103,7680.0
i_2S-1mg_mL 2,89,0.102,8190.0
i_2S-1mg_mL 2,90,0.101,9210.0
i_2S-1mg_mL 2,91,0.102,10200.0
i_2S-1mg_mL 2,92,0.102,11300.0
i_2S-1mg_mL 2,93,0.102,12300.0
i_2S-1mg_mL 2,94,0.0984,13300.0
i_2S-1mg_mL 2,95,0.0977,14300.0
i_2S-1mg_mL 2,96,0.0978,15400.0
i_2S-1mg_mL 2,97,0.0973,16400.0
i_2S-1mg_mL 2,98,0.0948,18400.0
i_2S-1mg_mL 2,99,0.0945,20500.0
i_2S-1mg_mL 2,100,0.0873,22500.0
i_2S-1mg_mL 2,101,0.0834,24600.0
i_2S-1mg_mL 2,102,0.0857,26600.0
i_2S-1mg_mL 2,103,0.0897,28700.0
i_2S-1mg_mL 2,104,0.0875,30700.0
i_2S-1mg_mL 2,105,0.0849,32800.0
i_2S-1mg_mL 2,106,0.0795,36900.0
i_2S-1mg_mL 2,107,0.0769,41000.0
i_2S-1mg_mL 2,108,0.0809,45100.0
i_2S-1mg_mL 2,109,0.0784,49100.0
i_2S-1mg_mL 2,110,0.0709,53200.0
i_2S-1mg_mL 2,111,0.0665,57300.0
i_2S-1mg_mL 2,112,0.0682,61400.0
i_2S-1mg_mL 2,113,0.0686,65500.0
i_2S-1mg_mL 2,114,0.0599,73700.0
i_2S-1mg_mL 2,115,0.0519,81900.0
i_2S-1mg_mL 2,116,0.0483,90100.0
i_2S-1mg_mL 2,117,0.0477,98300.0
i_2S-1mg_mL 2,118,0.0379,106000.0
i_2S-1mg_mL 2,119,0.0345,115000.0
i_2S-1mg_mL 2,120,0.0329,123000.0
i_2S-1mg_mL 2,121,0.0309,131000.0
i_2S-1mg_mL 2,122,0.0196,147000.0
i_2S-1mg_mL 2,123,0.0184,164000.0
i_2S-1mg_mL 2,124,0.00969,180000.0
i_2S-1mg_mL 2,125,0.0111,197000.0
i_2S-1mg_mL 2,126,0.00894,213000.0
i_2S-1mg_mL 2,127,0.0119,229000.0
i_2S-1mg_mL 2,128,0.00656,246000.0
i_2S-1mg_mL 2,129,0.00784,262000.0
i_2S-1mg_mL 2,130,0.00556,295000.0
i_2S-1mg_mL 2,131,0.00511,328000.0
i_2S-1mg_mL 2,132,0.00488,360000.0
i_2S-1mg_mL 2,133,0.00671,393000.0
i_2S-1mg_mL 2,134,0.00588,426000.0
i_2S-1mg_mL 2,135,0.00762,459000.0
i_2S-1mg_mL 2,136,0.0107,492000.0
i_2S-1mg_mL 2,137,0.0089,524000.0
i_2S-1mg_mL 2,138,0.00748,590000.0
i_2S-1mg_mL 2,139,0.016,655000.0
i_2S-1mg_mL 2,140,0.0353,721000.0
i_2S-1mg_mL 2,141,0.044,786000.0
i_2S-1mg_mL 2,142,0.0282,852000.0
i_2S-1mg_mL 2,143,0.0142,918000.0
i_2S-1mg_mL 2,144,0.00757,983000.0
i_2S-1mg_mL 2,145,0.0047,1050000.0
i_2S-1mg_mL 2,146,0.00456,1180000.0
i_2S-1mg_mL 2,147,0.00128,1310000.0
i_2S-1mg_mL 2,148,0.00106,1440000.0
i_2S-1mg_mL 2,149,0.00862,1570000.0
i_2S-1mg_mL 2,150,0.00593,1700000.0
i_2S-1mg_mL 2,151,0.00202,1840000.0
i_2S-1mg_mL 2,152,0.00355,1970000.0
i_2S-1mg_mL 2,153,0.00665,2100000.0
i_2S-1mg_mL 2,154,0.0163,2360000.0
i_2S-1mg_mL 2,155,0.0112,2620000.0
i_2S-1mg_mL 2,156,0.0106,2880000.0
i_2S-1mg_mL 2,157,0.00251,3150000.0
i_2S-1mg_mL 2,158,0.00944,3410000.0
i_2S-1mg_mL 2,159,0.00635,3670000.0
i_2S-1mg_mL 2,160,0.00628,3930000.0
i_2S-1mg_mL 2,161,0.0,4190000.0
i_2S-1mg_mL 2,162,0.0,4720000.0
i_2S-1mg_mL 2,163,0.0,5240000.0
i_2S-1mg_mL 2,164,0.0,5770000.0
i_2S-1mg_mL 2,165,0.0,6290000.0
i_2S-1mg_mL 2,166,0.0,6820000.0
i_2S-1mg_mL 2,167,0.0,7340000.0
i_2S-1mg_mL 2,168,0.0,7860000.0
i_2S-1mg_mL 2,169,0.0,8390000.0
i_2S-1mg_mL 2,170,0.0,9440000.0
i_2S-1mg_mL 2,171,0.0,10500000.0
i_2S-1mg_mL 2,172,0.0,11500000.0
i_2S-1mg_mL 2,173,0.0,12600000.0
i_2S-1mg_mL 2,174,0.0,13600000.0
i_2S-1mg_mL 2,175,0.0,14700000.0
i_2S-1mg_mL 2,176,0.0,15700000.0
i_2S-1mg_mL 2,177,0.0,16800000.0
i_2S-1mg_mL 2,178,0.0,18900000.0
i_2S-1mg_mL 2,179,0.0,21000000.0
i_2S-1mg_mL 2,180,0.0,23100000.0
i_2S-1mg_mL 2,181,0.0,25200000.0
i_2S-1mg_mL 2,182,0.0,27300000.0
i_2S-1mg_mL 2,183,0.0,29400000.0
i_2S-1mg_mL 2,184,0.0,31500000.0
i_2S-1mg_mL 2,185,0.0,33600000.0
i_2S-1mg_mL 2,186,0.0,37700000.0
i_2S-1mg_mL 2,187,0.0,41900000.0
i_2S-1mg_mL 2,188,0.0,46100000.0
i_2S-1mg_mL 2,189,0.0,50300000.0
i_2S-1mg_mL 2,190,0.0,54500000.0
i_2S-1mg_mL 2,191,0.0,58700000.0
i_2S-1mg_mL 2,192,0.0,62900000.0
i_2S-1mg_mL 3,1,0.868,0.5
i_2S-1mg_mL 3,2,0.878,1.0
i_2S-1mg_mL 3,3,0.874,1.5
i_2S-1mg_mL 3,4,0.872,2.0
i_2S-1mg_mL 3,5,0.87,2.5
i_2S-1mg_mL 3,6,0.87,3.0
i_2S-1mg_mL 3,7,0.867,3.5
i_2S-1mg_mL 3,8,0.867,4.0
i_2S-1mg_mL 3,9,0.865,4.5
i_2S-1mg_mL 3,10,0.861,5.5
i_2S-1mg_mL 3,11,0.857,6.5
i_2S-1mg_mL 3,12,0.857,7.5
i_2S-1mg_mL 3,13,0.853,8.5
i_2S-1mg_mL 3,14,0.851,9.5
i_2S-1mg_mL 3,15,0.849,10.5
i_2S-1mg_mL 3,16,0.845,11.5
i_2S-1mg_mL 3,17,0.845,12.5
i_2S-1mg_mL 3,18,0.84,14.5
i_2S-1mg_mL 3,19,0.836,16.5
i_2S-1mg_mL 3,20,0.832,18.5
i_2S-1mg_mL 3,21,0.83,20.5
i_2S-1mg_mL 3,22,0.826,22.5
i_2S-1mg_mL 3,23,0.822,24.5
i_2S-1mg_mL 3,24,0.819,26.5
i_2S-1mg_mL 3,25,0.816,28.5
i_2S-1mg_mL 3,26,0.81,32.5
i_2S-1mg_mL 3,27,0.805,36.5
i_2S-1mg_mL 3,28,0.799,40.5
i_2S-1mg_mL 3,29,0.794,44.5
i_2S-1mg_mL 3,30,0.789,48.5
i_2S-1mg_mL 3,31,0.784,52.5
i_2S-1mg_mL 3,32,0.779,56.5
i_2S-1mg_mL 3,33,0.775,60.5
i_2S-1mg_mL 3,34,0.766,68.5
i_2S-1mg_mL 3,35,0.758,76.5
i_2S-1mg_mL 3,36,0.75,84.5
i_2S-1mg_mL 3,37,0.742,92.5
i_2S-1mg_mL 3,38,0.734,101.0
i_2S-1mg_mL 3,39,0.727,109.0
i_2S-1mg_mL 3,40,0.72,117.0
i_2S-1mg_mL 3,41,0.714,125.0
i_2S-1mg_mL 3,42,0.701,141.0
i_2S-1mg_mL 3,43,0.688,157.0
i_2S-1mg_mL 3,44,0.676,173.0
i_2S-1mg_mL 3,45,0.665,189.0
i_2S-1mg_mL 3,46,0.655,205.0
i_2S-1mg_mL 3,47,0.644,221.0
i_2S-1mg_mL 3,48,0.634,237.0
i_2S-1mg_mL 3,49,0.625,253.0
i_2S-1mg_mL 3,50,0.607,285.0
i_2S-1mg_mL 3,51,0.59,317.0
i_2S-1mg_mL 3,52,0.574,349.0
i_2S-1mg_mL 3,53,0.559,381.0
i_2S-1mg_mL 3,54,0.545,413.0
i_2S-1mg_mL 3,55,0.531,445.0
i_2S-1mg_mL 3,56,0.518,477.0
i_2S-1mg_mL 3,57,0.506,509.0
i_2S-1mg_mL 3,58,0.483,573.0
i_2S-1mg_mL 3,59,0.462,637.0
i_2S-1mg_mL 3,60,0.443,701.0
i_2S-1mg_mL 3,61,0.425,765.0
i_2S-1mg_mL 3,62,0.408,829.0
i_2S-1mg_mL 3,63,0.393,893.0
i_2S-1mg_mL 3,64,0.378,957.0
i_2S-1mg_mL 3,65,0.365,1020.0
i_2S-1mg_mL 3,66,0.34,1150.0
i_2S-1mg_mL 3,67,0.318,1280.0
i_2S-1mg_mL 3,68,0.298,1400.0
i_2S-1mg_mL 3,69,0.279,1530.0
i_2S-1mg_mL 3,70,0.262,1660.0
i_2S-1mg_mL 3,71,0.246,1790.0
i_2S-1mg_mL 3,72,0.232,1920.0
i_2S-1mg_mL 3,73,0.22,2040.0
i_2S-1mg_mL 3,74,0.197,2300.0
i_2S-1mg_mL 3,75,0.177,2560.0
i_2S-1mg_mL 3,76,0.161,2810.0
i_2S-1mg_mL 3,77,0.148,3070.0
i_2S-1mg_mL 3,78,0.137,3320.0
i_2S-1mg_mL 3,79,0.127,3580.0
i_2S-1mg_mL 3,80,0.119,3840.0
i_2S-1mg_mL 3,81,0.114,4090.0
i_2S-1mg_mL 3,82,0.106,4600.0
i_2S-1mg_mL 3,83,0.101,5120.0
i_2S-1mg_mL 3,84,0.0956,5630.0
i_2S-1mg_mL 3,85,0.0915,6140.0
i_2S-1mg_mL 3,86,0.0893,6650.0
i_2S-1mg_mL 3,87,0.0895,7160.0
i_2S-1mg_mL 3,88,0.089,7680.0
i_2S-1mg_mL 3,89,0.0891,8190.0
i_2S-1mg_mL 3,90,0.0885,9210.0
i_2S-1mg_mL 3,91,0.0905,10200.0
i_2S-1mg_mL 3,92,0.0946,11300.0
i_2S-1mg_mL 3,93,0.0994,12300.0
i_2S-1mg_mL 3,94,0.0985,13300.0
i_2S-1mg_mL 3,95,0.0975,14300.0
i_2S-1mg_mL 3,96,0.0951,15400.0
i_2S-1mg_mL 3,97,0.0925,16400.0
i_2S-1mg_mL 3,98,0.0897,18400.0
i_2S-1mg_mL 3,99,0.0864,20500.0
i_2S-1mg_mL 3,100,0.0844,22500.0
i_2S-1mg_mL 3,101,0.0827,24600.0
i_2S-1mg_mL 3,102,0.0799,26600.0
i_2S-1mg_mL 3,103,0.0813,28700.0
i_2S-1mg_mL 3,104,0.0793,30700.0
i_2S-1mg_mL 3,105,0.0807,32800.0
i_2S-1mg_mL 3,106,0.077,36900.0
i_2S-1mg_mL 3,107,0.0705,41000.0
i_2S-1mg_mL 3,108,0.0733,45100.0
i_2S-1mg_mL 3,109,0.0701,49100.0
i_2S-1mg_mL 3,110,0.0723,53200.0
i_2S-1mg_mL 3,111,0.0714,57300.0
i_2S-1mg_mL 3,112,0.0609,61400.0
i_2S-1mg_mL 3,113,0.0612,65500.0
i_2S-1mg_mL 3,114,0.0567,73700.0
i_2S-1mg_mL 3,115,0.0551,81900.0
i_2S-1mg_mL 3,116,0.0557,90100.0
i_2S-1mg_mL 3,117,0.049,98300.0
i_2S-1mg_mL 3,118,0.0512,106000.0
i_2S-1mg_mL 3,119,0.0495,115000.0
i_2S-1mg_mL 3,120,0.0449,123000.0
i_2S-1mg_mL 3,121,0.0433,131000.0
i_2S-1mg_mL 3,122,0.0416,147000.0
i_2S-1mg_mL 3,123,0.0301,164000.0
i_2S-1mg_mL 3,124,0.0318,180000.0
i_2S-1mg_mL 3,125,0.0302,197000.0
i_2S-1mg_mL 3,126,0.0222,213000.0
i_2S-1mg_mL 3,127,0.0205,229000.0
i_2S-1mg_mL 3,128,0.0183,246000.0
i_2S-1mg_mL 3,129,0.0154,262000.0
i_2S-1mg_mL 3,130,0.0133,295000.0
i_2S-1mg_mL 3,131,0.0114,328000.0
i_2S-1mg_mL 3,132,0.00852,360000.0
i_2S-1mg_mL 3,133,0.0102,393000.0
i_2S-1mg_mL 3,134,0.00971,426000.0
i_2S-1mg_mL 3,135,0.0083,459000.0
i_2S-1mg_mL 3,136,0.0103,492000.0
i_2S-1mg_mL 3,137,0.0092,524000.0
i_2S-1mg_mL 3,138,0.00936,590000.0
i_2S-1mg_mL 3,139,0.00491,655000.0
i_2S-1mg_mL 3,140,0.00284,721000.0
i_2S-1mg_mL 3,141,0.00238,786000.0
i_2S-1mg_mL 3,142,0.0018,852000.0
i_2S-1mg_mL 3,143,0.00201,918000.0
i_2S-1mg_mL 3,144,0.00623,983000.0
i_2S-1mg_mL 3,145,0.0078,1050000.0
i_2S-1mg_mL 3,146,0.00539,1180000.0
i_2S-1mg_mL 3,147,0.0015,1310000.0
i_2S-1mg_mL 3,148,0.00167,1440000.0
i_2S-1mg_mL 3,149,0.00893,1570000.0
i_2S-1mg_mL 3,150,0.00519,1700000.0
i_2S-1mg_mL 3,151,0.000791,1840000.0
i_2S-1mg_mL 3,152,0.000224,1970000.0
i_2S-1mg_mL 3,153,0.0105,2100000.0
i_2S-1mg_mL 3,154,0.0352,2360000.0
i_2S-1mg_mL 3,155,0.0237,2620000.0
i_2S-1mg_mL 3,156,0.00506,2880000.0
i_2S-1mg_mL 3,157,0.00613,3150000.0
i_2S-1mg_mL 3,158,0.00475,3410000.0
i_2S-1mg_mL 3,159,0.0181,3670000.0
i_2S-1mg_mL 3,160,0.00686,3930000.0
i_2S-1mg_mL 3,161,0.0,4190000.0
i_2S-1mg_mL 3,162,0.0,4720000.0
i_2S-1mg_mL 3,163,0.0,5240000.0
i_2S-1mg_mL 3,164,0.0,5770000.0
i_2S-1mg_mL 3,165,0.0,6290000.0
i_2S-1mg_mL 3,166,0.0,6820000.0
i_2S-1mg_mL 3,167,0.0,7340000.0
i_2S-1mg_mL 3,168,0.0,7860000.0
i_2S-1mg_mL 3,169,0.0,8390000.0
i_2S-1mg_mL 3,170,0.0,9440000.0
i_2S-1mg_mL 3,171,0.0,10500000.0
i_2S-1mg_mL 3,172,0.0,11500000.0
i_2S-1mg_mL 3,173,0.0,12600000.0
i_2S-1mg_mL 3,174,0.0,13600000.0
i_2S-1mg_mL 3,175,0.0,14700000.0
i_2S-1mg_mL 3,176,0.0,15700000.0
i_2S-1mg_mL 3,177,0.0,16800000.0
i_2S-1mg_mL 3,178,0.0,18900000.0
i_2S-1mg_mL 3,179,0.0,21000000.0
i_2S-1mg_mL 3,180,0.0,23100000.0
i_2S-1mg_mL 3,181,0.0,25200000.0
i_2S-1mg_mL 3,182,0.0,27300000.0
i_2S-1mg_mL 3,183,0.0,29400000.0
i_2S-1mg_mL 3,184,0.0,31500000.0
i_2S-1mg_mL 3,185,0.0,33600000.0
i_2S-1mg_mL 3,186,0.0,37700000.0
i_2S-1mg_mL 3,187,0.0,41900000.0
i_2S-1mg_mL 3,188,0.0,46100000.0
i_2S-1mg_mL 3,189,0.0,50300000.0
i_2S-1mg_mL 3,190,0.0,54500000.0
i_2S-1mg_mL 3,191,0.0,58700000.0
i_2S-1mg_mL 3,192,0.0,62900000.0
i_2S-1mg_mL-mean,1,0.974,0.5
i_2S-1mg_mL-mean,2,0.986,1.0
i_2S-1mg_mL-mean,3,0.983,1.5
i_2S-1mg_mL-mean,4,0.982,2.0
i_2S-1mg_mL-mean,5,0.98,2.5
i_2S-1mg_mL-mean,6,0.979,3.0
i_2S-1mg_mL-mean,7,0.977,3.5
i_2S-1mg_mL-mean,8,0.976,4.0
i_2S-1mg_mL-mean,9,0.974,4.5
i_2S-1mg_mL-mean,10,0.971,5.5
i_2S-1mg_mL-mean,11,0.968,6.5
i_2S-1mg_mL-mean,12,0.966,7.5
i_2S-1mg_mL-mean,13,0.965,8.5
i_2S-1mg_mL-mean,14,0.963,9.5
i_2S-1mg_mL-mean,15,0.959,10.5
i_2S-1mg_mL-mean,16,0.958,11.5
i_2S-1mg_mL-mean,17,0.956,12.5
i_2S-1mg_mL-mean,18,0.954,14.5
i_2S-1mg_mL-mean,19,0.95,16.5
i_2S-1mg_mL-mean,20,0.946,18.5
i_2S-1mg_mL-mean,21,0.943,20.5
i_2S-1mg_mL-mean,22,0.94,22.5
i_2S-1mg_mL-mean,23,0.937,24.5
i_2S-1mg_mL-mean,24,0.935,26.5
i_2S-1mg_mL-mean,25,0.932,28.5
i_2S-1mg_mL-mean,26,0.927,32.5
i_2S-1mg_mL-mean,27,0.922,36.5
i_2S-1mg_mL-mean,28,0.917,40.5
i_2S-1mg_mL-mean,29,0.913,44.5
i_2S-1mg_mL-mean,30,0.908,48.5
i_2S-1mg_mL-mean,31,0.904,52.5
i_2S-1mg_mL-mean,32,0.899,56.5
i_2S-1mg_mL-mean,33,0.896,60.5
i_2S-1mg_mL-mean,34,0.888,68.5
i_2S-1mg_mL-mean,35,0.88,76.5
i_2S-1mg_mL-mean,36,0.874,84.5
i_2S-1mg_mL-mean,37,0.867,92.5
i_2S-1mg_mL-mean,38,0.86,101.0
i_2S-1mg_mL-mean,39,0.854,109.0
i_2S-1mg_mL-mean,40,0.848,117.0
i_2S-1mg_mL-mean,41,0.841,125.0
i_2S-1mg_mL-mean,42,0.83,141.0
i_2S-1mg_mL-mean,43,0.819,157.0
i_2S-1mg_mL-mean,44,0.809,173.0
i_2S-1mg_mL-mean,45,0.799,189.0
i_2S-1mg_mL-mean,46,0.789,205.0
i_2S-1mg_mL-mean,47,0.78,221.0
i_2S-1mg_mL-mean,48,0.771,237.0
i_2S-1mg_mL-mean,49,0.763,253.0
i_2S-1mg_mL-mean,50,0.747,285.0
i_2S-1mg_mL-mean,51,0.731,317.0
i_2S-1mg_mL-mean,52,0.717,349.0
i_2S-1mg_mL-mean,53,0.703,381.0
i_2S-1mg_mL-mean,54,0.69,413.0
i_2S-1mg_mL-mean,55,0.678,445.0
i_2S-1mg_mL-mean,56,0.666,477.0
i_2S-1mg_mL-mean,57,0.654,509.0
i_2S-1mg_mL-mean,58,0.633,573.0
i_2S-1mg_mL-mean,59,0.614,637.0
i_2S-1mg_mL-mean,60,0.596,701.0
i_2S-1mg_mL-mean,61,0.579,765.0
i_2S-1mg_mL-mean,62,0.563,829.0
i_2S-1mg_mL-mean,63,0.548,893.0
i_2S-1mg_mL-mean,64,0.534,957.0
i_2S-1mg_mL-mean,65,0.52,1020.0
i_2S-1mg_mL-mean,66,0.495,1150.0
i_2S-1mg_mL-mean,67,0.472,1280.0
i_2S-1mg_mL-mean,68,0.452,1400.0
i_2S-1mg_mL-mean,69,0.434,1530.0
i_2S-1mg_mL-mean,70,0.418,1660.0
i_2S-1mg_mL-mean,71,0.403,1790.0
i_2S-1mg_mL-mean,72,0.389,1920.0
i_2S-1mg_mL-mean,73,0.377,2040.0
i_2S-1mg_mL-mean,74,0.354,2300.0
i_2S-1mg_mL-mean,75,0.335,2560.0
i_2S-1mg_mL-mean,76,0.318,2810.0
i_2S-1mg_mL-mean,77,0.305,3070.0
i_2S-1mg_mL-mean,78,0.293,3320.0
i_2S-1mg_mL-mean,79,0.283,3580.0
i_2S-1mg_mL-mean,80,0.274,3840.0
i_2S-1mg_mL-mean,81,0.266,4090.0
i_2S-1mg_mL-mean,82,0.251,4600.0
i_2S-1mg_mL-mean,83,0.241,5120.0
i_2S-1mg_mL-mean,84,0.233,5630.0
i_2S-1mg_mL-mean,85,0.227,6140.0
i_2S-1mg_mL-mean,86,0.224,6650.0
i_2S-1mg_mL-mean,87,0.221,7160.0
i_2S-1mg_mL-mean,88,0.219,7680.0
i_2S-1mg_mL-mean,89,0.216,8190.0
i_2S-1mg_mL-mean,90,0.21,9210.0
i_2S-1mg_mL-mean,91,0.204,10200.0
i_2S-1mg_mL-mean,92,0.195,11300.0
i_2S-1mg_mL-mean,93,0.19,12300.0
i_2S-1mg_mL-mean,94,0.19,13300.0
i_2S-1mg_mL-mean,95,0.189,14300.0
i_2S-1mg_mL-mean,96,0.19,15400.0
i_2S-1mg_mL-mean,97,0.189,16400.0
i_2S-1mg_mL-mean,98,0.186,18400.0
i_2S-1mg_mL-mean,99,0.182,20500.0
i_2S-1mg_mL-mean,100,0.174,22500.0
i_2S-1mg_mL-mean,101,0.172,24600.0
i_2S-1mg_mL-mean,102,0.17,26600.0
i_2S-1mg_mL-mean,103,0.17,28700.0
i_2S-1mg_mL-mean,104,0.166,30700.0
i_2S-1mg_mL-mean,105,0.161,32800.0
i_2S-1mg_mL-mean,106,0.152,36900.0
i_2S-1mg_mL-mean,107,0.148,41000.0
i_2S-1mg_mL-mean,108,0.144,45100.0
i_2S-1mg_mL-mean,109,0.142,49100.0
i_2S-1mg_mL-mean,110,0.137,53200.0
i_2S-1mg_mL-mean,111,0.127,57300.0
i_2S-1mg_mL-mean,112,0.116,61400.0
i_2S-1mg_mL-mean,113,0.114,65500.0
i_2S-1mg_mL-mean,114,0.096,73700.0
i_2S-1mg_mL-mean,115,0.0878,81900.0
i_2S-1mg_mL-mean,116,0.0715,90100.0
i_2S-1mg_mL-mean,117,0.0595,98300.0
i_2S-1mg_mL-mean,118,0.0542,106000.0
i_2S-1mg_mL-mean,119,0.0457,115000.0
i_2S-1mg_mL-mean,120,0.0317,123000.0
i_2S-1mg_mL-mean,121,0.0247,131000.0
i_2S-1mg_mL-mean,122,0.0123,147000.0
i_2S-1mg_mL-mean,123,0.00684,164000.0
i_2S-1mg_mL-mean,124,0.00447,180000.0
i_2S-1mg_mL-mean,125,0.00605,197000.0
i_2S-1mg_mL-mean,126,0.00647,213000.0
i_2S-1mg_mL-mean,127,0.00587,229000.0
i_2S-1mg_mL-mean,128,0.00677,246000.0
i_2S-1mg_mL-mean,129,0.0147,262000.0
i_2S-1mg_mL-mean,130,0.0235,295000.0
i_2S-1mg_mL-mean,131,0.0295,328000.0
i_2S-1mg_mL-mean,132,0.0252,360000.0
i_2S-1mg_mL-mean,133,0.0204,393000.0
i_2S-1mg_mL-mean,134,0.0128,426000.0
i_2S-1mg_mL-mean,135,0.00854,459000.0
i_2S-1mg_mL-mean,136,0.0056,492000.0
i_2S-1mg_mL-mean,137,0.00284,524000.0
i_2S-1mg_mL-mean,138,0.00343,590000.0
i_2S-1mg_mL-mean,139,0.00983,655000.0
i_2S-1mg_mL-mean,140,0.0115,721000.0
i_2S-1mg_mL-mean,141,0.0129,786000.0
i_2S-1mg_mL-mean,142,0.00837,852000.0
i_2S-1mg_mL-mean,143,0.00432,918000.0
i_2S-1mg_mL-mean,144,0.0101,983000.0
i_2S-1mg_mL-mean,145,0.0256,1050000.0
i_2S-1mg_mL-mean,146,0.025,1180000.0
i_2S-1mg_mL-mean,147,0.0111,1310000.0
i_2S-1mg_mL-mean,148,0.0243,1440000.0
i_2S-1mg_mL-mean,149,0.0189,1570000.0
i_2S-1mg_mL-mean,150,0.0253,1700000.0
i_2S-1mg_mL-mean,151,0.0104,1840000.0
i_2S-1mg_mL-mean,152,0.00723,1970000.0
i_2S-1mg_mL-mean,153,0.00332,2100000.0
i_2S-1mg_mL-mean,154,0.0105,2360000.0
i_2S-1mg_mL-mean,155,0.00829,2620000.0
i_2S-1mg_mL-mean,156,0.007,2880000.0
i_2S-1mg_mL-mean,157,0.00465,3150000.0
i_2S-1mg_mL-mean,158,0.0158,3410000.0
i_2S-1mg_mL-mean,159,0.00664,3670000.0
i_2S-1mg_mL-mean,160,0.00275,3930000.0
i_2S-1mg_mL-mean,161,0.0,4190000.0
i_2S-1mg_mL-mean,162,0.0,4720000.0
i_2S-1mg_mL-mean,163,0.0,5240000.0
i_2S-1mg_mL-mean,164,0.0,5770000.0
i_2S-1mg_mL-mean,165,0.0,6290000.0
i_2S-1mg_mL-mean,166,0.0,6820000.0
i_2S-1mg_mL-mean,167,0.0,7340000.0
i_2S-1mg_mL-mean,168,0.0,7860000.0
i_2S-1mg_mL-mean,169,0.0,8390000.0
i_2S-1mg_mL-mean,170,0.0,9440000.0
i_2S-1mg_mL-mean,171,0.0,10500000.0
i_2S-1mg_mL-mean,172,0.0,11500000.0
i_2S-1mg_mL-mean,173,0.0,12600000.0
i_2S-1mg_mL-mean,174,0.0,13600000.0
i_2S-1mg_mL-mean,175,0.0,14700000.0
i_2S-1mg_mL-mean,176,0.0,15700000.0
i_2S-1mg_mL-mean,177,0.0,16800000.0
i_2S-1mg_mL-mean,178,0.0,18900000.0
i_2S-1mg_mL-mean,179,0.0,21000000.0
i_2S-1mg_mL-mean,180,0.0,23100000.0
i_2S-1mg_mL-mean,181,0.0,25200000.0
i_2S-1mg_mL-mean,182,0.0,27300000.0
i_2S-1mg_mL-mean,183,0.0,29400000.0
i_2S-1mg_mL-mean,184,0.0,31500000.0
i_2S-1mg_mL-mean,185,0.0,33600000.0
i_2S-1mg_mL-mean,186,0.0,37700000.0
i_2S-1mg_mL-mean,187,0.0,41900000.0
i_2S-1mg_mL-mean,188,0.0,46100000.0
i_2S-1mg_mL-mean,189,0.0,50300000.0
i_2S-1mg_mL-mean,190,0.0,54500000.0
i_2S-1mg_mL-mean,191,0.0,58700000.0
i_2S-1mg_mL-mean,192,0.0,62900000.0
L_3S-1mg_mL 1,1,0.885,0.5
L_3S-1mg_mL 1,2,0.895,1.0
L_3S-1mg_mL 1,3,0.893,1.5
L_3S-1mg_mL 1,4,0.892,2.0
L_3S-1mg_mL 1,5,0.888,2.5
L_3S-1mg_mL 1,6,0.888,3.0
L_3S-1mg_mL 1,7,0.889,3.5
L_3S-1mg_mL 1,8,0.887,4.0
L_3S-1mg_mL 1,9,0.887,4.5
L_3S-1mg_mL 1,10,0.884,5.5
L_3S-1mg_mL 1,11,0.882,6.5
L_3S-1mg_mL 1,12,0.88,7.5
L_3S-1mg_mL 1,13,0.881,8.5
L_3S-1mg_mL 1,14,0.88,9.5
L_3S-1mg_mL 1,15,0.878,10.5
L_3S-1mg_mL 1,16,0.875,11.5
L_3S-1mg_mL 1,17,0.876,12.5
L_3S-1mg_mL 1,18,0.874,14.5
L_3S-1mg_mL 1,19,0.872,16.5
L_3S-1mg_mL 1,20,0.869,18.5
L_3S-1mg_mL 1,21,0.869,20.5
L_3S-1mg_mL 1,22,0.867,22.5
L_3S-1mg_mL 1,23,0.864,24.5
L_3S-1mg_mL 1,24,0.864,26.5
L_3S-1mg_mL 1,25,0.862,28.5
L_3S-1mg_mL 1,26,0.859,32.5
L_3S-1mg_mL 1,27,0.855,36.5
L_3S-1mg_mL 1,28,0.853,40.5
L_3S-1mg_mL 1,29,0.85,44.5
L_3S-1mg_mL 1,30,0.849,48.5
L_3S-1mg_mL 1,31,0.845,52.5
L_3S-1mg_mL 1,32,0.842,56.5
L_3S-1mg_mL 1,33,0.84,60.5
L_3S-1mg_mL 1,34,0.835,68.5
L_3S-1mg_mL 1,35,0.83,76.5
L_3S-1mg_mL 1,36,0.826,84.5
L_3S-1mg_mL 1,37,0.823,92.5
L_3S-1mg_mL 1,38,0.818,101.0
L_3S-1mg_mL 1,39,0.814,109.0
L_3S-1mg_mL 1,40,0.811,117.0
L_3S-1mg_mL 1,41,0.807,125.0
L_3S-1mg_mL 1,42,0.801,141.0
L_3S-1mg_mL 1,43,0.794,157.0
L_3S-1mg_mL 1,44,0.788,173.0
L_3S-1mg_mL 1,45,0.782,189.0
L_3S-1mg_mL 1,46,0.776,205.0
L_3S-1mg_mL 1,47,0.77,221.0
L_3S-1mg_mL 1,48,0.765,237.0
L_3S-1mg_mL 1,49,0.759,253.0
L_3S-1mg_mL 1,50,0.749,285.0
L_3S-1mg_mL 1,51,0.739,317.0
L_3S-1mg_mL 1,52,0.731,349.0
L_3S-1mg_mL 1,53,0.722,381.0
L_3S-1mg_mL 1,54,0.713,413.0
L_3S-1mg_mL 1,55,0.705,445.0
L_3S-1mg_mL 1,56,0.697,477.0
L_3S-1mg_mL 1,57,0.69,509.0
L_3S-1mg_mL 1,58,0.676,573.0
L_3S-1mg_mL 1,59,0.662,637.0
L_3S-1mg_mL 1,60,0.649,701.0
L_3S-1mg_mL 1,61,0.636,765.0
L_3S-1mg_mL 1,62,0.624,829.0
L_3S-1mg_mL 1,63,0.613,893.0
L_3S-1mg_mL 1,64,0.601,957.0
L_3S-1mg_mL 1,65,0.591,1020.0
L_3S-1mg_mL 1,66,0.57,1150.0
L_3S-1mg_mL 1,67,0.55,1280.0
L_3S-1mg_mL 1,68,0.531,1400.0
L_3S-1mg_mL 1,69,0.513,1530.0
L_3S-1mg_mL 1,70,0.495,1660.0
L_3S-1mg_mL 1,71,0.478,1790.0
L_3S-1mg_mL 1,72,0.461,1920.0
L_3S-1mg_mL 1,73,0.445,2040.0
L_3S-1mg_mL 1,74,0.415,2300.0
L_3S-1mg_mL 1,75,0.387,2560.0
L_3S-1mg_mL 1,76,0.362,2810.0
L_3S-1mg_mL 1,77,0.337,3070.0
L_3S-1mg_mL 1,78,0.315,3320.0
L_3S-1mg_mL 1,79,0.296,3580.0
L_3S-1mg_mL 1,80,0.278,3840.0
L_3S-1mg_mL 1,81,0.262,4090.0
L_3S-1mg_mL 1,82,0.231,4600.0
L_3S-1mg_mL 1,83,0.206,5120.0
L_3S-1mg_mL 1,84,0.185,5630.0
L_3S-1mg_mL 1,85,0.168,6140.0
L_3S-1mg_mL 1,86,0.154,6650.0
L_3S-1mg_mL 1,87,0.142,7160.0
L_3S-1mg_mL 1,88,0.132,7680.0
L_3S-1mg_mL 1,89,0.123,8190.0
L_3S-1mg_mL 1,90,0.108,9210.0
L_3S-1mg_mL 1,91,0.0972,10200.0
L_3S-1mg_mL 1,92,0.0901,11300.0
L_3S-1mg_mL 1,93,0.0855,12300.0
L_3S-1mg_mL 1,94,0.0816,13300.0
L_3S-1mg_mL 1,95,0.0775,14300.0
L_3S-1mg_mL 1,96,0.0753,15400.0
L_3S-1mg_mL 1,97,0.0737,16400.0
L_3S-1mg_mL 1,98,0.0708,18400.0
L_3S-1mg_mL 1,99,0.0646,20500.0
L_3S-1mg_mL 1,100,0.0614,22500.0
L_3S-1mg_mL 1,101,0.0586,24600.0
L_3S-1mg_mL 1,102,0.0522,26600.0
L_3S-1mg_mL 1,103,0.0462,28700.0
L_3S-1mg_mL 1,104,0.0434,30700.0
L_3S-1mg_mL 1,105,0.0454,32800.0
L_3S-1mg_mL 1,106,0.0489,36900.0
L_3S-1mg_mL 1,107,0.0543,41000.0
L_3S-1mg_mL 1,108,0.0601,45100.0
L_3S-1mg_mL 1,109,0.0614,49100.0
L_3S-1mg_mL 1,110,0.0587,53200.0
L_3S-1mg_mL 1,111,0.0526,57300.0
L_3S-1mg_mL 1,112,0.0458,61400.0
L_3S-1mg_mL 1,113,0.0435,65500.0
L_3S-1mg_mL 1,114,0.0408,73700.0
L_3S-1mg_mL 1,115,0.0307,81900.0
L_3S-1mg_mL 1,116,0.0267,90100.0
L_3S-1mg_mL 1,117,0.0235,98300.0
L_3S-1mg_mL 1,118,0.0181,106000.0
L_3S-1mg_mL 1,119,0.0157,115000.0
L_3S-1mg_mL 1,120,0.0126,123000.0
L_3S-1mg_mL 1,121,0.00862,131000.0
L_3S-1mg_mL 1,122,0.0082,147000.0
L_3S-1mg_mL 1,123,0.00577,164000.0
L_3S-1mg_mL 1,124,0.000157,180000.0
L_3S-1mg_mL 1,125,0.00145,197000.0
L_3S-1mg_mL 1,126,0.0024,213000.0
L_3S-1mg_mL 1,127,0.000695,229000.0
L_3S-1mg_mL 1,128,0.00473,246000.0
L_3S-1mg_mL 1,129,0.00149,262000.0
L_3S-1mg_mL 1,130,0.00295,295000.0
L_3S-1mg_mL 1,131,0.00494,328000.0
L_3S-1mg_mL 1,132,0.00738,360000.0
L_3S-1mg_mL 1,133,0.00458,393000.0
L_3S-1mg_mL 1,134,0.00268,426000.0
L_3S-1mg_mL 1,135,0.00559,459000.0
L_3S-1mg_mL 1,136,0.0041,492000.0
L_3S-1mg_mL 1,137,0.00424,524000.0
L_3S-1mg_mL 1,138,0.00271,590000.0
L_3S-1mg_mL 1,139,0.00246,655000.0
L_3S-1mg_mL 1,140,0.00157,721000.0
L_3S-1mg_mL 1,141,0.000392,786000.0
L_3S-1mg_mL 1,142,0.00151,852000.0
L_3S-1mg_mL 1,143,0.00112,918000.0
L_3S-1mg_mL 1,144,0.00492,983000.0
L_3S-1mg_mL 1,145,0.0075,1050000.0
L_3S-1mg_mL 1,146,0.00738,1180000.0
L_3S-1mg_mL 1,147,0.00743,1310000.0
L_3S-1mg_mL 1,148,0.00635,1440000.0
L_3S-1mg_mL 1,149,0.00458,1570000.0
L_3S-1mg_mL 1,150,0.00348,1700000.0
L_3S-1mg_mL 1,151,0.00338,1840000.0
L_3S-1mg_mL 1,152,0.00141,1970000.0
L_3S-1mg_mL 1,153,0.00347,2100000.0
L_3S-1mg_mL 1,154,0.00171,2360000.0
L_3S-1mg_mL 1,155,0.00536,2620000.0
L_3S-1mg_mL 1,156,0.00291,2880000.0
L_3S-1mg_mL 1,157,0.00275,3150000.0
L_3S-1mg_mL 1,158,0.00463,3410000.0
L_3S-1mg_mL 1,159,0.00537,3670000.0
L_3S-1mg_mL 1,160,0.00179,3930000.0
L_3S-1mg_mL 1,161,0.0,4190000.0
L_3S-1mg_mL 1,162,0.0,4720000.0
L_3S-1mg_mL 1,163,0.0,5240000.0
L_3S-1mg_mL 1,164,0.0,5770000.0
L_3S-1mg_mL 1,165,0.0,6290000.0
L_3S-1mg_mL 1,166,0.0,6820000.0
L_3S-1mg_mL 1,167,0.0,7340000.0
L_3S-1mg_mL 1,168,0.0,7860000.0
L_3S-1mg_mL 1,169,0.0,8390000.0
L_3S-1mg_mL 1,170,0.0,9440000.0
L_3S-1mg_mL 1,171,0.0,10500000.0
L_3S-1mg_mL 1,172,0.0,11500000.0
L_3S-1mg_mL 1,173,0.0,12600000.0
L_3S-1mg_mL 1,174,0.0,13600000.0
L_3S-1mg_mL 1,175,0.0,14700000.0
L_3S-1mg_mL 1,176,0.0,15700000.0
L_3S-1mg_mL 1,177,0.0,16800000.0
L_3S-1mg_mL 1,178,0.0,18900000.0
L_3S-1mg_mL 1,179,0.0,21000000.0
L_3S-1mg_mL 1,180,0.0,23100000.0
L_3S-1mg_mL 1,181,0.0,25200000.0
L_3S-1mg_mL 1,182,0.0,27300000.0
L_3S-1mg_mL 1,183,0.0,29400000.0
L_3S-1mg_mL 1,184,0.0,31500000.0
L_3S-1mg_mL 1,185,0.0,33600000.0
L_3S-1mg_mL 1,186,0.0,37700000.0
L_3S-1mg_mL 1,187,0.0,41900000.0
L_3S-1mg_mL 1,188,0.0,46100000.0
L_3S-1mg_mL 1,189,0.0,50300000.0
L_3S-1mg_mL 1,190,0.0,54500000.0
L_3S-1mg_mL 1,191,0.0,58700000.0
L_3S-1mg_mL 1,192,0.0,62900000.0
L_3S-1mg_mL 2,1,0.903,0.5
L_3S-1mg_mL 2,2,0.913,1.0
L_3S-1mg_mL 2,3,0.908,1.5
L_3S-1mg_mL 2,4,0.912,2.0
L_3S-1mg_mL 2,5,0.904,2.5
L_3S-1mg_mL 2,6,0.908,3.0
L_3S-1mg_mL 2,7,0.905,3.5
L_3S-1mg_mL 2,8,0.902,4.0
L_3S-1mg_mL 2,9,0.904,4.5
L_3S-1mg_mL 2,10,0.903,5.5
L_3S-1mg_mL 2,11,0.898,6.5
L_3S-1mg_mL 2,12,0.901,7.5
L_3S-1mg_mL 2,13,0.896,8.5
L_3S-1mg_mL 2,14,0.898,9.5
L_3S-1mg_mL 2,15,0.895,10.5
L_3S-1mg_mL 2,16,0.895,11.5
L_3S-1mg_mL 2,17,0.895,12.5
L_3S-1mg_mL 2,18,0.891,14.5
L_3S-1mg_mL 2,19,0.889,16.5
L_3S-1mg_mL 2,20,0.887,18.5
L_3S-1mg_mL 2,21,0.885,20.5
L_3S-1mg_mL 2,22,0.883,22.5
L_3S-1mg_mL 2,23,0.881,24.5
L_3S-1mg_mL 2,24,0.88,26.5
L_3S-1mg_mL 2,25,0.879,28.5
L_3S-1mg_mL 2,26,0.875,32.5
L_3S-1mg_mL 2,27,0.871,36.5
L_3S-1mg_mL 2,28,0.869,40.5
L_3S-1mg_mL 2,29,0.866,44.5
L_3S-1mg_mL 2,30,0.862,48.5
L_3S-1mg_mL 2,31,0.861,52.5
L_3S-1mg_mL 2,32,0.859,56.5
L_3S-1mg_mL 2,33,0.855,60.5
L_3S-1mg_mL 2,34,0.85,68.5
L_3S-1mg_mL 2,35,0.846,76.5
L_3S-1mg_mL 2,36,0.842,84.5
L_3S-1mg_mL 2,37,0.838,92.5
L_3S-1mg_mL 2,38,0.833,101.0
L_3S-1mg_mL 2,39,0.829,109.0
L_3S-1mg_mL 2,40,0.825,117.0
L_3S-1mg_mL 2,41,0.822,125.0
L_3S-1mg_mL 2,42,0.815,141.0
L_3S-1mg_mL 2,43,0.808,157.0
L_3S-1mg_mL 2,44,0.801,173.0
L_3S-1mg_mL 2,45,0.795,189.0
L_3S-1mg_mL 2,46,0.789,205.0
L_3S-1mg_mL 2,47,0.783,221.0
L_3S-1mg_mL 2,48,0.778,237.0
L_3S-1mg_mL 2,49,0.772,253.0
L_3S-1mg_mL 2,50,0.762,285.0
L_3S-1mg_mL 2,51,0.752,317.0
L_3S-1mg_mL 2,52,0.743,349.0
L_3S-1mg_mL 2,53,0.734,381.0
L_3S-1mg_mL 2,54,0.725,413.0
L_3S-1mg_mL 2,55,0.717,445.0
L_3S-1mg_mL 2,56,0.709,477.0
L_3S-1mg_mL 2,57,0.701,509.0
L_3S-1mg_mL 2,58,0.687,573.0
L_3S-1mg_mL 2,59,0.673,637.0
L_3S-1mg_mL 2,60,0.659,701.0
L_3S-1mg_mL 2,61,0.647,765.0
L_3S-1mg_mL 2,62,0.635,829.0
L_3S-1mg_mL 2,63,0.623,893.0
L_3S-1mg_mL 2,64,0.612,957.0
L_3S-1mg_mL 2,65,0.602,1020.0
L_3S-1mg_mL 2,66,0.581,1150.0
L_3S-1mg_mL 2,67,0.562,1280.0
L_3S-1mg_mL 2,68,0.544,1400.0
L_3S-1mg_mL 2,69,0.526,1530.0
L_3S-1mg_mL 2,70,0.51,1660.0
L_3S-1mg_mL 2,71,0.494,1790.0
L_3S-1mg_mL 2,72,0.479,1920.0
L_3S-1mg_mL 2,73,0.464,2040.0
L_3S-1mg_mL 2,74,0.437,2300.0
L_3S-1mg_mL 2,75,0.412,2560.0
L_3S-1mg_mL 2,76,0.39,2810.0
L_3S-1mg_mL 2,77,0.369,3070.0
L_3S-1mg_mL 2,78,0.35,3320.0
L_3S-1mg_mL 2,79,0.333,3580.0
L_3S-1mg_mL 2,80,0.317,3840.0
L_3S-1mg_mL 2,81,0.303,4090.0
L_3S-1mg_mL 2,82,0.279,4600.0
L_3S-1mg_mL 2,83,0.258,5120.0
L_3S-1mg_mL 2,84,0.241,5630.0
L_3S-1mg_mL 2,85,0.227,6140.0
L_3S-1mg_mL 2,86,0.214,6650.0
L_3S-1mg_mL 2,87,0.203,7160.0
L_3S-1mg_mL 2,88,0.191,7680.0
L_3S-1mg_mL 2,89,0.179,8190.0
L_3S-1mg_mL 2,90,0.159,9210.0
L_3S-1mg_mL 2,91,0.144,10200.0
L_3S-1mg_mL 2,92,0.128,11300.0
L_3S-1mg_mL 2,93,0.115,12300.0
L_3S-1mg_mL 2,94,0.106,13300.0
L_3S-1mg_mL 2,95,0.1,14300.0
L_3S-1mg_mL 2,96,0.0936,15400.0
L_3S-1mg_mL 2,97,0.0871,16400.0
L_3S-1mg_mL 2,98,0.0762,18400.0
L_3S-1mg_mL 2,99,0.0745,20500.0
L_3S-1mg_mL 2,100,0.0737,22500.0
L_3S-1mg_mL 2,101,0.0722,24600.0
L_3S-1mg_mL 2,102,0.067,26600.0
L_3S-1mg_mL 2,103,0.06,28700.0
L_3S-1mg_mL 2,104,0.0577,30700.0
L_3S-1mg_mL 2,105,0.0578,32800.0
L_3S-1mg_mL 2,106,0.061,36900.0
L_3S-1mg_mL 2,107,0.0594,41000.0
L_3S-1mg_mL 2,108,0.0573,45100.0
L_3S-1mg_mL 2,109,0.0571,49100.0
L_3S-1mg_mL 2,110,0.0585,53200.0
L_3S-1mg_mL 2,111,0.0548,57300.0
L_3S-1mg_mL 2,112,0.0533,61400.0
L_3S-1mg_mL 2,113,0.0529,65500.0
L_3S-1mg_mL 2,114,0.055,73700.0
L_3S-1mg_mL 2,115,0.0583,81900.0
L_3S-1mg_mL 2,116,0.0507,90100.0
L_3S-1mg_mL 2,117,0.0453,98300.0
L_3S-1mg_mL 2,118,0.0525,106000.0
L_3S-1mg_mL 2,119,0.0525,115000.0
L_3S-1mg_mL 2,120,0.0463,123000.0
L_3S-1mg_mL 2,121,0.0424,131000.0
L_3S-1mg_mL 2,122,0.0386,147000.0
L_3S-1mg_mL 2,123,0.0414,164000.0
L_3S-1mg_mL 2,124,0.0394,180000.0
L_3S-1mg_mL 2,125,0.0316,197000.0
L_3S-1mg_mL 2,126,0.0295,213000.0
L_3S-1mg_mL 2,127,0.0318,229000.0
L_3S-1mg_mL 2,128,0.0283,246000.0
L_3S-1mg_mL 2,129,0.0239,262000.0
L_3S-1mg_mL 2,130,0.0245,295000.0
L_3S-1mg_mL 2,131,0.0187,328000.0
L_3S-1mg_mL 2,132,0.0254,360000.0
L_3S-1mg_mL 2,133,0.0143,393000.0
L_3S-1mg_mL 2,134,0.0114,426000.0
L_3S-1mg_mL 2,135,0.0117,459000.0
L_3S-1mg_mL 2,136,0.00623,492000.0
L_3S-1mg_mL 2,137,0.00897,524000.0
L_3S-1mg_mL 2,138,0.00734,590000.0
L_3S-1mg_mL 2,139,0.00848,655000.0
L_3S-1mg_mL 2,140,0.00514,721000.0
L_3S-1mg_mL 2,141,0.000446,786000.0
L_3S-1mg_mL 2,142,0.00371,852000.0
L_3S-1mg_mL 2,143,0.00381,918000.0
L_3S-1mg_mL 2,144,0.00487,983000.0
L_3S-1mg_mL 2,145,0.00149,1050000.0
L_3S-1mg_mL 2,146,0.0019,1180000.0
L_3S-1mg_mL 2,147,0.00305,1310000.0
L_3S-1mg_mL 2,148,0.00733,1440000.0
L_3S-1mg_mL 2,149,0.00143,1570000.0
L_3S-1mg_mL 2,150,0.00258,1700000.0
L_3S-1mg_mL 2,151,0.00357,1840000.0
L_3S-1mg_mL 2,152,0.00616,1970000.0
L_3S-1mg_mL 2,153,0.00738,2100000.0
L_3S-1mg_mL 2,154,0.00471,2360000.0
L_3S-1mg_mL 2,155,0.00407,2620000.0
L_3S-1mg_mL 2,156,0.00579,2880000.0
L_3S-1mg_mL 2,157,0.0042,3150000.0
L_3S-1mg_mL 2,158,0.0038,3410000.0
L_3S-1mg_mL 2,159,0.000628,3670000.0
L_3S-1mg_mL 2,160,0.000358,3930000.0
L_3S-1mg_mL 2,161,0.0,4190000.0
L_3S-1mg_mL 2,162,0.0,4720000.0
L_3S-1mg_mL 2,163,0.0,5240000.0
L_3S-1mg_mL 2,164,0.0,5770000.0
L_3S-1mg_mL 2,165,0.0,6290000.0
L_3S-1mg_mL 2,166,0.0,6820000.0
L_3S-1mg_mL 2,167,0.0,7340000.0
L_3S-1mg_mL 2,168,0.0,7860000.0
L_3S-1mg_mL 2,169,0.0,8390000.0
L_3S-1mg_mL 2,170,0.0,9440000.0
L_3S-1mg_mL 2,171,0.0,10500000.0
L_3S-1mg_mL 2,172,0.0,11500000.0
L_3S-1mg_mL 2,173,0.0,12600000.0
L_3S-1mg_mL 2,174,0.0,13600000.0
L_3S-1mg_mL 2,175,0.0,14700000.0
L_3S-1mg_mL 2,176,0.0,15700000.0
L_3S-1mg_mL 2,177,0.0,16800000.0
L_3S-1mg_mL 2,178,0.0,18900000.0
L_3S-1mg_mL 2,179,0.0,21000000.0
L_3S-1mg_mL 2,180,0.0,23100000.0
L_3S-1mg_mL 2,181,0.0,25200000.0
L_3S-1mg_mL 2,182,0.0,27300000.0
L_3S-1mg_mL 2,183,0.0,29400000.0
L_3S-1mg_mL 2,184,0.0,31500000.0
L_3S-1mg_mL 2,185,0.0,33600000.0
L_3S-1mg_mL 2,186,0.0,37700000.0
L_3S-1mg_mL 2,187,0.0,41900000.0
L_3S-1mg_mL 2,188,0.0,46100000.0
L_3S-1mg_mL 2,189,0.0,50300000.0
L_3S-1mg_mL 2,190,0.0,54500000.0
L_3S-1mg_mL 2,191,0.0,58700000.0
L_3S-1mg_mL 2,192,0.0,62900000.0
L_3S-1mg_mL 3,1,0.828,0.5
L_3S-1mg_mL 3,2,0.838,1.0
L_3S-1mg_mL 3,3,0.836,1.5
L_3S-1mg_mL 3,4,0.832,2.0
L_3S-1mg_mL 3,5,0.833,2.5
L_3S-1mg_mL 3,6,0.832,3.0
L_3S-1mg_mL 3,7,0.833,3.5
L_3S-1mg_mL 3,8,0.831,4.0
L_3S-1mg_mL 3,9,0.828,4.5
L_3S-1mg_mL 3,10,0.827,5.5
L_3S-1mg_mL 3,11,0.823,6.5
L_3S-1mg_mL 3,12,0.823,7.5
L_3S-1mg_mL 3,13,0.823,8.5
L_3S-1mg_mL 3,14,0.821,9.5
L_3S-1mg_mL 3,15,0.82,10.5
L_3S-1mg_mL 3,16,0.818,11.5
L_3S-1mg_mL 3,17,0.817,12.5
L_3S-1mg_mL 3,18,0.814,14.5
L_3S-1mg_mL 3,19,0.813,16.5
L_3S-1mg_mL 3,20,0.81,18.5
L_3S-1mg_mL 3,21,0.809,20.5
L_3S-1mg_mL 3,22,0.807,22.5
L_3S-1mg_mL 3,23,0.805,24.5
L_3S-1mg_mL 3,24,0.803,26.5
L_3S-1mg_mL 3,25,0.801,28.5
L_3S-1mg_mL 3,26,0.798,32.5
L_3S-1mg_mL 3,27,0.794,36.5
L_3S-1mg_mL 3,28,0.791,40.5
L_3S-1mg_mL 3,29,0.789,44.5
L_3S-1mg_mL 3,30,0.785,48.5
L_3S-1mg_mL 3,31,0.783,52.5
L_3S-1mg_mL 3,32,0.779,56.5
L_3S-1mg_mL 3,33,0.778,60.5
L_3S-1mg_mL 3,34,0.773,68.5
L_3S-1mg_mL 3,35,0.767,76.5
L_3S-1mg_mL 3,36,0.762,84.5
L_3S-1mg_mL 3,37,0.757,92.5
L_3S-1mg_mL 3,38,0.754,101.0
L_3S-1mg_mL 3,39,0.749,109.0
L_3S-1mg_mL 3,40,0.745,117.0
L_3S-1mg_mL 3,41,0.741,125.0
L_3S-1mg_mL 3,42,0.734,141.0
L_3S-1mg_mL 3,43,0.726,157.0
L_3S-1mg_mL 3,44,0.72,173.0
L_3S-1mg_mL 3,45,0.714,189.0
L_3S-1mg_mL 3,46,0.707,205.0
L_3S-1mg_mL 3,47,0.701,221.0
L_3S-1mg_mL 3,48,0.696,237.0
L_3S-1mg_mL 3,49,0.69,253.0
L_3S-1mg_mL 3,50,0.679,285.0
L_3S-1mg_mL 3,51,0.669,317.0
L_3S-1mg_mL 3,52,0.659,349.0
L_3S-1mg_mL 3,53,0.65,381.0
L_3S-1mg_mL 3,54,0.642,413.0
L_3S-1mg_mL 3,55,0.633,445.0
L_3S-1mg_mL 3,56,0.625,477.0
L_3S-1mg_mL 3,57,0.617,509.0
L_3S-1mg_mL 3,58,0.602,573.0
L_3S-1mg_mL 3,59,0.588,637.0
L_3S-1mg_mL 3,60,0.575,701.0
L_3S-1mg_mL 3,61,0.562,765.0
L_3S-1mg_mL 3,62,0.55,829.0
L_3S-1mg_mL 3,63,0.539,893.0
L_3S-1mg_mL 3,64,0.528,957.0
L_3S-1mg_mL 3,65,0.517,1020.0
L_3S-1mg_mL 3,66,0.497,1150.0
L_3S-1mg_mL 3,67,0.478,1280.0
L_3S-1mg_mL 3,68,0.461,1400.0
L_3S-1mg_mL 3,69,0.444,1530.0
L_3S-1mg_mL 3,70,0.428,1660.0
L_3S-1mg_mL 3,71,0.413,1790.0
L_3S-1mg_mL 3,72,0.399,1920.0
L_3S-1mg_mL 3,73,0.385,2040.0
L_3S-1mg_mL 3,74,0.36,2300.0
L_3S-1mg_mL 3,75,0.336,2560.0
L_3S-1mg_mL 3,76,0.314,2810.0
L_3S-1mg_mL 3,77,0.294,3070.0
L_3S-1mg_mL 3,78,0.276,3320.0
L_3S-1mg_mL 3,79,0.259,3580.0
L_3S-1mg_mL 3,80,0.245,3840.0
L_3S-1mg_mL 3,81,0.231,4090.0
L_3S-1mg_mL 3,82,0.209,4600.0
L_3S-1mg_mL 3,83,0.19,5120.0
L_3S-1mg_mL 3,84,0.173,5630.0
L_3S-1mg_mL 3,85,0.159,6140.0
L_3S-1mg_mL 3,86,0.145,6650.0
L_3S-1mg_mL 3,87,0.133,7160.0
L_3S-1mg_mL 3,88,0.122,7680.0
L_3S-1mg_mL 3,89,0.113,8190.0
L_3S-1mg_mL 3,90,0.0979,9210.0
L_3S-1mg_mL 3,91,0.0854,10200.0
L_3S-1mg_mL 3,92,0.0756,11300.0
L_3S-1mg_mL 3,93,0.0665,12300.0
L_3S-1mg_mL 3,94,0.0571,13300.0
L_3S-1mg_mL 3,95,0.0498,14300.0
L_3S-1mg_mL 3,96,0.0444,15400.0
L_3S-1mg_mL 3,97,0.0385,16400.0
L_3S-1mg_mL 3,98,0.0307,18400.0
L_3S-1mg_mL 3,99,0.028,20500.0
L_3S-1mg_mL 3,100,0.0252,22500.0
L_3S-1mg_mL 3,101,0.0224,24600.0
L_3S-1mg_mL 3,102,0.0215,26600.0
L_3S-1mg_mL 3,103,0.022,28700.0
L_3S-1mg_mL 3,104,0.0209,30700.0
L_3S-1mg_mL 3,105,0.0198,32800.0
L_3S-1mg_mL 3,106,0.0216,36900.0
L_3S-1mg_mL 3,107,0.0189,41000.0
L_3S-1mg_mL 3,108,0.016,45100.0
L_3S-1mg_mL 3,109,0.0113,49100.0
L_3S-1mg_mL 3,110,0.0125,53200.0
L_3S-1mg_mL 3,111,0.0089,57300.0
L_3S-1mg_mL 3,112,0.00885,61400.0
L_3S-1mg_mL 3,113,0.00998,65500.0
L_3S-1mg_mL 3,114,0.0113,73700.0
L_3S-1mg_mL 3,115,0.013,81900.0
L_3S-1mg_mL 3,116,0.00831,90100.0
L_3S-1mg_mL 3,117,0.0071,98300.0
L_3S-1mg_mL 3,118,0.00678,106000.0
L_3S-1mg_mL 3,119,0.00934,115000.0
L_3S-1mg_mL 3,120,0.00877,123000.0
L_3S-1mg_mL 3,121,0.0111,131000.0
L_3S-1mg_mL 3,122,0.0116,147000.0
L_3S-1mg_mL 3,123,0.0135,164000.0
L_3S-1mg_mL 3,124,0.0102,180000.0
L_3S-1mg_mL 3,125,0.00984,197000.0
L_3S-1mg_mL 3,126,0.0128,213000.0
L_3S-1mg_mL 3,127,0.0141,229000.0
L_3S-1mg_mL 3,128,0.0135,246000.0
L_3S-1mg_mL 3,129,0.0118,262000.0
L_3S-1mg_mL 3,130,0.00639,295000.0
L_3S-1mg_mL 3,131,0.0101,328000.0
L_3S-1mg_mL 3,132,0.00745,360000.0
L_3S-1mg_mL 3,133,0.0119,393000.0
L_3S-1mg_mL 3,134,0.0103,426000.0
L_3S-1mg_mL 3,135,0.00715,459000.0
L_3S-1mg_mL 3,136,0.00512,492000.0
L_3S-1mg_mL 3,137,0.00678,524000.0
L_3S-1mg_mL 3,138,0.0082,590000.0
L_3S-1mg_mL 3,139,0.00497,655000.0
L_3S-1mg_mL 3,140,0.00155,721000.0
L_3S-1mg_mL 3,141,0.0061,786000.0
L_3S-1mg_mL 3,142,0.00617,852000.0
L_3S-1mg_mL 3,143,0.00406,918000.0
L_3S-1mg_mL 3,144,0.00243,983000.0
L_3S-1mg_mL 3,145,0.00133,1050000.0
L_3S-1mg_mL 3,146,0.00266,1180000.0
L_3S-1mg_mL 3,147,0.00191,1310000.0
L_3S-1mg_mL 3,148,0.000696,1440000.0
L_3S-1mg_mL 3,149,0.00243,1570000.0
L_3S-1mg_mL 3,150,0.00145,1700000.0
L_3S-1mg_mL 3,151,0.0,1840000.0
L_3S-1mg_mL 3,152,0.00215,1970000.0
L_3S-1mg_mL 3,153,0.00286,2100000.0
L_3S-1mg_mL 3,154,0.000616,2360000.0
L_3S-1mg_mL 3,155,0.000203,2620000.0
L_3S-1mg_mL 3,156,0.0034,2880000.0
L_3S-1mg_mL 3,157,0.00293,3150000.0
L_3S-1mg_mL 3,158,0.0023,3410000.0
L_3S-1mg_mL 3,159,0.00323,3670000.0
L_3S-1mg_mL 3,160,0.00121,3930000.0
L_3S-1mg_mL 3,161,0.0,4190000.0
L_3S-1mg_mL 3,162,0.0,4720000.0
L_3S-1mg_mL 3,163,0.0,5240000.0
L_3S-1mg_mL 3,164,0.0,5770000.0
L_3S-1mg_mL 3,165,0.0,6290000.0
L_3S-1mg_mL 3,166,0.0,6820000.0
L_3S-1mg_mL 3,167,0.0,7340000.0
L_3S-1mg_mL 3,168,0.0,7860000.0
L_3S-1mg_mL 3,169,0.0,8390000.0
L_3S-1mg_mL 3,170,0.0,9440000.0
L_3S-1mg_mL 3,171,0.0,10500000.0
L_3S-1mg_mL 3,172,0.0,11500000.0
L_3S-1mg_mL 3,173,0.0,12600000.0
L_3S-1mg_mL 3,174,0.0,13600000.0
L_3S-1mg_mL 3,175,0.0,14700000.0
L_3S-1mg_mL 3,176,0.0,15700000.0
L_3S-1mg_mL 3,177,0.0,16800000.0
L_3S-1mg_mL 3,178,0.0,18900000.0
L_3S-1mg_mL 3,179,0.0,21000000.0
L_3S-1mg_mL 3,180,0.0,23100000.0
L_3S-1mg_mL 3,181,0.0,25200000.0
L_3S-1mg_mL 3,182,0.0,27300000.0
L_3S-1mg_mL 3,183,0.0,29400000.0
L_3S-1mg_mL 3,184,0.0,31500000.0
L_3S-1mg_mL 3,185,0.0,33600000.0
L_3S-1mg_mL 3,186,0.0,37700000.0
L_3S-1mg_mL 3,187,0.0,41900000.0
L_3S-1mg_mL 3,188,0.0,46100000.0
L_3S-1mg_mL 3,189,0.0,50300000.0
L_3S-1mg_mL 3,190,0.0,54500000.0
L_3S-1mg_mL 3,191,0.0,58700000.0
L_3S-1mg_mL 3,192,0.0,62900000.0
L_3S-1mg_mL-mean,1,0.885,0.5
L_3S-1mg_mL-mean,2,0.895,1.0
L_3S-1mg_mL-mean,3,0.893,1.5
L_3S-1mg_mL-mean,4,0.892,2.0
L_3S-1mg_mL-mean,5,0.888,2.5
L_3S-1mg_mL-mean,6,0.888,3.0
L_3S-1mg_mL-mean,7,0.889,3.5
L_3S-1mg_mL-mean,8,0.887,4.0
L_3S-1mg_mL-mean,9,0.887,4.5
L_3S-1mg_mL-mean,10,0.884,5.5
L_3S-1mg_mL-mean,11,0.882,6.5
L_3S-1mg_mL-mean,12,0.88,7.5
L_3S-1mg_mL-mean,13,0.881,8.5
L_3S-1mg_mL-mean,14,0.88,9.5
L_3S-1mg_mL-mean,15,0.878,10.5
L_3S-1mg_mL-mean,16,0.875,11.5
L_3S-1mg_mL-mean,17,0.876,12.5
L_3S-1mg_mL-mean,18,0.874,14.5
L_3S-1mg_mL-mean,19,0.872,16.5
L_3S-1mg_mL-mean,20,0.869,18.5
L_3S-1mg_mL-mean,21,0.869,20.5
L_3S-1mg_mL-mean,22,0.867,22.5
L_3S-1mg_mL-mean,23,0.864,24.5
L_3S-1mg_mL-mean,24,0.864,26.5
L_3S-1mg_mL-mean,25,0.862,28.5
L_3S-1mg_mL-mean,26,0.859,32.5
L_3S-1mg_mL-mean,27,0.855,36.5
L_3S-1mg_mL-mean,28,0.853,40.5
L_3S-1mg_mL-mean,29,0.85,44.5
L_3S-1mg_mL-mean,30,0.849,48.5
L_3S-1mg_mL-mean,31,0.845,52.5
L_3S-1mg_mL-mean,32,0.842,56.5
L_3S-1mg_mL-mean,33,0.84,60.5
L_3S-1mg_mL-mean,34,0.835,68.5
L_3S-1mg_mL-mean,35,0.83,76.5
L_3S-1mg_mL-mean,36,0.826,84.5
L_3S-1mg_mL-mean,37,0.823,92.5
L_3S-1mg_mL-mean,38,0.818,101.0
L_3S-1mg_mL-mean,39,0.814,109.0
L_3S-1mg_mL-mean,40,0.811,117.0
L_3S-1mg_mL-mean,41,0.807,125.0
L_3S-1mg_mL-mean,42,0.801,141.0
L_3S-1mg_mL-mean,43,0.794,157.0
L_3S-1mg_mL-mean,44,0.788,173.0
L_3S-1mg_mL-mean,45,0.782,189.0
L_3S-1mg_mL-mean,46,0.776,205.0
L_3S-1mg_mL-mean,47,0.77,221.0
L_3S-1mg_mL-mean,48,0.765,237.0
L_3S-1mg_mL-mean,49,0.759,253.0
L_3S-1mg_mL-mean,50,0.749,285.0
L_3S-1mg_mL-mean,51,0.739,317.0
L_3S-1mg_mL-mean,52,0.731,349.0
L_3S-1mg_mL-mean,53,0.722,381.0
L_3S-1mg_mL-mean,54,0.713,413.0
L_3S-1mg_mL-mean,55,0.705,445.0
L_3S-1mg_mL-mean,56,0.697,477.0
L_3S-1mg_mL-mean,57,0.69,509.0
L_3S-1mg_mL-mean,58,0.676,573.0
L_3S-1mg_mL-mean,59,0.662,637.0
L_3S-1mg_mL-mean,60,0.649,701.0
L_3S-1mg_mL-mean,61,0.636,765.0
L_3S-1mg_mL-mean,62,0.624,829.0
L_3S-1mg_mL-mean,63,0.613,893.0
L_3S-1mg_mL-mean,64,0.601,957.0
L_3S-1mg_mL-mean,65,0.591,1020.0
L_3S-1mg_mL-mean,66,0.57,1150.0
L_3S-1mg_mL-mean,67,0.55,1280.0
L_3S-1mg_mL-mean,68,0.531,1400.0
L_3S-1mg_mL-mean,69,0.513,1530.0
L_3S-1mg_mL-mean,70,0.495,1660.0
L_3S-1mg_mL-mean,71,0.478,1790.0
L_3S-1mg_mL-mean,72,0.461,1920.0
L_3S-1mg_mL-mean,73,0.445,2040.0
L_3S-1mg_mL-mean,74,0.415,2300.0
L_3S-1mg_mL-mean,75,0.387,2560.0
L_3S-1mg_mL-mean,76,0.362,2810.0
L_3S-1mg_mL-mean,77,0.337,3070.0
L_3S-1mg_mL-mean,78,0.315,3320.0
L_3S-1mg_mL-mean,79,0.296,3580.0
L_3S-1mg_mL-mean,80,0.278,3840.0
L_3S-1mg_mL-mean,81,0.262,4090.0
L_3S-1mg_mL-mean,82,0.231,4600.0
L_3S-1mg_mL-mean,83,0.206,5120.0
L_3S-1mg_mL-mean,84,0.185,5630.0
L_3S-1mg_mL-mean,85,0.168,6140.0
L_3S-1mg_mL-mean,86,0.154,6650.0
L_3S-1mg_mL-mean,87,0.142,7160.0
L_3S-1mg_mL-mean,88,0.132,7680.0
L_3S-1mg_mL-mean,89,0.123,8190.0
L_3S-1mg_mL-mean,90,0.108,9210.0
L_3S-1mg_mL-mean,91,0.0972,10200.0
L_3S-1mg_mL-mean,92,0.0901,11300.0
L_3S-1mg_mL-mean,93,0.0855,12300.0
L_3S-1mg_mL-mean,94,0.0816,13300.0
L_3S-1mg_mL-mean,95,0.0775,14300.0
L_3S-1mg_mL-mean,96,0.0753,15400.0
L_3S-1mg_mL-mean,97,0.0737,16400.0
L_3S-1mg_mL-mean,98,0.0708,18400.0
L_3S-1mg_mL-mean,99,0.0646,20500.0
L_3S-1mg_mL-mean,100,0.0614,22500.0
L_3S-1mg_mL-mean,101,0.0586,24600.0
L_3S-1mg_mL-mean,102,0.0522,26600.0
L_3S-1mg_mL-mean,103,0.0462,28700.0
L_3S-1mg_mL-mean,104,0.0434,30700.0
L_3S-1mg_mL-mean,105,0.0454,32800.0
L_3S-1mg_mL-mean,106,0.0489,36900.0
L_3S-1mg_mL-mean,107,0.0543,41000.0
L_3S-1mg_mL-mean,108,0.0601,45100.0
L_3S-1mg_mL-mean,109,0.0614,49100.0
L_3S-1mg_mL-mean,110,0.0587,53200.0
L_3S-1mg_mL-mean,111,0.0526,57300.0
L_3S-1mg_mL-mean,112,0.0458,61400.0
L_3S-1mg_mL-mean,113,0.0435,65500.0
L_3S-1mg_mL-mean,114,0.0408,73700.0
L_3S-1mg_mL-mean,115,0.0307,81900.0
L_3S-1mg_mL-mean,116,0.0267,90100.0
L_3S-1mg_mL-mean,117,0.0235,98300.0
L_3S-1mg_mL-mean,118,0.0181,106000.0
L_3S-1mg_mL-mean,119,0.0157,115000.0
L_3S-1mg_mL-mean,120,0.0126,123000.0
L_3S-1mg_mL-mean,121,0.00862,131000.0
L_3S-1mg_mL-mean,122,0.0082,147000.0
L_3S-1mg_mL-mean,123,0.00577,164000.0
L_3S-1mg_mL-mean,124,0.000157,180000.0
L_3S-1mg_mL-mean,125,0.00145,197000.0
L_3S-1mg_mL-mean,126,0.0024,213000.0
L_3S-1mg_mL-mean,127,0.000695,229000.0
L_3S-1mg_mL-mean,128,0.00473,246000.0
L_3S-1mg_mL-mean,129,0.00149,262000.0
L_3S-1mg_mL-mean,130,0.00295,295000.0
L_3S-1mg_mL-mean,131,0.00494,328000.0
L_3S-1mg_mL-mean,132,0.00738,360000.0
L_3S-1mg_mL-mean,133,0.00458,393000.0
L_3S-1mg_mL-mean,134,0.00268,426000.0
L_3S-1mg_mL-mean,135,0.00559,459000.0
L_3S-1mg_mL-mean,136,0.0041,492000.0
L_3S-1mg_mL-mean,137,0.00424,524000.0
L_3S-1mg_mL-mean,138,0.00271,590000.0
L_3S-1mg_mL-mean,139,0.00246,655000.0
L_3S-1mg_mL-mean,140,0.00157,721000.0
L_3S-1mg_mL-mean,141,0.000392,786000.0
L_3S-1mg_mL-mean,142,0.00151,852000.0
L_3S-1mg_mL-mean,143,0.00112,918000.0
L_3S-1mg_mL-mean,144,0.00492,983000.0
L_3S-1mg_mL-mean,145,0.0075,1050000.0
L_3S-1mg_mL-mean,146,0.00738,1180000.0
L_3S-1mg_mL-mean,147,0.00743,1310000.0
L_3S-1mg_mL-mean,148,0.00635,1440000.0
L_3S-1mg_mL-mean,149,0.00458,1570000.0
L_3S-1mg_mL-mean,150,0.00348,1700000.0
L_3S-1mg_mL-mean,151,0.00338,1840000.0
L_3S-1mg_mL-mean,152,0.00141,1970000.0
L_3S-1mg_mL-mean,153,0.00347,2100000.0
L_3S-1mg_mL-mean,154,0.00171,2360000.0
L_3S-1mg_mL-mean,155,0.00536,2620000.0
L_3S-1mg_mL-mean,156,0.00291,2880000.0
L_3S-1mg_mL-mean,157,0.00275,3150000.0
L_3S-1mg_mL-mean,158,0.00463,3410000.0
L_3S-1mg_mL-mean,159,0.00537,3670000.0
L_3S-1mg_mL-mean,160,0.00179,3930000.0
L_3S-1mg_mL-mean,161,0.0,4190000.0
L_3S-1mg_mL-mean,162,0.0,4720000.0
L_3S-1mg_mL-mean,163,0.0,5240000.0
L_3S-1mg_mL-mean,164,0.0,5770000.0
L_3S-1mg_mL-mean,165,0.0,6290000.0
L_3S-1mg_mL-mean,166,0.0,6820000.0
L_3S-1mg_mL-mean,167,0.0,7340000.0
L_3S-1mg_mL-mean,168,0.0,7860000.0
L_3S-1mg_mL-mean,169,0.0,8390000.0
L_3S-1mg_mL-mean,170,0.0,9440000.0
L_3S-1mg_mL-mean,171,0.0,10500000.0
L_3S-1mg_mL-mean,172,0.0,11500000.0
L_3S-1mg_mL-mean,173,0.0,12600000.0
L_3S-1mg_mL-mean,174,0.0,13600000.0
L_3S-1mg_mL-mean,175,0.0,14700000.0
L_3S-1mg_mL-mean,176,0.0,15700000.0
L_3S-1mg_mL-mean,177,0.0,16800000.0
L_3S-1mg_mL-mean,178,0.0,18900000.0
L_3S-1mg_mL-mean,179,0.0,21000000.0
L_3S-1mg_mL-mean,180,0.0,23100000.0
L_3S-1mg_mL-mean,181,0.0,25200000.0
L_3S-1mg_mL-mean,182,0.0,27300000.0
L_3S-1mg_mL-mean,183,0.0,29400000.0
L_3S-1mg_mL-mean,184,0.0,31500000.0
L_3S-1mg_mL-mean,185,0.0,33600000.0
L_3S-1mg_mL-mean,186,0.0,37700000.0
L_3S-1mg_mL-mean,187,0.0,41900000.0
L_3S-1mg_mL-mean,188,0.0,46100000.0
L_3S-1mg_mL-mean,189,0.0,50300000.0
L_3S-1mg_mL-mean,190,0.0,54500000.0
L_3S-1mg_mL-mean,191,0.0,58700000.0
L_3S-1mg_mL-mean,192,0.0,62900000.0
aMEM_10pct-i_2s 1,1,0.828,0.5
aMEM_10pct-i_2s 1,2,0.823,1.0
aMEM_10pct-i_2s 1,3,0.802,1.5
aMEM_10pct-i_2s 1,4,0.792,2.0
aMEM_10pct-i_2s 1,5,0.777,2.5
aMEM_10pct-i_2s 1,6,0.762,3.0
aMEM_10pct-i_2s 1,7,0.753,3.5
aMEM_10pct-i_2s 1,8,0.736,4.0
aMEM_10pct-i_2s 1,9,0.723,4.5
aMEM_10pct-i_2s 1,10,0.701,5.5
aMEM_10pct-i_2s 1,11,0.677,6.5
aMEM_10pct-i_2s 1,12,0.656,7.5
aMEM_10pct-i_2s 1,13,0.633,8.5
aMEM_10pct-i_2s 1,14,0.617,9.5
aMEM_10pct-i_2s 1,15,0.595,10.5
aMEM_10pct-i_2s 1,16,0.581,11.5
aMEM_10pct-i_2s 1,17,0.564,12.5
aMEM_10pct-i_2s 1,18,0.532,14.5
aMEM_10pct-i_2s 1,19,0.502,16.5
aMEM_10pct-i_2s 1,20,0.478,18.5
aMEM_10pct-i_2s 1,21,0.455,20.5
aMEM_10pct-i_2s 1,22,0.432,22.5
aMEM_10pct-i_2s 1,23,0.411,24.5
aMEM_10pct-i_2s 1,24,0.391,26.5
aMEM_10pct-i_2s 1,25,0.375,28.5
aMEM_10pct-i_2s 1,26,0.342,32.5
aMEM_10pct-i_2s 1,27,0.316,36.5
aMEM_10pct-i_2s 1,28,0.292,40.5
aMEM_10pct-i_2s 1,29,0.271,44.5
aMEM_10pct-i_2s 1,30,0.252,48.5
aMEM_10pct-i_2s 1,31,0.235,52.5
aMEM_10pct-i_2s 1,32,0.22,56.5
aMEM_10pct-i_2s 1,33,0.207,60.5
aMEM_10pct-i_2s 1,34,0.183,68.5
aMEM_10pct-i_2s 1,35,0.163,76.5
aMEM_10pct-i_2s 1,36,0.145,84.5
aMEM_10pct-i_2s 1,37,0.131,92.5
aMEM_10pct-i_2s 1,38,0.117,101.0
aMEM_10pct-i_2s 1,39,0.107,109.0
aMEM_10pct-i_2s 1,40,0.0972,117.0
aMEM_10pct-i_2s 1,41,0.0893,125.0
aMEM_10pct-i_2s 1,42,0.0746,141.0
aMEM_10pct-i_2s 1,43,0.063,157.0
aMEM_10pct-i_2s 1,44,0.0539,173.0
aMEM_10pct-i_2s 1,45,0.0464,189.0
aMEM_10pct-i_2s 1,46,0.0402,205.0
aMEM_10pct-i_2s 1,47,0.035,221.0
aMEM_10pct-i_2s 1,48,0.0305,237.0
aMEM_10pct-i_2s 1,49,0.0277,253.0
aMEM_10pct-i_2s 1,50,0.0218,285.0
aMEM_10pct-i_2s 1,51,0.0174,317.0
aMEM_10pct-i_2s 1,52,0.0146,349.0
aMEM_10pct-i_2s 1,53,0.0123,381.0
aMEM_10pct-i_2s 1,54,0.0112,413.0
aMEM_10pct-i_2s 1,55,0.0103,445.0
aMEM_10pct-i_2s 1,56,0.00849,477.0
aMEM_10pct-i_2s 1,57,0.00745,509.0
aMEM_10pct-i_2s 1,58,0.00617,573.0
aMEM_10pct-i_2s 1,59,0.00413,637.0
aMEM_10pct-i_2s 1,60,0.00266,701.0
aMEM_10pct-i_2s 1,61,0.00215,765.0
aMEM_10pct-i_2s 1,62,0.00161,829.0
aMEM_10pct-i_2s 1,63,0.00159,893.0
aMEM_10pct-i_2s 1,64,0.00155,957.0
aMEM_10pct-i_2s 1,65,0.00144,1020.0
aMEM_10pct-i_2s 1,66,0.00102,1150.0
aMEM_10pct-i_2s 1,67,0.00119,1280.0
aMEM_10pct-i_2s 1,68,0.000554,1400.0
aMEM_10pct-i_2s 1,69,0.00112,1530.0
aMEM_10pct-i_2s 1,70,0.00101,1660.0
aMEM_10pct-i_2s 1,71,0.000985,1790.0
aMEM_10pct-i_2s 1,72,0.00153,1920.0
aMEM_10pct-i_2s 1,73,0.00103,2040.0
aMEM_10pct-i_2s 1,74,0.000702,2300.0
aMEM_10pct-i_2s 1,75,0.000889,2560.0
aMEM_10pct-i_2s 1,76,0.00121,2810.0
aMEM_10pct-i_2s 1,77,0.00176,3070.0
aMEM_10pct-i_2s 1,78,0.00144,3320.0
aMEM_10pct-i_2s 1,79,0.00119,3580.0
aMEM_10pct-i_2s 1,80,0.000988,3840.0
aMEM_10pct-i_2s 1,81,0.000866,4090.0
aMEM_10pct-i_2s 1,82,0.00101,4600.0
aMEM_10pct-i_2s 1,83,0.00131,5120.0
aMEM_10pct-i_2s 1,84,0.000912,5630.0
aMEM_10pct-i_2s 1,85,0.00137,6140.0
aMEM_10pct-i_2s 1,86,0.000719,6650.0
aMEM_10pct-i_2s 1,87,0.000877,7160.0
aMEM_10pct-i_2s 1,88,0.000754,7680.0
aMEM_10pct-i_2s 1,89,0.00069,8190.0
aMEM_10pct-i_2s 1,90,0.000796,9210.0
aMEM_10pct-i_2s 1,91,0.000689,10200.0
aMEM_10pct-i_2s 1,92,0.000727,11300.0
aMEM_10pct-i_2s 1,93,0.000294,12300.0
aMEM_10pct-i_2s 1,94,0.000812,13300.0
aMEM_10pct-i_2s 1,95,0.000583,14300.0
aMEM_10pct-i_2s 1,96,0.000375,15400.0
aMEM_10pct-i_2s 1,97,0.000392,16400.0
aMEM_10pct-i_2s 1,98,0.000856,18400.0
aMEM_10pct-i_2s 1,99,0.000954,20500.0
aMEM_10pct-i_2s 1,100,0.000654,22500.0
aMEM_10pct-i_2s 1,101,0.000393,24600.0
aMEM_10pct-i_2s 1,102,0.000588,26600.0
aMEM_10pct-i_2s 1,103,0.000778,28700.0
aMEM_10pct-i_2s 1,104,0.000458,30700.0
aMEM_10pct-i_2s 1,105,0.000447,32800.0
aMEM_10pct-i_2s 1,106,0.00029,36900.0
aMEM_10pct-i_2s 1,107,0.000295,41000.0
aMEM_10pct-i_2s 1,108,0.000222,45100.0
aMEM_10pct-i_2s 1,109,0.000242,49100.0
aMEM_10pct-i_2s 1,110,0.000242,53200.0
aMEM_10pct-i_2s 1,111,0.0005,57300.0
aMEM_10pct-i_2s 1,112,0.000353,61400.0
aMEM_10pct-i_2s 1,113,0.000144,65500.0
aMEM_10pct-i_2s 1,114,0.000194,73700.0
aMEM_10pct-i_2s 1,115,8.67e-05,81900.0
aMEM_10pct-i_2s 1,116,0.000127,90100.0
aMEM_10pct-i_2s 1,117,0.000224,98300.0
aMEM_10pct-i_2s 1,118,0.000133,106000.0
aMEM_10pct-i_2s 1,119,4.31e-05,115000.0
aMEM_10pct-i_2s 1,120,0.000214,123000.0
aMEM_10pct-i_2s 1,121,0.000335,131000.0
aMEM_10pct-i_2s 1,122,0.000212,147000.0
aMEM_10pct-i_2s 1,123,0.000202,164000.0
aMEM_10pct-i_2s 1,124,0.000143,180000.0
aMEM_10pct-i_2s 1,125,0.000252,197000.0
aMEM_10pct-i_2s 1,126,0.000166,213000.0
aMEM_10pct-i_2s 1,127,0.000143,229000.0
aMEM_10pct-i_2s 1,128,0.000183,246000.0
aMEM_10pct-i_2s 1,129,0.000144,262000.0
aMEM_10pct-i_2s 1,130,0.000212,295000.0
aMEM_10pct-i_2s 1,131,0.000159,328000.0
aMEM_10pct-i_2s 1,132,0.000164,360000.0
aMEM_10pct-i_2s 1,133,0.000278,393000.0
aMEM_10pct-i_2s 1,134,0.000118,426000.0
aMEM_10pct-i_2s 1,135,0.000209,459000.0
aMEM_10pct-i_2s 1,136,0.000146,492000.0
aMEM_10pct-i_2s 1,137,4.07e-05,524000.0
aMEM_10pct-i_2s 1,138,0.000154,590000.0
aMEM_10pct-i_2s 1,139,0.000191,655000.0
aMEM_10pct-i_2s 1,140,0.000118,721000.0
aMEM_10pct-i_2s 1,141,0.0002,786000.0
aMEM_10pct-i_2s 1,142,9.41e-05,852000.0
aMEM_10pct-i_2s 1,143,0.00028,918000.0
aMEM_10pct-i_2s 1,144,0.000185,983000.0
aMEM_10pct-i_2s 1,145,4.7e-05,1050000.0
aMEM_10pct-i_2s 1,146,0.000168,1180000.0
aMEM_10pct-i_2s 1,147,0.000232,1310000.0
aMEM_10pct-i_2s 1,148,1.06e-05,1440000.0
aMEM_10pct-i_2s 1,149,4.66e-05,1570000.0
aMEM_10pct-i_2s 1,150,6.64e-06,1700000.0
aMEM_10pct-i_2s 1,151,0.000175,1840000.0
aMEM_10pct-i_2s 1,152,0.000187,1970000.0
aMEM_10pct-i_2s 1,153,9.17e-05,2100000.0
aMEM_10pct-i_2s 1,154,0.000215,2360000.0
aMEM_10pct-i_2s 1,155,0.000305,2620000.0
aMEM_10pct-i_2s 1,156,0.000369,2880000.0
aMEM_10pct-i_2s 1,157,8.88e-05,3150000.0
aMEM_10pct-i_2s 1,158,0.000201,3410000.0
aMEM_10pct-i_2s 1,159,0.000227,3670000.0
aMEM_10pct-i_2s 1,160,0.00041,3930000.0
aMEM_10pct-i_2s 1,161,0.0,4190000.0
aMEM_10pct-i_2s 1,162,0.0,4720000.0
aMEM_10pct-i_2s 1,163,0.0,5240000.0
aMEM_10pct-i_2s 1,164,0.0,5770000.0
aMEM_10pct-i_2s 1,165,0.0,6290000.0
aMEM_10pct-i_2s 1,166,0.0,6820000.0
aMEM_10pct-i_2s 1,167,0.0,7340000.0
aMEM_10pct-i_2s 1,168,0.0,7860000.0
aMEM_10pct-i_2s 1,169,0.0,8390000.0
aMEM_10pct-i_2s 1,170,0.0,9440000.0
aMEM_10pct-i_2s 1,171,0.0,10500000.0
aMEM_10pct-i_2s 1,172,0.0,11500000.0
aMEM_10pct-i_2s 1,173,0.0,12600000.0
aMEM_10pct-i_2s 1,174,0.0,13600000.0
aMEM_10pct-i_2s 1,175,0.0,14700000.0
aMEM_10pct-i_2s 1,176,0.0,15700000.0
aMEM_10pct-i_2s 1,177,0.0,16800000.0
aMEM_10pct-i_2s 1,178,0.0,18900000.0
aMEM_10pct-i_2s 1,179,0.0,21000000.0
aMEM_10pct-i_2s 1,180,0.0,23100000.0
aMEM_10pct-i_2s 1,181,0.0,25200000.0
aMEM_10pct-i_2s 1,182,0.0,27300000.0
aMEM_10pct-i_2s 1,183,0.0,29400000.0
aMEM_10pct-i_2s 1,184,0.0,31500000.0
aMEM_10pct-i_2s 1,185,0.0,33600000.0
aMEM_10pct-i_2s 1,186,0.0,37700000.0
aMEM_10pct-i_2s 1,187,0.0,41900000.0
aMEM_10pct-i_2s 1,188,0.0,46100000.0
aMEM_10pct-i_2s 1,189,0.0,50300000.0
aMEM_10pct-i_2s 1,190,0.0,54500000.0
aMEM_10pct-i_2s 1,191,0.0,58700000.0
aMEM_10pct-i_2s 1,192,0.0,62900000.0
aMEM_10pct-i_2s 2,1,0.826,0.5
aMEM_10pct-i_2s 2,2,0.819,1.0
aMEM_10pct-i_2s 2,3,0.801,1.5
aMEM_10pct-i_2s 2,4,0.788,2.0
aMEM_10pct-i_2s 2,5,0.771,2.5
aMEM_10pct-i_2s 2,6,0.756,3.0
aMEM_10pct-i_2s 2,7,0.743,3.5
aMEM_10pct-i_2s 2,8,0.731,4.0
aMEM_10pct-i_2s 2,9,0.718,4.5
aMEM_10pct-i_2s 2,10,0.695,5.5
aMEM_10pct-i_2s 2,11,0.67,6.5
aMEM_10pct-i_2s 2,12,0.649,7.5
aMEM_10pct-i_2s 2,13,0.627,8.5
aMEM_10pct-i_2s 2,14,0.606,9.5
aMEM_10pct-i_2s 2,15,0.59,10.5
aMEM_10pct-i_2s 2,16,0.571,11.5
aMEM_10pct-i_2s 2,17,0.555,12.5
aMEM_10pct-i_2s 2,18,0.523,14.5
aMEM_10pct-i_2s 2,19,0.495,16.5
aMEM_10pct-i_2s 2,20,0.47,18.5
aMEM_10pct-i_2s 2,21,0.445,20.5
aMEM_10pct-i_2s 2,22,0.423,22.5
aMEM_10pct-i_2s 2,23,0.404,24.5
aMEM_10pct-i_2s 2,24,0.383,26.5
aMEM_10pct-i_2s 2,25,0.366,28.5
aMEM_10pct-i_2s 2,26,0.334,32.5
aMEM_10pct-i_2s 2,27,0.307,36.5
aMEM_10pct-i_2s 2,28,0.284,40.5
aMEM_10pct-i_2s 2,29,0.263,44.5
aMEM_10pct-i_2s 2,30,0.244,48.5
aMEM_10pct-i_2s 2,31,0.227,52.5
aMEM_10pct-i_2s 2,32,0.212,56.5
aMEM_10pct-i_2s 2,33,0.198,60.5
aMEM_10pct-i_2s 2,34,0.175,68.5
aMEM_10pct-i_2s 2,35,0.154,76.5
aMEM_10pct-i_2s 2,36,0.138,84.5
aMEM_10pct-i_2s 2,37,0.124,92.5
aMEM_10pct-i_2s 2,38,0.112,101.0
aMEM_10pct-i_2s 2,39,0.102,109.0
aMEM_10pct-i_2s 2,40,0.0921,117.0
aMEM_10pct-i_2s 2,41,0.0837,125.0
aMEM_10pct-i_2s 2,42,0.0692,141.0
aMEM_10pct-i_2s 2,43,0.0584,157.0
aMEM_10pct-i_2s 2,44,0.0498,173.0
aMEM_10pct-i_2s 2,45,0.0423,189.0
aMEM_10pct-i_2s 2,46,0.0367,205.0
aMEM_10pct-i_2s 2,47,0.0324,221.0
aMEM_10pct-i_2s 2,48,0.0283,237.0
aMEM_10pct-i_2s 2,49,0.0249,253.0
aMEM_10pct-i_2s 2,50,0.0198,285.0
aMEM_10pct-i_2s 2,51,0.0158,317.0
aMEM_10pct-i_2s 2,52,0.0119,349.0
aMEM_10pct-i_2s 2,53,0.0091,381.0
aMEM_10pct-i_2s 2,54,0.00776,413.0
aMEM_10pct-i_2s 2,55,0.00652,445.0
aMEM_10pct-i_2s 2,56,0.00464,477.0
aMEM_10pct-i_2s 2,57,0.00425,509.0
aMEM_10pct-i_2s 2,58,0.00321,573.0
aMEM_10pct-i_2s 2,59,0.00243,637.0
aMEM_10pct-i_2s 2,60,0.0013,701.0
aMEM_10pct-i_2s 2,61,0.00105,765.0
aMEM_10pct-i_2s 2,62,0.00133,829.0
aMEM_10pct-i_2s 2,63,0.00127,893.0
aMEM_10pct-i_2s 2,64,0.000779,957.0
aMEM_10pct-i_2s 2,65,0.000724,1020.0
aMEM_10pct-i_2s 2,66,0.00108,1150.0
aMEM_10pct-i_2s 2,67,0.000981,1280.0
aMEM_10pct-i_2s 2,68,0.0013,1400.0
aMEM_10pct-i_2s 2,69,0.0015,1530.0
aMEM_10pct-i_2s 2,70,0.000804,1660.0
aMEM_10pct-i_2s 2,71,0.000823,1790.0
aMEM_10pct-i_2s 2,72,0.000735,1920.0
aMEM_10pct-i_2s 2,73,0.000356,2040.0
aMEM_10pct-i_2s 2,74,0.00104,2300.0
aMEM_10pct-i_2s 2,75,0.000691,2560.0
aMEM_10pct-i_2s 2,76,0.00116,2810.0
aMEM_10pct-i_2s 2,77,0.000748,3070.0
aMEM_10pct-i_2s 2,78,0.000918,3320.0
aMEM_10pct-i_2s 2,79,0.000849,3580.0
aMEM_10pct-i_2s 2,80,0.000391,3840.0
aMEM_10pct-i_2s 2,81,0.000399,4090.0
aMEM_10pct-i_2s 2,82,0.000287,4600.0
aMEM_10pct-i_2s 2,83,0.0008,5120.0
aMEM_10pct-i_2s 2,84,0.000281,5630.0
aMEM_10pct-i_2s 2,85,0.000227,6140.0
aMEM_10pct-i_2s 2,86,0.000567,6650.0
aMEM_10pct-i_2s 2,87,0.000799,7160.0
aMEM_10pct-i_2s 2,88,0.000802,7680.0
aMEM_10pct-i_2s 2,89,0.000908,8190.0
aMEM_10pct-i_2s 2,90,0.00049,9210.0
aMEM_10pct-i_2s 2,91,0.000107,10200.0
aMEM_10pct-i_2s 2,92,0.000485,11300.0
aMEM_10pct-i_2s 2,93,0.000394,12300.0
aMEM_10pct-i_2s 2,94,0.000678,13300.0
aMEM_10pct-i_2s 2,95,0.000678,14300.0
aMEM_10pct-i_2s 2,96,0.000491,15400.0
aMEM_10pct-i_2s 2,97,0.000699,16400.0
aMEM_10pct-i_2s 2,98,0.00022,18400.0
aMEM_10pct-i_2s 2,99,0.00102,20500.0
aMEM_10pct-i_2s 2,100,0.000416,22500.0
aMEM_10pct-i_2s 2,101,0.000221,24600.0
aMEM_10pct-i_2s 2,102,0.00036,26600.0
aMEM_10pct-i_2s 2,103,0.00039,28700.0
aMEM_10pct-i_2s 2,104,0.000579,30700.0
aMEM_10pct-i_2s 2,105,0.000343,32800.0
aMEM_10pct-i_2s 2,106,0.000214,36900.0
aMEM_10pct-i_2s 2,107,0.00016,41000.0
aMEM_10pct-i_2s 2,108,9.04e-05,45100.0
aMEM_10pct-i_2s 2,109,0.000243,49100.0
aMEM_10pct-i_2s 2,110,0.000241,53200.0
aMEM_10pct-i_2s 2,111,0.00029,57300.0
aMEM_10pct-i_2s 2,112,0.000189,61400.0
aMEM_10pct-i_2s 2,113,0.000173,65500.0
aMEM_10pct-i_2s 2,114,0.000251,73700.0
aMEM_10pct-i_2s 2,115,0.00014,81900.0
aMEM_10pct-i_2s 2,116,0.000144,90100.0
aMEM_10pct-i_2s 2,117,0.000127,98300.0
aMEM_10pct-i_2s 2,118,0.000209,106000.0
aMEM_10pct-i_2s 2,119,0.000154,115000.0
aMEM_10pct-i_2s 2,120,0.000214,123000.0
aMEM_10pct-i_2s 2,121,8.66e-05,131000.0
aMEM_10pct-i_2s 2,122,7.42e-05,147000.0
aMEM_10pct-i_2s 2,123,9.42e-05,164000.0
aMEM_10pct-i_2s 2,124,6.53e-05,180000.0
aMEM_10pct-i_2s 2,125,0.000134,197000.0
aMEM_10pct-i_2s 2,126,6.51e-05,213000.0
aMEM_10pct-i_2s 2,127,7.91e-05,229000.0
aMEM_10pct-i_2s 2,128,6.89e-05,246000.0
aMEM_10pct-i_2s 2,129,0.000131,262000.0
aMEM_10pct-i_2s 2,130,7.72e-05,295000.0
aMEM_10pct-i_2s 2,131,8.05e-05,328000.0
aMEM_10pct-i_2s 2,132,0.000121,360000.0
aMEM_10pct-i_2s 2,133,0.000123,393000.0
aMEM_10pct-i_2s 2,134,0.000186,426000.0
aMEM_10pct-i_2s 2,135,0.000259,459000.0
aMEM_10pct-i_2s 2,136,0.000175,492000.0
aMEM_10pct-i_2s 2,137,0.000108,524000.0
aMEM_10pct-i_2s 2,138,0.000109,590000.0
aMEM_10pct-i_2s 2,139,9.17e-05,655000.0
aMEM_10pct-i_2s 2,140,5.56e-05,721000.0
aMEM_10pct-i_2s 2,141,0.000172,786000.0
aMEM_10pct-i_2s 2,142,0.000123,852000.0
aMEM_10pct-i_2s 2,143,3.45e-05,918000.0
aMEM_10pct-i_2s 2,144,0.000204,983000.0
aMEM_10pct-i_2s 2,145,0.000278,1050000.0
aMEM_10pct-i_2s 2,146,0.000177,1180000.0
aMEM_10pct-i_2s 2,147,0.00015,1310000.0
aMEM_10pct-i_2s 2,148,0.000263,1440000.0
aMEM_10pct-i_2s 2,149,0.00011,1570000.0
aMEM_10pct-i_2s 2,150,0.000226,1700000.0
aMEM_10pct-i_2s 2,151,9.53e-05,1840000.0
aMEM_10pct-i_2s 2,152,0.000107,1970000.0
aMEM_10pct-i_2s 2,153,0.000596,2100000.0
aMEM_10pct-i_2s 2,154,0.000662,2360000.0
aMEM_10pct-i_2s 2,155,0.000662,2620000.0
aMEM_10pct-i_2s 2,156,0.000624,2880000.0
aMEM_10pct-i_2s 2,157,0.000652,3150000.0
aMEM_10pct-i_2s 2,158,0.000735,3410000.0
aMEM_10pct-i_2s 2,159,0.000391,3670000.0
aMEM_10pct-i_2s 2,160,0.000666,3930000.0
aMEM_10pct-i_2s 2,161,0.0,4190000.0
aMEM_10pct-i_2s 2,162,0.0,4720000.0
aMEM_10pct-i_2s 2,163,0.0,5240000.0
aMEM_10pct-i_2s 2,164,0.0,5770000.0
aMEM_10pct-i_2s 2,165,0.0,6290000.0
aMEM_10pct-i_2s 2,166,0.0,6820000.0
aMEM_10pct-i_2s 2,167,0.0,7340000.0
aMEM_10pct-i_2s 2,168,0.0,7860000.0
aMEM_10pct-i_2s 2,169,0.0,8390000.0
aMEM_10pct-i_2s 2,170,0.0,9440000.0
aMEM_10pct-i_2s 2,171,0.0,10500000.0
aMEM_10pct-i_2s 2,172,0.0,11500000.0
aMEM_10pct-i_2s 2,173,0.0,12600000.0
aMEM_10pct-i_2s 2,174,0.0,13600000.0
aMEM_10pct-i_2s 2,175,0.0,14700000.0
aMEM_10pct-i_2s 2,176,0.0,15700000.0
aMEM_10pct-i_2s 2,177,0.0,16800000.0
aMEM_10pct-i_2s 2,178,0.0,18900000.0
aMEM_10pct-i_2s 2,179,0.0,21000000.0
aMEM_10pct-i_2s 2,180,0.0,23100000.0
aMEM_10pct-i_2s 2,181,0.0,25200000.0
aMEM_10pct-i_2s 2,182,0.0,27300000.0
aMEM_10pct-i_2s 2,183,0.0,29400000.0
aMEM_10pct-i_2s 2,184,0.0,31500000.0
aMEM_10pct-i_2s 2,185,0.0,33600000.0
aMEM_10pct-i_2s 2,186,0.0,37700000.0
aMEM_10pct-i_2s 2,187,0.0,41900000.0
aMEM_10pct-i_2s 2,188,0.0,46100000.0
aMEM_10pct-i_2s 2,189,0.0,50300000.0
aMEM_10pct-i_2s 2,190,0.0,54500000.0
aMEM_10pct-i_2s 2,191,0.0,58700000.0
aMEM_10pct-i_2s 2,192,0.0,62900000.0
aMEM_10pct-i_2s 3,1,0.824,0.5
aMEM_10pct-i_2s 3,2,0.819,1.0
aMEM_10pct-i_2s 3,3,0.799,1.5
aMEM_10pct-i_2s 3,4,0.784,2.0
aMEM_10pct-i_2s 3,5,0.771,2.5
aMEM_10pct-i_2s 3,6,0.758,3.0
aMEM_10pct-i_2s 3,7,0.743,3.5
aMEM_10pct-i_2s 3,8,0.731,4.0
aMEM_10pct-i_2s 3,9,0.716,4.5
aMEM_10pct-i_2s 3,10,0.693,5.5
aMEM_10pct-i_2s 3,11,0.67,6.5
aMEM_10pct-i_2s 3,12,0.646,7.5
aMEM_10pct-i_2s 3,13,0.626,8.5
aMEM_10pct-i_2s 3,14,0.606,9.5
aMEM_10pct-i_2s 3,15,0.586,10.5
aMEM_10pct-i_2s 3,16,0.569,11.5
aMEM_10pct-i_2s 3,17,0.552,12.5
aMEM_10pct-i_2s 3,18,0.522,14.5
aMEM_10pct-i_2s 3,19,0.492,16.5
aMEM_10pct-i_2s 3,20,0.466,18.5
aMEM_10pct-i_2s 3,21,0.442,20.5
aMEM_10pct-i_2s 3,22,0.42,22.5
aMEM_10pct-i_2s 3,23,0.399,24.5
aMEM_10pct-i_2s 3,24,0.382,26.5
aMEM_10pct-i_2s 3,25,0.365,28.5
aMEM_10pct-i_2s 3,26,0.333,32.5
aMEM_10pct-i_2s 3,27,0.306,36.5
aMEM_10pct-i_2s 3,28,0.282,40.5
aMEM_10pct-i_2s 3,29,0.26,44.5
aMEM_10pct-i_2s 3,30,0.242,48.5
aMEM_10pct-i_2s 3,31,0.225,52.5
aMEM_10pct-i_2s 3,32,0.21,56.5
aMEM_10pct-i_2s 3,33,0.197,60.5
aMEM_10pct-i_2s 3,34,0.173,68.5
aMEM_10pct-i_2s 3,35,0.154,76.5
aMEM_10pct-i_2s 3,36,0.136,84.5
aMEM_10pct-i_2s 3,37,0.122,92.5
aMEM_10pct-i_2s 3,38,0.11,101.0
aMEM_10pct-i_2s 3,39,0.0988,109.0
aMEM_10pct-i_2s 3,40,0.0899,117.0
aMEM_10pct-i_2s 3,41,0.0823,125.0
aMEM_10pct-i_2s 3,42,0.0684,141.0
aMEM_10pct-i_2s 3,43,0.0579,157.0
aMEM_10pct-i_2s 3,44,0.0491,173.0
aMEM_10pct-i_2s 3,45,0.0419,189.0
aMEM_10pct-i_2s 3,46,0.0354,205.0
aMEM_10pct-i_2s 3,47,0.031,221.0
aMEM_10pct-i_2s 3,48,0.0271,237.0
aMEM_10pct-i_2s 3,49,0.0243,253.0
aMEM_10pct-i_2s 3,50,0.019,285.0
aMEM_10pct-i_2s 3,51,0.0151,317.0
aMEM_10pct-i_2s 3,52,0.012,349.0
aMEM_10pct-i_2s 3,53,0.00977,381.0
aMEM_10pct-i_2s 3,54,0.00813,413.0
aMEM_10pct-i_2s 3,55,0.0066,445.0
aMEM_10pct-i_2s 3,56,0.00632,477.0
aMEM_10pct-i_2s 3,57,0.00588,509.0
aMEM_10pct-i_2s 3,58,0.00505,573.0
aMEM_10pct-i_2s 3,59,0.00479,637.0
aMEM_10pct-i_2s 3,60,0.00355,701.0
aMEM_10pct-i_2s 3,61,0.00269,765.0
aMEM_10pct-i_2s 3,62,0.00221,829.0
aMEM_10pct-i_2s 3,63,0.00163,893.0
aMEM_10pct-i_2s 3,64,0.00192,957.0
aMEM_10pct-i_2s 3,65,0.00174,1020.0
aMEM_10pct-i_2s 3,66,0.00144,1150.0
aMEM_10pct-i_2s 3,67,0.00135,1280.0
aMEM_10pct-i_2s 3,68,0.0011,1400.0
aMEM_10pct-i_2s 3,69,0.00187,1530.0
aMEM_10pct-i_2s 3,70,0.00162,1660.0
aMEM_10pct-i_2s 3,71,0.00185,1790.0
aMEM_10pct-i_2s 3,72,0.00121,1920.0
aMEM_10pct-i_2s 3,73,0.00134,2040.0
aMEM_10pct-i_2s 3,74,0.00124,2300.0
aMEM_10pct-i_2s 3,75,0.000621,2560.0
aMEM_10pct-i_2s 3,76,0.000879,2810.0
aMEM_10pct-i_2s 3,77,0.00117,3070.0
aMEM_10pct-i_2s 3,78,0.00116,3320.0
aMEM_10pct-i_2s 3,79,0.000843,3580.0
aMEM_10pct-i_2s 3,80,0.00185,3840.0
aMEM_10pct-i_2s 3,81,0.00133,4090.0
aMEM_10pct-i_2s 3,82,0.00103,4600.0
aMEM_10pct-i_2s 3,83,0.000595,5120.0
aMEM_10pct-i_2s 3,84,0.00134,5630.0
aMEM_10pct-i_2s 3,85,0.000999,6140.0
aMEM_10pct-i_2s 3,86,0.000381,6650.0
aMEM_10pct-i_2s 3,87,0.000575,7160.0
aMEM_10pct-i_2s 3,88,0.000658,7680.0
aMEM_10pct-i_2s 3,89,0.000501,8190.0
aMEM_10pct-i_2s 3,90,0.000757,9210.0
aMEM_10pct-i_2s 3,91,0.000988,10200.0
aMEM_10pct-i_2s 3,92,0.000666,11300.0
aMEM_10pct-i_2s 3,93,0.000934,12300.0
aMEM_10pct-i_2s 3,94,0.000496,13300.0
aMEM_10pct-i_2s 3,95,0.000676,14300.0
aMEM_10pct-i_2s 3,96,0.000581,15400.0
aMEM_10pct-i_2s 3,97,0.000615,16400.0
aMEM_10pct-i_2s 3,98,0.000874,18400.0
aMEM_10pct-i_2s 3,99,0.000755,20500.0
aMEM_10pct-i_2s 3,100,0.00061,22500.0
aMEM_10pct-i_2s 3,101,0.000666,24600.0
aMEM_10pct-i_2s 3,102,0.00075,26600.0
aMEM_10pct-i_2s 3,103,0.000604,28700.0
aMEM_10pct-i_2s 3,104,0.000687,30700.0
aMEM_10pct-i_2s 3,105,0.000639,32800.0
aMEM_10pct-i_2s 3,106,0.000485,36900.0
aMEM_10pct-i_2s 3,107,0.000707,41000.0
aMEM_10pct-i_2s 3,108,0.000624,45100.0
aMEM_10pct-i_2s 3,109,0.000642,49100.0
aMEM_10pct-i_2s 3,110,0.000645,53200.0
aMEM_10pct-i_2s 3,111,0.000553,57300.0
aMEM_10pct-i_2s 3,112,0.000689,61400.0
aMEM_10pct-i_2s 3,113,0.00051,65500.0
aMEM_10pct-i_2s 3,114,0.00083,73700.0
aMEM_10pct-i_2s 3,115,0.000523,81900.0
aMEM_10pct-i_2s 3,116,0.000432,90100.0
aMEM_10pct-i_2s 3,117,0.000536,98300.0
aMEM_10pct-i_2s 3,118,0.000564,106000.0
aMEM_10pct-i_2s 3,119,0.000476,115000.0
aMEM_10pct-i_2s 3,120,0.00045,123000.0
aMEM_10pct-i_2s 3,121,0.000545,131000.0
aMEM_10pct-i_2s 3,122,0.00073,147000.0
aMEM_10pct-i_2s 3,123,0.000571,164000.0
aMEM_10pct-i_2s 3,124,0.000569,180000.0
aMEM_10pct-i_2s 3,125,0.000579,197000.0
aMEM_10pct-i_2s 3,126,0.000569,213000.0
aMEM_10pct-i_2s 3,127,0.000639,229000.0
aMEM_10pct-i_2s 3,128,0.000641,246000.0
aMEM_10pct-i_2s 3,129,0.000378,262000.0
aMEM_10pct-i_2s 3,130,0.000385,295000.0
aMEM_10pct-i_2s 3,131,0.000421,328000.0
aMEM_10pct-i_2s 3,132,0.000228,360000.0
aMEM_10pct-i_2s 3,133,0.000288,393000.0
aMEM_10pct-i_2s 3,134,0.000254,426000.0
aMEM_10pct-i_2s 3,135,0.000134,459000.0
aMEM_10pct-i_2s 3,136,0.00018,492000.0
aMEM_10pct-i_2s 3,137,0.000361,524000.0
aMEM_10pct-i_2s 3,138,0.000462,590000.0
aMEM_10pct-i_2s 3,139,0.000378,655000.0
aMEM_10pct-i_2s 3,140,0.000381,721000.0
aMEM_10pct-i_2s 3,141,0.000351,786000.0
aMEM_10pct-i_2s 3,142,0.000314,852000.0
aMEM_10pct-i_2s 3,143,0.000418,918000.0
aMEM_10pct-i_2s 3,144,0.000115,983000.0
aMEM_10pct-i_2s 3,145,9.73e-05,1050000.0
aMEM_10pct-i_2s 3,146,0.000174,1180000.0
aMEM_10pct-i_2s 3,147,0.000344,1310000.0
aMEM_10pct-i_2s 3,148,0.000147,1440000.0
aMEM_10pct-i_2s 3,149,8.13e-05,1570000.0
aMEM_10pct-i_2s 3,150,0.000213,1700000.0
aMEM_10pct-i_2s 3,151,0.000378,1840000.0
aMEM_10pct-i_2s 3,152,0.000205,1970000.0
aMEM_10pct-i_2s 3,153,0.000357,2100000.0
aMEM_10pct-i_2s 3,154,0.000668,2360000.0
aMEM_10pct-i_2s 3,155,0.000555,2620000.0
aMEM_10pct-i_2s 3,156,0.000459,2880000.0
aMEM_10pct-i_2s 3,157,0.000543,3150000.0
aMEM_10pct-i_2s 3,158,0.000744,3410000.0
aMEM_10pct-i_2s 3,159,8.78e-05,3670000.0
aMEM_10pct-i_2s 3,160,0.000273,3930000.0
aMEM_10pct-i_2s 3,161,0.0,4190000.0
aMEM_10pct-i_2s 3,162,0.0,4720000.0
aMEM_10pct-i_2s 3,163,0.0,5240000.0
aMEM_10pct-i_2s 3,164,0.0,5770000.0
aMEM_10pct-i_2s 3,165,0.0,6290000.0
aMEM_10pct-i_2s 3,166,0.0,6820000.0
aMEM_10pct-i_2s 3,167,0.0,7340000.0
aMEM_10pct-i_2s 3,168,0.0,7860000.0
aMEM_10pct-i_2s 3,169,0.0,8390000.0
aMEM_10pct-i_2s 3,170,0.0,9440000.0
aMEM_10pct-i_2s 3,171,0.0,10500000.0
aMEM_10pct-i_2s 3,172,0.0,11500000.0
aMEM_10pct-i_2s 3,173,0.0,12600000.0
aMEM_10pct-i_2s 3,174,0.0,13600000.0
aMEM_10pct-i_2s 3,175,0.0,14700000.0
aMEM_10pct-i_2s 3,176,0.0,15700000.0
aMEM_10pct-i_2s 3,177,0.0,16800000.0
aMEM_10pct-i_2s 3,178,0.0,18900000.0
aMEM_10pct-i_2s 3,179,0.0,21000000.0
aMEM_10pct-i_2s 3,180,0.0,23100000.0
aMEM_10pct-i_2s 3,181,0.0,25200000.0
aMEM_10pct-i_2s 3,182,0.0,27300000.0
aMEM_10pct-i_2s 3,183,0.0,29400000.0
aMEM_10pct-i_2s 3,184,0.0,31500000.0
aMEM_10pct-i_2s 3,185,0.0,33600000.0
aMEM_10pct-i_2s 3,186,0.0,37700000.0
aMEM_10pct-i_2s 3,187,0.0,41900000.0
aMEM_10pct-i_2s 3,188,0.0,46100000.0
aMEM_10pct-i_2s 3,189,0.0,50300000.0
aMEM_10pct-i_2s 3,190,0.0,54500000.0
aMEM_10pct-i_2s 3,191,0.0,58700000.0
aMEM_10pct-i_2s 3,192,0.0,62900000.0
aMEM_10pct-i_2s-mean,1,0.828,0.5
aMEM_10pct-i_2s-mean,2,0.823,1.0
aMEM_10pct-i_2s-mean,3,0.802,1.5
aMEM_10pct-i_2s-mean,4,0.792,2.0
aMEM_10pct-i_2s-mean,5,0.777,2.5
aMEM_10pct-i_2s-mean,6,0.762,3.0
aMEM_10pct-i_2s-mean,7,0.753,3.5
aMEM_10pct-i_2s-mean,8,0.736,4.0
aMEM_10pct-i_2s-mean,9,0.723,4.5
aMEM_10pct-i_2s-mean,10,0.701,5.5
aMEM_10pct-i_2s-mean,11,0.677,6.5
aMEM_10pct-i_2s-mean,12,0.656,7.5
aMEM_10pct-i_2s-mean,13,0.633,8.5
aMEM_10pct-i_2s-mean,14,0.617,9.5
aMEM_10pct-i_2s-mean,15,0.595,10.5
aMEM_10pct-i_2s-mean,16,0.581,11.5
aMEM_10pct-i_2s-mean,17,0.564,12.5
aMEM_10pct-i_2s-mean,18,0.532,14.5
aMEM_10pct-i_2s-mean,19,0.502,16.5
aMEM_10pct-i_2s-mean,20,0.478,18.5
aMEM_10pct-i_2s-mean,21,0.455,20.5
aMEM_10pct-i_2s-mean,22,0.432,22.5
aMEM_10pct-i_2s-mean,23,0.411,24.5
aMEM_10pct-i_2s-mean,24,0.391,26.5
aMEM_10pct-i_2s-mean,25,0.375,28.5
aMEM_10pct-i_2s-mean,26,0.342,32.5
aMEM_10pct-i_2s-mean,27,0.316,36.5
aMEM_10pct-i_2s-mean,28,0.292,40.5
aMEM_10pct-i_2s-mean,29,0.271,44.5
aMEM_10pct-i_2s-mean,30,0.252,48.5
aMEM_10pct-i_2s-mean,31,0.235,52.5
aMEM_10pct-i_2s-mean,32,0.22,56.5
aMEM_10pct-i_2s-mean,33,0.207,60.5
aMEM_10pct-i_2s-mean,34,0.183,68.5
aMEM_10pct-i_2s-mean,35,0.163,76.5
aMEM_10pct-i_2s-mean,36,0.145,84.5
aMEM_10pct-i_2s-mean,37,0.131,92.5
aMEM_10pct-i_2s-mean,38,0.117,101.0
aMEM_10pct-i_2s-mean,39,0.107,109.0
aMEM_10pct-i_2s-mean,40,0.0972,117.0
aMEM_10pct-i_2s-mean,41,0.0893,125.0
aMEM_10pct-i_2s-mean,42,0.0746,141.0
aMEM_10pct-i_2s-mean,43,0.063,157.0
aMEM_10pct-i_2s-mean,44,0.0539,173.0
aMEM_10pct-i_2s-mean,45,0.0464,189.0
aMEM_10pct-i_2s-mean,46,0.0402,205.0
aMEM_10pct-i_2s-mean,47,0.035,221.0
aMEM_10pct-i_2s-mean,48,0.0305,237.0
aMEM_10pct-i_2s-mean,49,0.0277,253.0
aMEM_10pct-i_2s-mean,50,0.0218,285.0
aMEM_10pct-i_2s-mean,51,0.0174,317.0
aMEM_10pct-i_2s-mean,52,0.0146,349.0
aMEM_10pct-i_2s-mean,53,0.0123,381.0
aMEM_10pct-i_2s-mean,54,0.0112,413.0
aMEM_10pct-i_2s-mean,55,0.0103,445.0
aMEM_10pct-i_2s-mean,56,0.00849,477.0
aMEM_10pct-i_2s-mean,57,0.00745,509.0
aMEM_10pct-i_2s-mean,58,0.00617,573.0
aMEM_10pct-i_2s-mean,59,0.00413,637.0
aMEM_10pct-i_2s-mean,60,0.00266,701.0
aMEM_10pct-i_2s-mean,61,0.00215,765.0
aMEM_10pct-i_2s-mean,62,0.00161,829.0
aMEM_10pct-i_2s-mean,63,0.00159,893.0
aMEM_10pct-i_2s-mean,64,0.00155,957.0
aMEM_10pct-i_2s-mean,65,0.00144,1020.0
aMEM_10pct-i_2s-mean,66,0.00102,1150.0
aMEM_10pct-i_2s-mean,67,0.00119,1280.0
aMEM_10pct-i_2s-mean,68,0.000554,1400.0
aMEM_10pct-i_2s-mean,69,0.00112,1530.0
aMEM_10pct-i_2s-mean,70,0.00101,1660.0
aMEM_10pct-i_2s-mean,71,0.000985,1790.0
aMEM_10pct-i_2s-mean,72,0.00153,1920.0
aMEM_10pct-i_2s-mean,73,0.00103,2040.0
aMEM_10pct-i_2s-mean,74,0.000702,2300.0
aMEM_10pct-i_2s-mean,75,0.000889,2560.0
aMEM_10pct-i_2s-mean,76,0.00121,2810.0
aMEM_10pct-i_2s-mean,77,0.00176,3070.0
aMEM_10pct-i_2s-mean,78,0.00144,3320.0
aMEM_10pct-i_2s-mean,79,0.00119,3580.0
aMEM_10pct-i_2s-mean,80,0.000988,3840.0
aMEM_10pct-i_2s-mean,81,0.000866,4090.0
aMEM_10pct-i_2s-mean,82,0.00101,4600.0
aMEM_10pct-i_2s-mean,83,0.00131,5120.0
aMEM_10pct-i_2s-mean,84,0.000912,5630.0
aMEM_10pct-i_2s-mean,85,0.00137,6140.0
aMEM_10pct-i_2s-mean,86,0.000719,6650.0
aMEM_10pct-i_2s-mean,87,0.000877,7160.0
aMEM_10pct-i_2s-mean,88,0.000754,7680.0
aMEM_10pct-i_2s-mean,89,0.00069,8190.0
aMEM_10pct-i_2s-mean,90,0.000796,9210.0
aMEM_10pct-i_2s-mean,91,0.000689,10200.0
aMEM_10pct-i_2s-mean,92,0.000727,11300.0
aMEM_10pct-i_2s-mean,93,0.000294,12300.0
aMEM_10pct-i_2s-mean,94,0.000812,13300.0
aMEM_10pct-i_2s-mean,95,0.000583,14300.0
aMEM_10pct-i_2s-mean,96,0.000375,15400.0
aMEM_10pct-i_2s-mean,97,0.000392,16400.0
aMEM_10pct-i_2s-mean,98,0.000856,18400.0
aMEM_10pct-i_2s-mean,99,0.000954,20500.0
aMEM_10pct-i_2s-mean,100,0.000654,22500.0
aMEM_10pct-i_2s-mean,101,0.000393,24600.0
aMEM_10pct-i_2s-mean,102,0.000588,26600.0
aMEM_10pct-i_2s-mean,103,0.000778,28700.0
aMEM_10pct-i_2s-mean,104,0.000458,30700.0
aMEM_10pct-i_2s-mean,105,0.000447,32800.0
aMEM_10pct-i_2s-mean,106,0.00029,36900.0
aMEM_10pct-i_2s-mean,107,0.000295,41000.0
aMEM_10pct-i_2s-mean,108,0.000222,45100.0
aMEM_10pct-i_2s-mean,109,0.000242,49100.0
aMEM_10pct-i_2s-mean,110,0.000242,53200.0
aMEM_10pct-i_2s-mean,111,0.0005,57300.0
aMEM_10pct-i_2s-mean,112,0.000353,61400.0
aMEM_10pct-i_2s-mean,113,0.000144,65500.0
aMEM_10pct-i_2s-mean,114,0.000194,73700.0
aMEM_10pct-i_2s-mean,115,8.67e-05,81900.0
aMEM_10pct-i_2s-mean,116,0.000127,90100.0
aMEM_10pct-i_2s-mean,117,0.000224,98300.0
aMEM_10pct-i_2s-mean,118,0.000133,106000.0
aMEM_10pct-i_2s-mean,119,4.31e-05,115000.0
aMEM_10pct-i_2s-mean,120,0.000214,123000.0
aMEM_10pct-i_2s-mean,121,0.000335,131000.0
aMEM_10pct-i_2s-mean,122,0.000212,147000.0
aMEM_10pct-i_2s-mean,123,0.000202,164000.0
aMEM_10pct-i_2s-mean,124,0.000143,180000.0
aMEM_10pct-i_2s-mean,125,0.000252,197000.0
aMEM_10pct-i_2s-mean,126,0.000166,213000.0
aMEM_10pct-i_2s-mean,127,0.000143,229000.0
aMEM_10pct-i_2s-mean,128,0.000183,246000.0
aMEM_10pct-i_2s-mean,129,0.000144,262000.0
aMEM_10pct-i_2s-mean,130,0.000212,295000.0
aMEM_10pct-i_2s-mean,131,0.000159,328000.0
aMEM_10pct-i_2s-mean,132,0.000164,360000.0
aMEM_10pct-i_2s-mean,133,0.000278,393000.0
aMEM_10pct-i_2s-mean,134,0.000118,426000.0
aMEM_10pct-i_2s-mean,135,0.000209,459000.0
aMEM_10pct-i_2s-mean,136,0.000146,492000.0
aMEM_10pct-i_2s-mean,137,4.07e-05,524000.0
aMEM_10pct-i_2s-mean,138,0.000154,590000.0
aMEM_10pct-i_2s-mean,139,0.000191,655000.0
aMEM_10pct-i_2s-mean,140,0.000118,721000.0
aMEM_10pct-i_2s-mean,141,0.0002,786000.0
aMEM_10pct-i_2s-mean,142,9.41e-05,852000.0
aMEM_10pct-i_2s-mean,143,0.00028,918000.0
aMEM_10pct-i_2s-mean,144,0.000185,983000.0
aMEM_10pct-i_2s-mean,145,4.7e-05,1050000.0
aMEM_10pct-i_2s-mean,146,0.000168,1180000.0
aMEM_10pct-i_2s-mean,147,0.000232,1310000.0
aMEM_10pct-i_2s-mean,148,1.06e-05,1440000.0
aMEM_10pct-i_2s-mean,149,4.66e-05,1570000.0
aMEM_10pct-i_2s-mean,150,6.64e-06,1700000.0
aMEM_10pct-i_2s-mean,151,0.000175,1840000.0
aMEM_10pct-i_2s-mean,152,0.000187,1970000.0
aMEM_10pct-i_2s-mean,153,9.17e-05,2100000.0
aMEM_10pct-i_2s-mean,154,0.000215,2360000.0
aMEM_10pct-i_2s-mean,155,0.000305,2620000.0
aMEM_10pct-i_2s-mean,156,0.000369,2880000.0
aMEM_10pct-i_2s-mean,157,8.88e-05,3150000.0
aMEM_10pct-i_2s-mean,158,0.000201,3410000.0
aMEM_10pct-i_2s-mean,159,0.000227,3670000.0
aMEM_10pct-i_2s-mean,160,0.00041,3930000.0
aMEM_10pct-i_2s-mean,161,0.0,4190000.0
aMEM_10pct-i_2s-mean,162,0.0,4720000.0
aMEM_10pct-i_2s-mean,163,0.0,5240000.0
aMEM_10pct-i_2s-mean,164,0.0,5770000.0
aMEM_10pct-i_2s-mean,165,0.0,6290000.0
aMEM_10pct-i_2s-mean,166,0.0,6820000.0
aMEM_10pct-i_2s-mean,167,0.0,7340000.0
aMEM_10pct-i_2s-mean,168,0.0,7860000.0
aMEM_10pct-i_2s-mean,169,0.0,8390000.0
aMEM_10pct-i_2s-mean,170,0.0,9440000.0
aMEM_10pct-i_2s-mean,171,0.0,10500000.0
aMEM_10pct-i_2s-mean,172,0.0,11500000.0
aMEM_10pct-i_2s-mean,173,0.0,12600000.0
aMEM_10pct-i_2s-mean,174,0.0,13600000.0
aMEM_10pct-i_2s-mean,175,0.0,14700000.0
aMEM_10pct-i_2s-mean,176,0.0,15700000.0
aMEM_10pct-i_2s-mean,177,0.0,16800000.0
aMEM_10pct-i_2s-mean,178,0.0,18900000.0
aMEM_10pct-i_2s-mean,179,0.0,21000000.0
aMEM_10pct-i_2s-mean,180,0.0,23100000.0
aMEM_10pct-i_2s-mean,181,0.0,25200000.0
aMEM_10pct-i_2s-mean,182,0.0,27300000.0
aMEM_10pct-i_2s-mean,183,0.0,29400000.0
aMEM_10pct-i_2s-mean,184,0.0,31500000.0
aMEM_10pct-i_2s-mean,185,0.0,33600000.0
aMEM_10pct-i_2s-mean,186,0.0,37700000.0
aMEM_10pct-i_2s-mean,187,0.0,41900000.0
aMEM_10pct-i_2s-mean,188,0.0,46100000.0
aMEM_10pct-i_2s-mean,189,0.0,50300000.0
aMEM_10pct-i_2s-mean,190,0.0,54500000.0
aMEM_10pct-i_2s-mean,191,0.0,58700000.0
aMEM_10pct-i_2s-mean,192,0.0,62900000.0
aMEM_10pct-L_3s 1,1,0.839,0.5
aMEM_10pct-L_3s 1,2,0.837,1.0
aMEM_10pct-L_3s 1,3,0.824,1.5
aMEM_10pct-L_3s 1,4,0.813,2.0
aMEM_10pct-L_3s 1,5,0.798,2.5
aMEM_10pct-L_3s 1,6,0.786,3.0
aMEM_10pct-L_3s 1,7,0.773,3.5
aMEM_10pct-L_3s 1,8,0.764,4.0
aMEM_10pct-L_3s 1,9,0.75,4.5
aMEM_10pct-L_3s 1,10,0.728,5.5
aMEM_10pct-L_3s 1,11,0.708,6.5
aMEM_10pct-L_3s 1,12,0.687,7.5
aMEM_10pct-L_3s 1,13,0.669,8.5
aMEM_10pct-L_3s 1,14,0.652,9.5
aMEM_10pct-L_3s 1,15,0.634,10.5
aMEM_10pct-L_3s 1,16,0.618,11.5
aMEM_10pct-L_3s 1,17,0.603,12.5
aMEM_10pct-L_3s 1,18,0.574,14.5
aMEM_10pct-L_3s 1,19,0.547,16.5
aMEM_10pct-L_3s 1,20,0.523,18.5
aMEM_10pct-L_3s 1,21,0.501,20.5
aMEM_10pct-L_3s 1,22,0.48,22.5
aMEM_10pct-L_3s 1,23,0.463,24.5
aMEM_10pct-L_3s 1,24,0.444,26.5
aMEM_10pct-L_3s 1,25,0.427,28.5
aMEM_10pct-L_3s 1,26,0.398,32.5
aMEM_10pct-L_3s 1,27,0.371,36.5
aMEM_10pct-L_3s 1,28,0.347,40.5
aMEM_10pct-L_3s 1,29,0.328,44.5
aMEM_10pct-L_3s 1,30,0.309,48.5
aMEM_10pct-L_3s 1,31,0.293,52.5
aMEM_10pct-L_3s 1,32,0.277,56.5
aMEM_10pct-L_3s 1,33,0.263,60.5
aMEM_10pct-L_3s 1,34,0.239,68.5
aMEM_10pct-L_3s 1,35,0.217,76.5
aMEM_10pct-L_3s 1,36,0.197,84.5
aMEM_10pct-L_3s 1,37,0.181,92.5
aMEM_10pct-L_3s 1,38,0.167,101.0
aMEM_10pct-L_3s 1,39,0.154,109.0
aMEM_10pct-L_3s 1,40,0.142,117.0
aMEM_10pct-L_3s 1,41,0.132,125.0
aMEM_10pct-L_3s 1,42,0.114,141.0
aMEM_10pct-L_3s 1,43,0.0994,157.0
aMEM_10pct-L_3s 1,44,0.0869,173.0
aMEM_10pct-L_3s 1,45,0.0765,189.0
aMEM_10pct-L_3s 1,46,0.068,205.0
aMEM_10pct-L_3s 1,47,0.0607,221.0
aMEM_10pct-L_3s 1,48,0.0546,237.0
aMEM_10pct-L_3s 1,49,0.0493,253.0
aMEM_10pct-L_3s 1,50,0.0395,285.0
aMEM_10pct-L_3s 1,51,0.0321,317.0
aMEM_10pct-L_3s 1,52,0.0263,349.0
aMEM_10pct-L_3s 1,53,0.0218,381.0
aMEM_10pct-L_3s 1,54,0.0183,413.0
aMEM_10pct-L_3s 1,55,0.0156,445.0
aMEM_10pct-L_3s 1,56,0.0132,477.0
aMEM_10pct-L_3s 1,57,0.0114,509.0
aMEM_10pct-L_3s 1,58,0.00872,573.0
aMEM_10pct-L_3s 1,59,0.00583,637.0
aMEM_10pct-L_3s 1,60,0.00332,701.0
aMEM_10pct-L_3s 1,61,0.00171,765.0
aMEM_10pct-L_3s 1,62,0.00147,829.0
aMEM_10pct-L_3s 1,63,0.00183,893.0
aMEM_10pct-L_3s 1,64,0.00203,957.0
aMEM_10pct-L_3s 1,65,0.00146,1020.0
aMEM_10pct-L_3s 1,66,0.00103,1150.0
aMEM_10pct-L_3s 1,67,0.00104,1280.0
aMEM_10pct-L_3s 1,68,0.00114,1400.0
aMEM_10pct-L_3s 1,69,0.0009,1530.0
aMEM_10pct-L_3s 1,70,0.00135,1660.0
aMEM_10pct-L_3s 1,71,0.000281,1790.0
aMEM_10pct-L_3s 1,72,0.00077,1920.0
aMEM_10pct-L_3s 1,73,0.000798,2040.0
aMEM_10pct-L_3s 1,74,0.000676,2300.0
aMEM_10pct-L_3s 1,75,0.000965,2560.0
aMEM_10pct-L_3s 1,76,0.00175,2810.0
aMEM_10pct-L_3s 1,77,0.00148,3070.0
aMEM_10pct-L_3s 1,78,0.000557,3320.0
aMEM_10pct-L_3s 1,79,0.000638,3580.0
aMEM_10pct-L_3s 1,80,0.00139,3840.0
aMEM_10pct-L_3s 1,81,0.000812,4090.0
aMEM_10pct-L_3s 1,82,0.000564,4600.0
aMEM_10pct-L_3s 1,83,0.000771,5120.0
aMEM_10pct-L_3s 1,84,0.000777,5630.0
aMEM_10pct-L_3s 1,85,0.000294,6140.0
aMEM_10pct-L_3s 1,86,0.0003,6650.0
aMEM_10pct-L_3s 1,87,0.000926,7160.0
aMEM_10pct-L_3s 1,88,0.000424,7680.0
aMEM_10pct-L_3s 1,89,0.000402,8190.0
aMEM_10pct-L_3s 1,90,0.000943,9210.0
aMEM_10pct-L_3s 1,91,0.000624,10200.0
aMEM_10pct-L_3s 1,92,0.000884,11300.0
aMEM_10pct-L_3s 1,93,0.000333,12300.0
aMEM_10pct-L_3s 1,94,0.000508,13300.0
aMEM_10pct-L_3s 1,95,0.000445,14300.0
aMEM_10pct-L_3s 1,96,0.000184,15400.0
aMEM_10pct-L_3s 1,97,0.000187,16400.0
aMEM_10pct-L_3s 1,98,0.00033,18400.0
aMEM_10pct-L_3s 1,99,0.000115,20500.0
aMEM_10pct-L_3s 1,100,0.000924,22500.0
aMEM_10pct-L_3s 1,101,0.000269,24600.0
aMEM_10pct-L_3s 1,102,0.000207,26600.0
aMEM_10pct-L_3s 1,103,0.000259,28700.0
aMEM_10pct-L_3s 1,104,0.000477,30700.0
aMEM_10pct-L_3s 1,105,0.000411,32800.0
aMEM_10pct-L_3s 1,106,0.000358,36900.0
aMEM_10pct-L_3s 1,107,0.000396,41000.0
aMEM_10pct-L_3s 1,108,0.000212,45100.0
aMEM_10pct-L_3s 1,109,0.000178,49100.0
aMEM_10pct-L_3s 1,110,0.000122,53200.0
aMEM_10pct-L_3s 1,111,0.000341,57300.0
aMEM_10pct-L_3s 1,112,0.000317,61400.0
aMEM_10pct-L_3s 1,113,0.000431,65500.0
aMEM_10pct-L_3s 1,114,0.000335,73700.0
aMEM_10pct-L_3s 1,115,0.000133,81900.0
aMEM_10pct-L_3s 1,116,0.000131,90100.0
aMEM_10pct-L_3s 1,117,0.000253,98300.0
aMEM_10pct-L_3s 1,118,0.000153,106000.0
aMEM_10pct-L_3s 1,119,0.000153,115000.0
aMEM_10pct-L_3s 1,120,0.000292,123000.0
aMEM_10pct-L_3s 1,121,0.000144,131000.0
aMEM_10pct-L_3s 1,122,3.08e-05,147000.0
aMEM_10pct-L_3s 1,123,0.000132,164000.0
aMEM_10pct-L_3s 1,124,8.44e-05,180000.0
aMEM_10pct-L_3s 1,125,0.000242,197000.0
aMEM_10pct-L_3s 1,126,0.000274,213000.0
aMEM_10pct-L_3s 1,127,0.000148,229000.0
aMEM_10pct-L_3s 1,128,7.96e-05,246000.0
aMEM_10pct-L_3s 1,129,0.000324,262000.0
aMEM_10pct-L_3s 1,130,0.000207,295000.0
aMEM_10pct-L_3s 1,131,0.000149,328000.0
aMEM_10pct-L_3s 1,132,0.000112,360000.0
aMEM_10pct-L_3s 1,133,0.000353,393000.0
aMEM_10pct-L_3s 1,134,0.000216,426000.0
aMEM_10pct-L_3s 1,135,0.000175,459000.0
aMEM_10pct-L_3s 1,136,0.000169,492000.0
aMEM_10pct-L_3s 1,137,0.000304,524000.0
aMEM_10pct-L_3s 1,138,0.000273,590000.0
aMEM_10pct-L_3s 1,139,0.00014,655000.0
aMEM_10pct-L_3s 1,140,0.000168,721000.0
aMEM_10pct-L_3s 1,141,0.000222,786000.0
aMEM_10pct-L_3s 1,142,0.000177,852000.0
aMEM_10pct-L_3s 1,143,0.000156,918000.0
aMEM_10pct-L_3s 1,144,7.86e-05,983000.0
aMEM_10pct-L_3s 1,145,0.000126,1050000.0
aMEM_10pct-L_3s 1,146,0.00032,1180000.0
aMEM_10pct-L_3s 1,147,0.00049,1310000.0
aMEM_10pct-L_3s 1,148,0.000432,1440000.0
aMEM_10pct-L_3s 1,149,0.000208,1570000.0
aMEM_10pct-L_3s 1,150,0.000202,1700000.0
aMEM_10pct-L_3s 1,151,0.000349,1840000.0
aMEM_10pct-L_3s 1,152,0.000305,1970000.0
aMEM_10pct-L_3s 1,153,0.000846,2100000.0
aMEM_10pct-L_3s 1,154,0.000766,2360000.0
aMEM_10pct-L_3s 1,155,0.000271,2620000.0
aMEM_10pct-L_3s 1,156,0.000347,2880000.0
aMEM_10pct-L_3s 1,157,0.000263,3150000.0
aMEM_10pct-L_3s 1,158,0.000454,3410000.0
aMEM_10pct-L_3s 1,159,0.0004,3670000.0
aMEM_10pct-L_3s 1,160,0.00042,3930000.0
aMEM_10pct-L_3s 1,161,0.0,4190000.0
aMEM_10pct-L_3s 1,162,0.0,4720000.0
aMEM_10pct-L_3s 1,163,0.0,5240000.0
aMEM_10pct-L_3s 1,164,0.0,5770000.0
aMEM_10pct-L_3s 1,165,0.0,6290000.0
aMEM_10pct-L_3s 1,166,0.0,6820000.0
aMEM_10pct-L_3s 1,167,0.0,7340000.0
aMEM_10pct-L_3s 1,168,0.0,7860000.0
aMEM_10pct-L_3s 1,169,0.0,8390000.0
aMEM_10pct-L_3s 1,170,0.0,9440000.0
aMEM_10pct-L_3s 1,171,0.0,10500000.0
aMEM_10pct-L_3s 1,172,0.0,11500000.0
aMEM_10pct-L_3s 1,173,0.0,12600000.0
aMEM_10pct-L_3s 1,174,0.0,13600000.0
aMEM_10pct-L_3s 1,175,0.0,14700000.0
aMEM_10pct-L_3s 1,176,0.0,15700000.0
aMEM_10pct-L_3s 1,177,0.0,16800000.0
aMEM_10pct-L_3s 1,178,0.0,18900000.0
aMEM_10pct-L_3s 1,179,0.0,21000000.0
aMEM_10pct-L_3s 1,180,0.0,23100000.0
aMEM_10pct-L_3s 1,181,0.0,25200000.0
aMEM_10pct-L_3s 1,182,0.0,27300000.0
aMEM_10pct-L_3s 1,183,0.0,29400000.0
aMEM_10pct-L_3s 1,184,0.0,31500000.0
aMEM_10pct-L_3s 1,185,0.0,33600000.0
aMEM_10pct-L_3s 1,186,0.0,37700000.0
aMEM_10pct-L_3s 1,187,0.0,41900000.0
aMEM_10pct-L_3s 1,188,0.0,46100000.0
aMEM_10pct-L_3s 1,189,0.0,50300000.0
aMEM_10pct-L_3s 1,190,0.0,54500000.0
aMEM_10pct-L_3s 1,191,0.0,58700000.0
aMEM_10pct-L_3s 1,192,0.0,62900000.0
aMEM_10pct-L_3s 2,1,0.848,0.5
aMEM_10pct-L_3s 2,2,0.842,1.0
aMEM_10pct-L_3s 2,3,0.83,1.5
aMEM_10pct-L_3s 2,4,0.815,2.0
aMEM_10pct-L_3s 2,5,0.802,2.5
aMEM_10pct-L_3s 2,6,0.792,3.0
aMEM_10pct-L_3s 2,7,0.779,3.5
aMEM_10pct-L_3s 2,8,0.766,4.0
aMEM_10pct-L_3s 2,9,0.756,4.5
aMEM_10pct-L_3s 2,10,0.733,5.5
aMEM_10pct-L_3s 2,11,0.713,6.5
aMEM_10pct-L_3s 2,12,0.693,7.5
aMEM_10pct-L_3s 2,13,0.673,8.5
aMEM_10pct-L_3s 2,14,0.658,9.5
aMEM_10pct-L_3s 2,15,0.64,10.5
aMEM_10pct-L_3s 2,16,0.623,11.5
aMEM_10pct-L_3s 2,17,0.607,12.5
aMEM_10pct-L_3s 2,18,0.578,14.5
aMEM_10pct-L_3s 2,19,0.552,16.5
aMEM_10pct-L_3s 2,20,0.528,18.5
aMEM_10pct-L_3s 2,21,0.506,20.5
aMEM_10pct-L_3s 2,22,0.484,22.5
aMEM_10pct-L_3s 2,23,0.465,24.5
aMEM_10pct-L_3s 2,24,0.448,26.5
aMEM_10pct-L_3s 2,25,0.432,28.5
aMEM_10pct-L_3s 2,26,0.402,32.5
aMEM_10pct-L_3s 2,27,0.375,36.5
aMEM_10pct-L_3s 2,28,0.351,40.5
aMEM_10pct-L_3s 2,29,0.331,44.5
aMEM_10pct-L_3s 2,30,0.312,48.5
aMEM_10pct-L_3s 2,31,0.295,52.5
aMEM_10pct-L_3s 2,32,0.28,56.5
aMEM_10pct-L_3s 2,33,0.266,60.5
aMEM_10pct-L_3s 2,34,0.239,68.5
aMEM_10pct-L_3s 2,35,0.217,76.5
aMEM_10pct-L_3s 2,36,0.199,84.5
aMEM_10pct-L_3s 2,37,0.183,92.5
aMEM_10pct-L_3s 2,38,0.168,101.0
aMEM_10pct-L_3s 2,39,0.156,109.0
aMEM_10pct-L_3s 2,40,0.144,117.0
aMEM_10pct-L_3s 2,41,0.133,125.0
aMEM_10pct-L_3s 2,42,0.116,141.0
aMEM_10pct-L_3s 2,43,0.102,157.0
aMEM_10pct-L_3s 2,44,0.0886,173.0
aMEM_10pct-L_3s 2,45,0.0782,189.0
aMEM_10pct-L_3s 2,46,0.0689,205.0
aMEM_10pct-L_3s 2,47,0.0618,221.0
aMEM_10pct-L_3s 2,48,0.0553,237.0
aMEM_10pct-L_3s 2,49,0.0496,253.0
aMEM_10pct-L_3s 2,50,0.0408,285.0
aMEM_10pct-L_3s 2,51,0.0336,317.0
aMEM_10pct-L_3s 2,52,0.028,349.0
aMEM_10pct-L_3s 2,53,0.0238,381.0
aMEM_10pct-L_3s 2,54,0.0204,413.0
aMEM_10pct-L_3s 2,55,0.0174,445.0
aMEM_10pct-L_3s 2,56,0.0149,477.0
aMEM_10pct-L_3s 2,57,0.0125,509.0
aMEM_10pct-L_3s 2,58,0.00939,573.0
aMEM_10pct-L_3s 2,59,0.00767,637.0
aMEM_10pct-L_3s 2,60,0.00463,701.0
aMEM_10pct-L_3s 2,61,0.00284,765.0
aMEM_10pct-L_3s 2,62,0.00265,829.0
aMEM_10pct-L_3s 2,63,0.00174,893.0
aMEM_10pct-L_3s 2,64,0.00122,957.0
aMEM_10pct-L_3s 2,65,0.000674,1020.0
aMEM_10pct-L_3s 2,66,0.000304,1150.0
aMEM_10pct-L_3s 2,67,0.000412,1280.0
aMEM_10pct-L_3s 2,68,0.000512,1400.0
aMEM_10pct-L_3s 2,69,0.00056,1530.0
aMEM_10pct-L_3s 2,70,0.000635,1660.0
aMEM_10pct-L_3s 2,71,0.000332,1790.0
aMEM_10pct-L_3s 2,72,7.56e-05,1920.0
aMEM_10pct-L_3s 2,73,0.000415,2040.0
aMEM_10pct-L_3s 2,74,0.000467,2300.0
aMEM_10pct-L_3s 2,75,0.000251,2560.0
aMEM_10pct-L_3s 2,76,0.000539,2810.0
aMEM_10pct-L_3s 2,77,0.000568,3070.0
aMEM_10pct-L_3s 2,78,0.000724,3320.0
aMEM_10pct-L_3s 2,79,0.00129,3580.0
aMEM_10pct-L_3s 2,80,0.000433,3840.0
aMEM_10pct-L_3s 2,81,0.000785,4090.0
aMEM_10pct-L_3s 2,82,0.000328,4600.0
aMEM_10pct-L_3s 2,83,0.000349,5120.0
aMEM_10pct-L_3s 2,84,0.000303,5630.0
aMEM_10pct-L_3s 2,85,0.000272,6140.0
aMEM_10pct-L_3s 2,86,0.000254,6650.0
aMEM_10pct-L_3s 2,87,0.000696,7160.0
aMEM_10pct-L_3s 2,88,0.000451,7680.0
aMEM_10pct-L_3s 2,89,0.000175,8190.0
aMEM_10pct-L_3s 2,90,0.000516,9210.0
aMEM_10pct-L_3s 2,91,0.000728,10200.0
aMEM_10pct-L_3s 2,92,0.000429,11300.0
aMEM_10pct-L_3s 2,93,0.000108,12300.0
aMEM_10pct-L_3s 2,94,0.00087,13300.0
aMEM_10pct-L_3s 2,95,0.000835,14300.0
aMEM_10pct-L_3s 2,96,0.00043,15400.0
aMEM_10pct-L_3s 2,97,0.000133,16400.0
aMEM_10pct-L_3s 2,98,0.00047,18400.0
aMEM_10pct-L_3s 2,99,0.000202,20500.0
aMEM_10pct-L_3s 2,100,0.000793,22500.0
aMEM_10pct-L_3s 2,101,0.000769,24600.0
aMEM_10pct-L_3s 2,102,0.000277,26600.0
aMEM_10pct-L_3s 2,103,9.79e-07,28700.0
aMEM_10pct-L_3s 2,104,6.52e-06,30700.0
aMEM_10pct-L_3s 2,105,3.88e-05,32800.0
aMEM_10pct-L_3s 2,106,0.000124,36900.0
aMEM_10pct-L_3s 2,107,0.000209,41000.0
aMEM_10pct-L_3s 2,108,0.000283,45100.0
aMEM_10pct-L_3s 2,109,0.000163,49100.0
aMEM_10pct-L_3s 2,110,0.000112,53200.0
aMEM_10pct-L_3s 2,111,0.000361,57300.0
aMEM_10pct-L_3s 2,112,0.000348,61400.0
aMEM_10pct-L_3s 2,113,2.85e-07,65500.0
aMEM_10pct-L_3s 2,114,8.7e-05,73700.0
aMEM_10pct-L_3s 2,115,7.38e-05,81900.0
aMEM_10pct-L_3s 2,116,3.82e-05,90100.0
aMEM_10pct-L_3s 2,117,0.000257,98300.0
aMEM_10pct-L_3s 2,118,0.000188,106000.0
aMEM_10pct-L_3s 2,119,0.000131,115000.0
aMEM_10pct-L_3s 2,120,0.000107,123000.0
aMEM_10pct-L_3s 2,121,0.000231,131000.0
aMEM_10pct-L_3s 2,122,0.00025,147000.0
aMEM_10pct-L_3s 2,123,0.000199,164000.0
aMEM_10pct-L_3s 2,124,0.0,180000.0
aMEM_10pct-L_3s 2,125,5.69e-05,197000.0
aMEM_10pct-L_3s 2,126,7.18e-05,213000.0
aMEM_10pct-L_3s 2,127,0.0,229000.0
aMEM_10pct-L_3s 2,128,9.61e-05,246000.0
aMEM_10pct-L_3s 2,129,7.03e-05,262000.0
aMEM_10pct-L_3s 2,130,0.000198,295000.0
aMEM_10pct-L_3s 2,131,0.00015,328000.0
aMEM_10pct-L_3s 2,132,0.000165,360000.0
aMEM_10pct-L_3s 2,133,0.000113,393000.0
aMEM_10pct-L_3s 2,134,0.000131,426000.0
aMEM_10pct-L_3s 2,135,0.000106,459000.0
aMEM_10pct-L_3s 2,136,6.08e-05,492000.0
aMEM_10pct-L_3s 2,137,0.000164,524000.0
aMEM_10pct-L_3s 2,138,5.16e-05,590000.0
aMEM_10pct-L_3s 2,139,0.0001,655000.0
aMEM_10pct-L_3s 2,140,0.000107,721000.0
aMEM_10pct-L_3s 2,141,0.000162,786000.0
aMEM_10pct-L_3s 2,142,0.00015,852000.0
aMEM_10pct-L_3s 2,143,0.000107,918000.0
aMEM_10pct-L_3s 2,144,6.78e-06,983000.0
aMEM_10pct-L_3s 2,145,0.000311,1050000.0
aMEM_10pct-L_3s 2,146,0.000424,1180000.0
aMEM_10pct-L_3s 2,147,0.00021,1310000.0
aMEM_10pct-L_3s 2,148,0.000428,1440000.0
aMEM_10pct-L_3s 2,149,0.000267,1570000.0
aMEM_10pct-L_3s 2,150,0.000274,1700000.0
aMEM_10pct-L_3s 2,151,0.00027,1840000.0
aMEM_10pct-L_3s 2,152,0.00036,1970000.0
aMEM_10pct-L_3s 2,153,0.000288,2100000.0
aMEM_10pct-L_3s 2,154,0.000299,2360000.0
aMEM_10pct-L_3s 2,155,8.46e-05,2620000.0
aMEM_10pct-L_3s 2,156,0.000481,2880000.0
aMEM_10pct-L_3s 2,157,0.000503,3150000.0
aMEM_10pct-L_3s 2,158,0.000104,3410000.0
aMEM_10pct-L_3s 2,159,0.000102,3670000.0
aMEM_10pct-L_3s 2,160,0.000237,3930000.0
aMEM_10pct-L_3s 2,161,0.0,4190000.0
aMEM_10pct-L_3s 2,162,0.0,4720000.0
aMEM_10pct-L_3s 2,163,0.0,5240000.0
aMEM_10pct-L_3s 2,164,0.0,5770000.0
aMEM_10pct-L_3s 2,165,0.0,6290000.0
aMEM_10pct-L_3s 2,166,0.0,6820000.0
aMEM_10pct-L_3s 2,167,0.0,7340000.0
aMEM_10pct-L_3s 2,168,0.0,7860000.0
aMEM_10pct-L_3s 2,169,0.0,8390000.0
aMEM_10pct-L_3s 2,170,0.0,9440000.0
aMEM_10pct-L_3s 2,171,0.0,10500000.0
aMEM_10pct-L_3s 2,172,0.0,11500000.0
aMEM_10pct-L_3s 2,173,0.0,12600000.0
aMEM_10pct-L_3s 2,174,0.0,13600000.0
aMEM_10pct-L_3s 2,175,0.0,14700000.0
aMEM_10pct-L_3s 2,176,0.0,15700000.0
aMEM_10pct-L_3s 2,177,0.0,16800000.0
aMEM_10pct-L_3s 2,178,0.0,18900000.0
aMEM_10pct-L_3s 2,179,0.0,21000000.0
aMEM_10pct-L_3s 2,180,0.0,23100000.0
aMEM_10pct-L_3s 2,181,0.0,25200000.0
aMEM_10pct-L_3s 2,182,0.0,27300000.0
aMEM_10pct-L_3s 2,183,0.0,29400000.0
aMEM_10pct-L_3s 2,184,0.0,31500000.0
aMEM_10pct-L_3s 2,185,0.0,33600000.0
aMEM_10pct-L_3s 2,186,0.0,37700000.0
aMEM_10pct-L_3s 2,187,0.0,41900000.0
aMEM_10pct-L_3s 2,188,0.0,46100000.0
aMEM_10pct-L_3s 2,189,0.0,50300000.0
aMEM_10pct-L_3s 2,190,0.0,54500000.0
aMEM_10pct-L_3s 2,191,0.0,58700000.0
aMEM_10pct-L_3s 2,192,0.0,62900000.0
aMEM_10pct-L_3s 3,1,0.842,0.5
aMEM_10pct-L_3s 3,2,0.843,1.0
aMEM_10pct-L_3s 3,3,0.826,1.5
aMEM_10pct-L_3s 3,4,0.812,2.0
aMEM_10pct-L_3s 3,5,0.801,2.5
aMEM_10pct-L_3s 3,6,0.787,3.0
aMEM_10pct-L_3s 3,7,0.775,3.5
aMEM_10pct-L_3s 3,8,0.765,4.0
aMEM_10pct-L_3s 3,9,0.751,4.5
aMEM_10pct-L_3s 3,10,0.731,5.5
aMEM_10pct-L_3s 3,11,0.709,6.5
aMEM_10pct-L_3s 3,12,0.69,7.5
aMEM_10pct-L_3s 3,13,0.671,8.5
aMEM_10pct-L_3s 3,14,0.651,9.5
aMEM_10pct-L_3s 3,15,0.634,10.5
aMEM_10pct-L_3s 3,16,0.621,11.5
aMEM_10pct-L_3s 3,17,0.605,12.5
aMEM_10pct-L_3s 3,18,0.575,14.5
aMEM_10pct-L_3s 3,19,0.547,16.5
aMEM_10pct-L_3s 3,20,0.524,18.5
aMEM_10pct-L_3s 3,21,0.502,20.5
aMEM_10pct-L_3s 3,22,0.481,22.5
aMEM_10pct-L_3s 3,23,0.462,24.5
aMEM_10pct-L_3s 3,24,0.444,26.5
aMEM_10pct-L_3s 3,25,0.428,28.5
aMEM_10pct-L_3s 3,26,0.398,32.5
aMEM_10pct-L_3s 3,27,0.371,36.5
aMEM_10pct-L_3s 3,28,0.348,40.5
aMEM_10pct-L_3s 3,29,0.327,44.5
aMEM_10pct-L_3s 3,30,0.307,48.5
aMEM_10pct-L_3s 3,31,0.29,52.5
aMEM_10pct-L_3s 3,32,0.275,56.5
aMEM_10pct-L_3s 3,33,0.26,60.5
aMEM_10pct-L_3s 3,34,0.235,68.5
aMEM_10pct-L_3s 3,35,0.213,76.5
aMEM_10pct-L_3s 3,36,0.195,84.5
aMEM_10pct-L_3s 3,37,0.178,92.5
aMEM_10pct-L_3s 3,38,0.163,101.0
aMEM_10pct-L_3s 3,39,0.151,109.0
aMEM_10pct-L_3s 3,40,0.14,117.0
aMEM_10pct-L_3s 3,41,0.13,125.0
aMEM_10pct-L_3s 3,42,0.112,141.0
aMEM_10pct-L_3s 3,43,0.0968,157.0
aMEM_10pct-L_3s 3,44,0.0851,173.0
aMEM_10pct-L_3s 3,45,0.0747,189.0
aMEM_10pct-L_3s 3,46,0.0663,205.0
aMEM_10pct-L_3s 3,47,0.0582,221.0
aMEM_10pct-L_3s 3,48,0.0523,237.0
aMEM_10pct-L_3s 3,49,0.0474,253.0
aMEM_10pct-L_3s 3,50,0.0381,285.0
aMEM_10pct-L_3s 3,51,0.0315,317.0
aMEM_10pct-L_3s 3,52,0.0273,349.0
aMEM_10pct-L_3s 3,53,0.0222,381.0
aMEM_10pct-L_3s 3,54,0.0185,413.0
aMEM_10pct-L_3s 3,55,0.015,445.0
aMEM_10pct-L_3s 3,56,0.0121,477.0
aMEM_10pct-L_3s 3,57,0.0105,509.0
aMEM_10pct-L_3s 3,58,0.00678,573.0
aMEM_10pct-L_3s 3,59,0.00579,637.0
aMEM_10pct-L_3s 3,60,0.00438,701.0
aMEM_10pct-L_3s 3,61,0.00272,765.0
aMEM_10pct-L_3s 3,62,0.00134,829.0
aMEM_10pct-L_3s 3,63,0.00153,893.0
aMEM_10pct-L_3s 3,64,0.000852,957.0
aMEM_10pct-L_3s 3,65,0.000738,1020.0
aMEM_10pct-L_3s 3,66,0.00076,1150.0
aMEM_10pct-L_3s 3,67,8.45e-05,1280.0
aMEM_10pct-L_3s 3,68,0.000644,1400.0
aMEM_10pct-L_3s 3,69,0.000862,1530.0
aMEM_10pct-L_3s 3,70,0.000606,1660.0
aMEM_10pct-L_3s 3,71,9.65e-05,1790.0
aMEM_10pct-L_3s 3,72,0.000344,1920.0
aMEM_10pct-L_3s 3,73,5.57e-05,2040.0
aMEM_10pct-L_3s 3,74,0.000105,2300.0
aMEM_10pct-L_3s 3,75,0.00019,2560.0
aMEM_10pct-L_3s 3,76,2.33e-05,2810.0
aMEM_10pct-L_3s 3,77,8.17e-05,3070.0
aMEM_10pct-L_3s 3,78,0.000104,3320.0
aMEM_10pct-L_3s 3,79,0.000232,3580.0
aMEM_10pct-L_3s 3,80,0.000554,3840.0
aMEM_10pct-L_3s 3,81,0.000591,4090.0
aMEM_10pct-L_3s 3,82,0.000267,4600.0
aMEM_10pct-L_3s 3,83,0.00066,5120.0
aMEM_10pct-L_3s 3,84,0.000537,5630.0
aMEM_10pct-L_3s 3,85,0.000205,6140.0
aMEM_10pct-L_3s 3,86,0.000175,6650.0
aMEM_10pct-L_3s 3,87,0.000361,7160.0
aMEM_10pct-L_3s 3,88,0.000534,7680.0
aMEM_10pct-L_3s 3,89,0.000594,8190.0
aMEM_10pct-L_3s 3,90,0.000777,9210.0
aMEM_10pct-L_3s 3,91,0.000291,10200.0
aMEM_10pct-L_3s 3,92,0.000781,11300.0
aMEM_10pct-L_3s 3,93,0.000554,12300.0
aMEM_10pct-L_3s 3,94,0.00031,13300.0
aMEM_10pct-L_3s 3,95,0.000393,14300.0
aMEM_10pct-L_3s 3,96,0.000566,15400.0
aMEM_10pct-L_3s 3,97,0.000682,16400.0
aMEM_10pct-L_3s 3,98,0.00039,18400.0
aMEM_10pct-L_3s 3,99,0.00035,20500.0
aMEM_10pct-L_3s 3,100,5.43e-05,22500.0
aMEM_10pct-L_3s 3,101,0.000602,24600.0
aMEM_10pct-L_3s 3,102,0.000477,26600.0
aMEM_10pct-L_3s 3,103,0.000303,28700.0
aMEM_10pct-L_3s 3,104,0.000545,30700.0
aMEM_10pct-L_3s 3,105,0.000124,32800.0
aMEM_10pct-L_3s 3,106,0.000309,36900.0
aMEM_10pct-L_3s 3,107,0.000111,41000.0
aMEM_10pct-L_3s 3,108,0.000173,45100.0
aMEM_10pct-L_3s 3,109,0.000245,49100.0
aMEM_10pct-L_3s 3,110,0.000141,53200.0
aMEM_10pct-L_3s 3,111,5.95e-05,57300.0
aMEM_10pct-L_3s 3,112,2.13e-05,61400.0
aMEM_10pct-L_3s 3,113,6.6e-05,65500.0
aMEM_10pct-L_3s 3,114,0.000257,73700.0
aMEM_10pct-L_3s 3,115,0.00045,81900.0
aMEM_10pct-L_3s 3,116,8.46e-05,90100.0
aMEM_10pct-L_3s 3,117,0.000347,98300.0
aMEM_10pct-L_3s 3,118,0.000285,106000.0
aMEM_10pct-L_3s 3,119,0.000252,115000.0
aMEM_10pct-L_3s 3,120,0.000244,123000.0
aMEM_10pct-L_3s 3,121,1.89e-05,131000.0
aMEM_10pct-L_3s 3,122,9.5e-05,147000.0
aMEM_10pct-L_3s 3,123,8.57e-05,164000.0
aMEM_10pct-L_3s 3,124,9.33e-05,180000.0
aMEM_10pct-L_3s 3,125,8.4e-05,197000.0
aMEM_10pct-L_3s 3,126,0.000158,213000.0
aMEM_10pct-L_3s 3,127,0.000195,229000.0
aMEM_10pct-L_3s 3,128,0.000262,246000.0
aMEM_10pct-L_3s 3,129,5.86e-05,262000.0
aMEM_10pct-L_3s 3,130,0.000301,295000.0
aMEM_10pct-L_3s 3,131,0.00038,328000.0
aMEM_10pct-L_3s 3,132,0.000174,360000.0
aMEM_10pct-L_3s 3,133,0.000125,393000.0
aMEM_10pct-L_3s 3,134,0.000167,426000.0
aMEM_10pct-L_3s 3,135,0.000237,459000.0
aMEM_10pct-L_3s 3,136,0.000252,492000.0
aMEM_10pct-L_3s 3,137,0.00029,524000.0
aMEM_10pct-L_3s 3,138,0.00015,590000.0
aMEM_10pct-L_3s 3,139,0.000149,655000.0
aMEM_10pct-L_3s 3,140,0.000147,721000.0
aMEM_10pct-L_3s 3,141,0.000265,786000.0
aMEM_10pct-L_3s 3,142,9.77e-05,852000.0
aMEM_10pct-L_3s 3,143,0.000213,918000.0
aMEM_10pct-L_3s 3,144,6.75e-05,983000.0
aMEM_10pct-L_3s 3,145,0.000142,1050000.0
aMEM_10pct-L_3s 3,146,2.93e-05,1180000.0
aMEM_10pct-L_3s 3,147,0.000356,1310000.0
aMEM_10pct-L_3s 3,148,0.000212,1440000.0
aMEM_10pct-L_3s 3,149,0.000217,1570000.0
aMEM_10pct-L_3s 3,150,0.000325,1700000.0
aMEM_10pct-L_3s 3,151,7.81e-05,1840000.0
aMEM_10pct-L_3s 3,152,0.000152,1970000.0
aMEM_10pct-L_3s 3,153,0.000535,2100000.0
aMEM_10pct-L_3s 3,154,0.000146,2360000.0
aMEM_10pct-L_3s 3,155,0.000668,2620000.0
aMEM_10pct-L_3s 3,156,0.000553,2880000.0
aMEM_10pct-L_3s 3,157,0.000359,3150000.0
aMEM_10pct-L_3s 3,158,0.000587,3410000.0
aMEM_10pct-L_3s 3,159,0.000431,3670000.0
aMEM_10pct-L_3s 3,160,0.000811,3930000.0
aMEM_10pct-L_3s 3,161,0.0,4190000.0
aMEM_10pct-L_3s 3,162,0.0,4720000.0
aMEM_10pct-L_3s 3,163,0.0,5240000.0
aMEM_10pct-L_3s 3,164,0.0,5770000.0
aMEM_10pct-L_3s 3,165,0.0,6290000.0
aMEM_10pct-L_3s 3,166,0.0,6820000.0
aMEM_10pct-L_3s 3,167,0.0,7340000.0
aMEM_10pct-L_3s 3,168,0.0,7860000.0
aMEM_10pct-L_3s 3,169,0.0,8390000.0
aMEM_10pct-L_3s 3,170,0.0,9440000.0
aMEM_10pct-L_3s 3,171,0.0,10500000.0
aMEM_10pct-L_3s 3,172,0.0,11500000.0
aMEM_10pct-L_3s 3,173,0.0,12600000.0
aMEM_10pct-L_3s 3,174,0.0,13600000.0
aMEM_10pct-L_3s 3,175,0.0,14700000.0
aMEM_10pct-L_3s 3,176,0.0,15700000.0
aMEM_10pct-L_3s 3,177,0.0,16800000.0
aMEM_10pct-L_3s 3,178,0.0,18900000.0
aMEM_10pct-L_3s 3,179,0.0,21000000.0
aMEM_10pct-L_3s 3,180,0.0,23100000.0
aMEM_10pct-L_3s 3,181,0.0,25200000.0
aMEM_10pct-L_3s 3,182,0.0,27300000.0
aMEM_10pct-L_3s 3,183,0.0,29400000.0
aMEM_10pct-L_3s 3,184,0.0,31500000.0
aMEM_10pct-L_3s 3,185,0.0,33600000.0
aMEM_10pct-L_3s 3,186,0.0,37700000.0
aMEM_10pct-L_3s 3,187,0.0,41900000.0
aMEM_10pct-L_3s 3,188,0.0,46100000.0
aMEM_10pct-L_3s 3,189,0.0,50300000.0
aMEM_10pct-L_3s 3,190,0.0,54500000.0
aMEM_10pct-L_3s 3,191,0.0,58700000.0
aMEM_10pct-L_3s 3,192,0.0,62900000.0
aMEM_10pct-L_3s-mean,1,0.839,0.5
aMEM_10pct-L_3s-mean,2,0.837,1.0
aMEM_10pct-L_3s-mean,3,0.824,1.5
aMEM_10pct-L_3s-mean,4,0.813,2.0
aMEM_10pct-L_3s-mean,5,0.798,2.5
aMEM_10pct-L_3s-mean,6,0.786,3.0
aMEM_10pct-L_3s-mean,7,0.773,3.5
aMEM_10pct-L_3s-mean,8,0.764,4.0
aMEM_10pct-L_3s-mean,9,0.75,4.5
aMEM_10pct-L_3s-mean,10,0.728,5.5
aMEM_10pct-L_3s-mean,11,0.708,6.5
aMEM_10pct-L_3s-mean,12,0.687,7.5
aMEM_10pct-L_3s-mean,13,0.669,8.5
aMEM_10pct-L_3s-mean,14,0.652,9.5
aMEM_10pct-L_3s-mean,15,0.634,10.5
aMEM_10pct-L_3s-mean,16,0.618,11.5
aMEM_10pct-L_3s-mean,17,0.603,12.5
aMEM_10pct-L_3s-mean,18,0.574,14.5
aMEM_10pct-L_3s-mean,19,0.547,16.5
aMEM_10pct-L_3s-mean,20,0.523,18.5
aMEM_10pct-L_3s-mean,21,0.501,20.5
aMEM_10pct-L_3s-mean,22,0.48,22.5
aMEM_10pct-L_3s-mean,23,0.463,24.5
aMEM_10pct-L_3s-mean,24,0.444,26.5
aMEM_10pct-L_3s-mean,25,0.427,28.5
aMEM_10pct-L_3s-mean,26,0.398,32.5
aMEM_10pct-L_3s-mean,27,0.371,36.5
aMEM_10pct-L_3s-mean,28,0.347,40.5
aMEM_10pct-L_3s-mean,29,0.328,44.5
aMEM_10pct-L_3s-mean,30,0.309,48.5
aMEM_10pct-L_3s-mean,31,0.293,52.5
aMEM_10pct-L_3s-mean,32,0.277,56.5
aMEM_10pct-L_3s-mean,33,0.263,60.5
aMEM_10pct-L_3s-mean,34,0.239,68.5
aMEM_10pct-L_3s-mean,35,0.217,76.5
aMEM_10pct-L_3s-mean,36,0.197,84.5
aMEM_10pct-L_3s-mean,37,0.181,92.5
aMEM_10pct-L_3s-mean,38,0.167,101.0
aMEM_10pct-L_3s-mean,39,0.154,109.0
aMEM_10pct-L_3s-mean,40,0.142,117.0
aMEM_10pct-L_3s-mean,41,0.132,125.0
aMEM_10pct-L_3s-mean,42,0.114,141.0
aMEM_10pct-L_3s-mean,43,0.0994,157.0
aMEM_10pct-L_3s-mean,44,0.0869,173.0
aMEM_10pct-L_3s-mean,45,0.0765,189.0
aMEM_10pct-L_3s-mean,46,0.068,205.0
aMEM_10pct-L_3s-mean,47,0.0607,221.0
aMEM_10pct-L_3s-mean,48,0.0546,237.0
aMEM_10pct-L_3s-mean,49,0.0493,253.0
aMEM_10pct-L_3s-mean,50,0.0395,285.0
aMEM_10pct-L_3s-mean,51,0.0321,317.0
aMEM_10pct-L_3s-mean,52,0.0263,349.0
aMEM_10pct-L_3s-mean,53,0.0218,381.0
aMEM_10pct-L_3s-mean,54,0.0183,413.0
aMEM_10pct-L_3s-mean,55,0.0156,445.0
aMEM_10pct-L_3s-mean,56,0.0132,477.0
aMEM_10pct-L_3s-mean,57,0.0114,509.0
aMEM_10pct-L_3s-mean,58,0.00872,573.0
aMEM_10pct-L_3s-mean,59,0.00583,637.0
aMEM_10pct-L_3s-mean,60,0.00332,701.0
aMEM_10pct-L_3s-mean,61,0.00171,765.0
aMEM_10pct-L_3s-mean,62,0.00147,829.0
aMEM_10pct-L_3s-mean,63,0.00183,893.0
aMEM_10pct-L_3s-mean,64,0.00203,957.0
aMEM_10pct-L_3s-mean,65,0.00146,1020.0
aMEM_10pct-L_3s-mean,66,0.00103,1150.0
aMEM_10pct-L_3s-mean,67,0.00104,1280.0
aMEM_10pct-L_3s-mean,68,0.00114,1400.0
aMEM_10pct-L_3s-mean,69,0.0009,1530.0
aMEM_10pct-L_3s-mean,70,0.00135,1660.0
aMEM_10pct-L_3s-mean,71,0.000281,1790.0
aMEM_10pct-L_3s-mean,72,0.00077,1920.0
aMEM_10pct-L_3s-mean,73,0.000798,2040.0
aMEM_10pct-L_3s-mean,74,0.000676,2300.0
aMEM_10pct-L_3s-mean,75,0.000965,2560.0
aMEM_10pct-L_3s-mean,76,0.00175,2810.0
aMEM_10pct-L_3s-mean,77,0.00148,3070.0
aMEM_10pct-L_3s-mean,78,0.000557,3320.0
aMEM_10pct-L_3s-mean,79,0.000638,3580.0
aMEM_10pct-L_3s-mean,80,0.00139,3840.0
aMEM_10pct-L_3s-mean,81,0.000812,4090.0
aMEM_10pct-L_3s-mean,82,0.000564,4600.0
aMEM_10pct-L_3s-mean,83,0.000771,5120.0
aMEM_10pct-L_3s-mean,84,0.000777,5630.0
aMEM_10pct-L_3s-mean,85,0.000294,6140.0
aMEM_10pct-L_3s-mean,86,0.0003,6650.0
aMEM_10pct-L_3s-mean,87,0.000926,7160.0
aMEM_10pct-L_3s-mean,88,0.000424,7680.0
aMEM_10pct-L_3s-mean,89,0.000402,8190.0
aMEM_10pct-L_3s-mean,90,0.000943,9210.0
aMEM_10pct-L_3s-mean,91,0.000624,10200.0
aMEM_10pct-L_3s-mean,92,0.000884,11300.0
aMEM_10pct-L_3s-mean,93,0.000333,12300.0
aMEM_10pct-L_3s-mean,94,0.000508,13300.0
aMEM_10pct-L_3s-mean,95,0.000445,14300.0
aMEM_10pct-L_3s-mean,96,0.000184,15400.0
aMEM_10pct-L_3s-mean,97,0.000187,16400.0
aMEM_10pct-L_3s-mean,98,0.00033,18400.0
aMEM_10pct-L_3s-mean,99,0.000115,20500.0
aMEM_10pct-L_3s-mean,100,0.000924,22500.0
aMEM_10pct-L_3s-mean,101,0.000269,24600.0
aMEM_10pct-L_3s-mean,102,0.000207,26600.0
aMEM_10pct-L_3s-mean,103,0.000259,28700.0
aMEM_10pct-L_3s-mean,104,0.000477,30700.0
aMEM_10pct-L_3s-mean,105,0.000411,32800.0
aMEM_10pct-L_3s-mean,106,0.000358,36900.0
aMEM_10pct-L_3s-mean,107,0.000396,41000.0
aMEM_10pct-L_3s-mean,108,0.000212,45100.0
aMEM_10pct-L_3s-mean,109,0.000178,49100.0
aMEM_10pct-L_3s-mean,110,0.000122,53200.0
aMEM_10pct-L_3s-mean,111,0.000341,57300.0
aMEM_10pct-L_3s-mean,112,0.000317,61400.0
aMEM_10pct-L_3s-mean,113,0.000431,65500.0
aMEM_10pct-L_3s-mean,114,0.000335,73700.0
aMEM_10pct-L_3s-mean,115,0.000133,81900.0
aMEM_10pct-L_3s-mean,116,0.000131,90100.0
aMEM_10pct-L_3s-mean,117,0.000253,98300.0
aMEM_10pct-L_3s-mean,118,0.000153,106000.0
aMEM_10pct-L_3s-mean,119,0.000153,115000.0
aMEM_10pct-L_3s-mean,120,0.000292,123000.0
aMEM_10pct-L_3s-mean,121,0.000144,131000.0
aMEM_10pct-L_3s-mean,122,3.08e-05,147000.0
aMEM_10pct-L_3s-mean,123,0.000132,164000.0
aMEM_10pct-L_3s-mean,124,8.44e-05,180000.0
aMEM_10pct-L_3s-mean,125,0.000242,197000.0
aMEM_10pct-L_3s-mean,126,0.000274,213000.0
aMEM_10pct-L_3s-mean,127,0.000148,229000.0
aMEM_10pct-L_3s-mean,128,7.96e-05,246000.0
aMEM_10pct-L_3s-mean,129,0.000324,262000.0
aMEM_10pct-L_3s-mean,130,0.000207,295000.0
aMEM_10pct-L_3s-mean,131,0.000149,328000.0
aMEM_10pct-L_3s-mean,132,0.000112,360000.0
aMEM_10pct-L_3s-mean,133,0.000353,393000.0
aMEM_10pct-L_3s-mean,134,0.000216,426000.0
aMEM_10pct-L_3s-mean,135,0.000175,459000.0
aMEM_10pct-L_3s-mean,136,0.000169,492000.0
aMEM_10pct-L_3s-mean,137,0.000304,524000.0
aMEM_10pct-L_3s-mean,138,0.000273,590000.0
aMEM_10pct-L_3s-mean,139,0.00014,655000.0
aMEM_10pct-L_3s-mean,140,0.000168,721000.0
aMEM_10pct-L_3s-mean,141,0.000222,786000.0
aMEM_10pct-L_3s-mean,142,0.000177,852000.0
aMEM_10pct-L_3s-mean,143,0.000156,918000.0
aMEM_10pct-L_3s-mean,144,7.86e-05,983000.0
aMEM_10pct-L_3s-mean,145,0.000126,1050000.0
aMEM_10pct-L_3s-mean,146,0.00032,1180000.0
aMEM_10pct-L_3s-mean,147,0.00049,1310000.0
aMEM_10pct-L_3s-mean,148,0.000432,1440000.0
aMEM_10pct-L_3s-mean,149,0.000208,1570000.0
aMEM_10pct-L_3s-mean,150,0.000202,1700000.0
aMEM_10pct-L_3s-mean,151,0.000349,1840000.0
aMEM_10pct-L_3s-mean,152,0.000305,1970000.0
aMEM_10pct-L_3s-mean,153,0.000846,2100000.0
aMEM_10pct-L_3s-mean,154,0.000766,2360000.0
aMEM_10pct-L_3s-mean,155,0.000271,2620000.0
aMEM_10pct-L_3s-mean,156,0.000347,2880000.0
aMEM_10pct-L_3s-mean,157,0.000263,3150000.0
aMEM_10pct-L_3s-mean,158,0.000454,3410000.0
aMEM_10pct-L_3s-mean,159,0.0004,3670000.0
aMEM_10pct-L_3s-mean,160,0.00042,3930000.0
aMEM_10pct-L_3s-mean,161,0.0,4190000.0
aMEM_10pct-L_3s-mean,162,0.0,4720000.0
aMEM_10pct-L_3s-mean,163,0.0,5240000.0
aMEM_10pct-L_3s-mean,164,0.0,5770000.0
aMEM_10pct-L_3s-mean,165,0.0,6290000.0
aMEM_10pct-L_3s-mean,166,0.0,6820000.0
aMEM_10pct-L_3s-mean,167,0.0,7340000.0
aMEM_10pct-L_3s-mean,168,0.0,7860000.0
aMEM_10pct-L_3s-mean,169,0.0,8390000.0
aMEM_10pct-L_3s-mean,170,0.0,9440000.0
aMEM_10pct-L_3s-mean,171,0.0,10500000.0
aMEM_10pct-L_3s-mean,172,0.0,11500000.0
aMEM_10pct-L_3s-mean,173,0.0,12600000.0
aMEM_10pct-L_3s-mean,174,0.0,13600000.0
aMEM_10pct-L_3s-mean,175,0.0,14700000.0
aMEM_10pct-L_3s-mean,176,0.0,15700000.0
aMEM_10pct-L_3s-mean,177,0.0,16800000.0
aMEM_10pct-L_3s-mean,178,0.0,18900000.0
aMEM_10pct-L_3s-mean,179,0.0,21000000.0
aMEM_10pct-L_3s-mean,180,0.0,23100000.0
aMEM_10pct-L_3s-mean,181,0.0,25200000.0
aMEM_10pct-L_3s-mean,182,0.0,27300000.0
aMEM_10pct-L_3s-mean,183,0.0,29400000.0
aMEM_10pct-L_3s-mean,184,0.0,31500000.0
aMEM_10pct-L_3s-mean,185,0.0,33600000.0
aMEM_10pct-L_3s-mean,186,0.0,37700000.0
aMEM_10pct-L_3s-mean,187,0.0,41900000.0
aMEM_10pct-L_3s-mean,188,0.0,46100000.0
aMEM_10pct-L_3s-mean,189,0.0,50300000.0
aMEM_10pct-L_3s-mean,190,0.0,54500000.0
aMEM_10pct-L_3s-mean,191,0.0,58700000.0
aMEM_10pct-L_3s-mean,192,0.0,62900000.0
