Measurement_Date_and_Time,Type,Sample_Name,Correlation_Data_1,Correlation_Data_2,Correlation_Data_3,Correlation_Data_4,Correlation_Data_5,Correlation_Data_6,Correlation_Data_7,Correlation_Data_8,Correlation_Data_9,Correlation_Data_10,Correlation_Data_11,Correlation_Data_12,Correlation_Data_13,Correlation_Data_14,Correlation_Data_15,Correlation_Data_16,Correlation_Data_17,Correlation_Data_18,Correlation_Data_19,Correlation_Data_20,Correlation_Data_21,Correlation_Data_22,Correlation_Data_23,Correlation_Data_24,Correlation_Data_25,Correlation_Data_26,Correlation_Data_27,Correlation_Data_28,Correlation_Data_29,Correlation_Data_30,Correlation_Data_31,Correlation_Data_32,Correlation_Data_33,Correlation_Data_34,Correlation_Data_35,Correlation_Data_36,Correlation_Data_37,Correlation_Data_38,Correlation_Data_39,Correlation_Data_40,Correlation_Data_41,Correlation_Data_42,Correlation_Data_43,Correlation_Data_44,Correlation_Data_45,Correlation_Data_46,Correlation_Data_47,Correlation_Data_48,Correlation_Data_49,Correlation_Data_50,Correlation_Data_51,Correlation_Data_52,Correlation_Data_53,Correlation_Data_54,Correlation_Data_55,Correlation_Data_56,Correlation_Data_57,Correlation_Data_58,Correlation_Data_59,Correlation_Data_60,Correlation_Data_61,Correlation_Data_62,Correlation_Data_63,Correlation_Data_64,Correlation_Data_65,Correlation_Data_66,Correlation_Data_67,Correlation_Data_68,Correlation_Data_69,Correlation_Data_70,Correlation_Data_71,Correlation_Data_72,Correlation_Data_73,Correlation_Data_74,Correlation_Data_75,Correlation_Data_76,Correlation_Data_77,Correlation_Data_78,Correlation_Data_79,Correlation_Data_80,Correlation_Data_81,Correlation_Data_82,Correlation_Data_83,Correlation_Data_84,Correlation_Data_85,Correlation_Data_86,Correlation_Data_87,Correlation_Data_88,Correlation_Data_89,Correlation_Data_90,Correlation_Data_91,Correlation_Data_92,Correlation_Data_93,Correlation_Data_94,Correlation_Data_95,Correlation_Data_96,Correlation_Data_97,Correlation_Data_98,Correlation_Data_99,Correlation_Data_100,Correlation_Data_101,Correlation_Data_102,Correlation_Data_103,Correlation_Data_104,Correlation_Data_105,Correlation_Data_106,Correlation_Data_107,Correlation_Data_108,Correlation_Data_109,Correlation_Data_110,Correlation_Data_111,Correlation_Data_112,Correlation_Data_113,Correlation_Data_114,Correlation_Data_115,Correlation_Data_116,Correlation_Data_117,Correlation_Data_118,Correlation_Data_119,Correlation_Data_120,Correlation_Data_121,Correlation_Data_122,Correlation_Data_123,Correlation_Data_124,Correlation_Data_125,Correlation_Data_126,Correlation_Data_127,Correlation_Data_128,Correlation_Data_129,Correlation_Data_130,Correlation_Data_131,Correlation_Data_132,Correlation_Data_133,Correlation_Data_134,Correlation_Data_135,Correlation_Data_136,Correlation_Data_137,Correlation_Data_138,Correlation_Data_139,Correlation_Data_140,Correlation_Data_141,Correlation_Data_142,Correlation_Data_143,Correlation_Data_144,Correlation_Data_145,Correlation_Data_146,Correlation_Data_147,Correlation_Data_148,Correlation_Data_149,Correlation_Data_150,Correlation_Data_151,Correlation_Data_152,Correlation_Data_153,Correlation_Data_154,Correlation_Data_155,Correlation_Data_156,Correlation_Data_157,Correlation_Data_158,Correlation_Data_159,Correlation_Data_160,Correlation_Data_161,Correlation_Data_162,Correlation_Data_163,Correlation_Data_164,Correlation_Data_165,Correlation_Data_166,Correlation_Data_167,Correlation_Data_168,Correlation_Data_169,Correlation_Data_170,Correlation_Data_171,Correlation_Data_172,Correlation_Data_173,Correlation_Data_174,Correlation_Data_175,Correlation_Data_176,Correlation_Data_177,Correlation_Data_178,Correlation_Data_179,Correlation_Data_180,Correlation_Data_181,Correlation_Data_182,Correlation_Data_183,Correlation_Data_184,Correlation_Data_185,Correlation_Data_186,Correlation_Data_187,Correlation_Data_188,Correlation_Data_189,Correlation_Data_190,Correlation_Data_191,Correlation_Data_192,Correlation_Delay_Times_1_s,Correlation_Delay_Times_2_s,Correlation_Delay_Times_3_s,Correlation_Delay_Times_4_s,Correlation_Delay_Times_5_s,Correlation_Delay_Times_6_s,Correlation_Delay_Times_7_s,Correlation_Delay_Times_8_s,Correlation_Delay_Times_9_s,Correlation_Delay_Times_10_s,Correlation_Delay_Times_11_s,Correlation_Delay_Times_12_s,Correlation_Delay_Times_13_s,Correlation_Delay_Times_14_s,Correlation_Delay_Times_15_s,Correlation_Delay_Times_16_s,Correlation_Delay_Times_17_s,Correlation_Delay_Times_18_s,Correlation_Delay_Times_19_s,Correlation_Delay_Times_20_s,Correlation_Delay_Times_21_s,Correlation_Delay_Times_22_s,Correlation_Delay_Times_23_s,Correlation_Delay_Times_24_s,Correlation_Delay_Times_25_s,Correlation_Delay_Times_26_s,Correlation_Delay_Times_27_s,Correlation_Delay_Times_28_s,Correlation_Delay_Times_29_s,Correlation_Delay_Times_30_s,Correlation_Delay_Times_31_s,Correlation_Delay_Times_32_s,Correlation_Delay_Times_33_s,Correlation_Delay_Times_34_s,Correlation_Delay_Times_35_s,Correlation_Delay_Times_36_s,Correlation_Delay_Times_37_s,Correlation_Delay_Times_38_s,Correlation_Delay_Times_39_s,Correlation_Delay_Times_40_s,Correlation_Delay_Times_41_s,Correlation_Delay_Times_42_s,Correlation_Delay_Times_43_s,Correlation_Delay_Times_44_s,Correlation_Delay_Times_45_s,Correlation_Delay_Times_46_s,Correlation_Delay_Times_47_s,Correlation_Delay_Times_48_s,Correlation_Delay_Times_49_s,Correlation_Delay_Times_50_s,Correlation_Delay_Times_51_s,Correlation_Delay_Times_52_s,Correlation_Delay_Times_53_s,Correlation_Delay_Times_54_s,Correlation_Delay_Times_55_s,Correlation_Delay_Times_56_s,Correlation_Delay_Times_57_s,Correlation_Delay_Times_58_s,Correlation_Delay_Times_59_s,Correlation_Delay_Times_60_s,Correlation_Delay_Times_61_s,Correlation_Delay_Times_62_s,Correlation_Delay_Times_63_s,Correlation_Delay_Times_64_s,Correlation_Delay_Times_65_s,Correlation_Delay_Times_66_s,Correlation_Delay_Times_67_s,Correlation_Delay_Times_68_s,Correlation_Delay_Times_69_s,Correlation_Delay_Times_70_s,Correlation_Delay_Times_71_s,Correlation_Delay_Times_72_s,Correlation_Delay_Times_73_s,Correlation_Delay_Times_74_s,Correlation_Delay_Times_75_s,Correlation_Delay_Times_76_s,Correlation_Delay_Times_77_s,Correlation_Delay_Times_78_s,Correlation_Delay_Times_79_s,Correlation_Delay_Times_80_s,Correlation_Delay_Times_81_s,Correlation_Delay_Times_82_s,Correlation_Delay_Times_83_s,Correlation_Delay_Times_84_s,Correlation_Delay_Times_85_s,Correlation_Delay_Times_86_s,Correlation_Delay_Times_87_s,Correlation_Delay_Times_88_s,Correlation_Delay_Times_89_s,Correlation_Delay_Times_90_s,Correlation_Delay_Times_91_s,Correlation_Delay_Times_92_s,Correlation_Delay_Times_93_s,Correlation_Delay_Times_94_s,Correlation_Delay_Times_95_s,Correlation_Delay_Times_96_s,Correlation_Delay_Times_97_s,Correlation_Delay_Times_98_s,Correlation_Delay_Times_99_s,Correlation_Delay_Times_100_s,Correlation_Delay_Times_101_s,Correlation_Delay_Times_102_s,Correlation_Delay_Times_103_s,Correlation_Delay_Times_104_s,Correlation_Delay_Times_105_s,Correlation_Delay_Times_106_s,Correlation_Delay_Times_107_s,Correlation_Delay_Times_108_s,Correlation_Delay_Times_109_s,Correlation_Delay_Times_110_s,Correlation_Delay_Times_111_s,Correlation_Delay_Times_112_s,Correlation_Delay_Times_113_s,Correlation_Delay_Times_114_s,Correlation_Delay_Times_115_s,Correlation_Delay_Times_116_s,Correlation_Delay_Times_117_s,Correlation_Delay_Times_118_s,Correlation_Delay_Times_119_s,Correlation_Delay_Times_120_s,Correlation_Delay_Times_121_s,Correlation_Delay_Times_122_s,Correlation_Delay_Times_123_s,Correlation_Delay_Times_124_s,Correlation_Delay_Times_125_s,Correlation_Delay_Times_126_s,Correlation_Delay_Times_127_s,Correlation_Delay_Times_128_s,Correlation_Delay_Times_129_s,Correlation_Delay_Times_130_s,Correlation_Delay_Times_131_s,Correlation_Delay_Times_132_s,Correlation_Delay_Times_133_s,Correlation_Delay_Times_134_s,Correlation_Delay_Times_135_s,Correlation_Delay_Times_136_s,Correlation_Delay_Times_137_s,Correlation_Delay_Times_138_s,Correlation_Delay_Times_139_s,Correlation_Delay_Times_140_s,Correlation_Delay_Times_141_s,Correlation_Delay_Times_142_s,Correlation_Delay_Times_143_s,Correlation_Delay_Times_144_s,Correlation_Delay_Times_145_s,Correlation_Delay_Times_146_s,Correlation_Delay_Times_147_s,Correlation_Delay_Times_148_s,Correlation_Delay_Times_149_s,Correlation_Delay_Times_150_s,Correlation_Delay_Times_151_s,Correlation_Delay_Times_152_s,Correlation_Delay_Times_153_s,Correlation_Delay_Times_154_s,Correlation_Delay_Times_155_s,Correlation_Delay_Times_156_s,Correlation_Delay_Times_157_s,Correlation_Delay_Times_158_s,Correlation_Delay_Times_159_s,Correlation_Delay_Times_160_s,Correlation_Delay_Times_161_s,Correlation_Delay_Times_162_s,Correlation_Delay_Times_163_s,Correlation_Delay_Times_164_s,Correlation_Delay_Times_165_s,Correlation_Delay_Times_166_s,Correlation_Delay_Times_167_s,Correlation_Delay_Times_168_s,Correlation_Delay_Times_169_s,Correlation_Delay_Times_170_s,Correlation_Delay_Times_171_s,Correlation_Delay_Times_172_s,Correlation_Delay_Times_173_s,Correlation_Delay_Times_174_s,Correlation_Delay_Times_175_s,Correlation_Delay_Times_176_s,Correlation_Delay_Times_177_s,Correlation_Delay_Times_178_s,Correlation_Delay_Times_179_s,Correlation_Delay_Times_180_s,Correlation_Delay_Times_181_s,Correlation_Delay_Times_182_s,Correlation_Delay_Times_183_s,Correlation_Delay_Times_184_s,Correlation_Delay_Times_185_s,Correlation_Delay_Times_186_s,Correlation_Delay_Times_187_s,Correlation_Delay_Times_188_s,Correlation_Delay_Times_189_s,Correlation_Delay_Times_190_s,Correlation_Delay_Times_191_s,Correlation_Delay_Times_192_s
"sexta-feira, 17 de abril de 2026 14:44:45",Size,k_1s-100ug_mL 1,0.0897,0.0946,0.0952,0.0967,0.0949,0.0957,0.0942,0.0951,0.0949,0.0943,0.0945,0.0935,0.094,0.0946,0.0942,0.094,0.0935,0.0928,0.0933,0.0931,0.0927,0.0924,0.0922,0.0918,0.0915,0.0909,0.0906,0.0902,0.0898,0.0891,0.0893,0.0886,0.0887,0.0878,0.0871,0.087,0.0863,0.0858,0.0852,0.0847,0.0842,0.0833,0.0827,0.0816,0.0808,0.08,0.0791,0.0784,0.0778,0.0766,0.0753,0.0741,0.0729,0.0718,0.0708,0.0697,0.0687,0.0669,0.0651,0.0634,0.0619,0.0603,0.0587,0.0574,0.0561,0.0536,0.0512,0.049,0.047,0.045,0.0433,0.0416,0.0402,0.0374,0.0349,0.0326,0.0304,0.0285,0.0267,0.025,0.0235,0.0209,0.0187,0.0168,0.0152,0.0139,0.0127,0.0118,0.0113,0.0101,0.00831,0.0068,0.00589,0.00538,0.00495,0.00471,0.00401,0.00303,0.00175,0.00124,0.00144,0.00197,0.00293,0.00373,0.00381,0.00351,0.00255,0.00389,0.00372,0.00286,0.0015,0.00172,0.0029,0.00339,0.00503,0.00324,0.00483,0.00461,0.00539,0.00541,0.00434,0.00131,0.00404,0.00212,0.00259,0.00254,0.00352,0.00259,0.00177,0.002,0.0018,0.000844,0.000363,0.000345,0.000168,0.000467,0.000271,0.000239,0.000412,0.000269,0.000238,0.00041,0.00052,0.000121,0.000729,0.000355,0.000574,0.000426,0.000325,0.000468,0.000966,0.000946,0.000765,0.000131,0.000271,0.000648,0.000472,0.000351,0.000933,0.000719,0.0,0.0,0.0,0.0,0.0,0.0,0.0,0.0,0.0,0.0,0.0,0.0,0.0,0.0,0.0,0.0,0.0,0.0,0.0,0.0,0.0,0.0,0.0,0.0,0.0,0.0,0.0,0.0,0.0,0.0,0.0,0.0,0.5,1.0,1.5,2.0,2.5,3.0,3.5,4.0,4.5,5.5,6.5,7.5,8.5,9.5,10.5,11.5,12.5,14.5,16.5,18.5,20.5,22.5,24.5,26.5,28.5,32.5,36.5,40.5,44.5,48.5,52.5,56.5,60.5,68.5,76.5,84.5,92.5,101.0,109.0,117.0,125.0,141.0,157.0,173.0,189.0,205.0,221.0,237.0,253.0,285.0,317.0,349.0,381.0,413.0,445.0,477.0,509.0,573.0,637.0,701.0,765.0,829.0,893.0,957.0,1020.0,1150.0,1280.0,1400.0,1530.0,1660.0,1790.0,1920.0,2040.0,2300.0,2560.0,2810.0,3070.0,3320.0,3580.0,3840.0,4090.0,4600.0,5120.0,5630.0,6140.0,6650.0,7160.0,7680.0,8190.0,9210.0,10200.0,11300.0,12300.0,13300.0,14300.0,15400.0,16400.0,18400.0,20500.0,22500.0,24600.0,26600.0,28700.0,30700.0,32800.0,36900.0,41000.0,45100.0,49100.0,53200.0,57300.0,61400.0,65500.0,73700.0,81900.0,90100.0,98300.0,106000.0,115000.0,123000.0,131000.0,147000.0,164000.0,180000.0,197000.0,213000.0,229000.0,246000.0,262000.0,295000.0,328000.0,360000.0,393000.0,426000.0,459000.0,492000.0,524000.0,590000.0,655000.0,721000.0,786000.0,852000.0,918000.0,983000.0,1050000.0,1180000.0,1310000.0,1440000.0,1570000.0,1700000.0,1840000.0,1970000.0,2100000.0,2360000.0,2620000.0,2880000.0,3150000.0,3410000.0,3670000.0,3930000.0,4190000.0,4720000.0,5240000.0,5770000.0,6290000.0,6820000.0,7340000.0,7860000.0,8390000.0,9440000.0,10500000.0,11500000.0,12600000.0,13600000.0,14700000.0,15700000.0,16800000.0,18900000.0,21000000.0,23100000.0,25200000.0,27300000.0,29400000.0,31500000.0,33600000.0,37700000.0,41900000.0,46100000.0,50300000.0,54500000.0,58700000.0,62900000.0
"sexta-feira, 17 de abril de 2026 14:46:49",Size,k_1s-100ug_mL 2,0.0821,0.0882,0.0879,0.0882,0.0872,0.0872,0.0879,0.0873,0.0872,0.0876,0.0871,0.0863,0.0865,0.0866,0.0858,0.0866,0.0857,0.0854,0.0851,0.0855,0.0851,0.0852,0.085,0.0842,0.0838,0.0837,0.0833,0.0832,0.0826,0.0827,0.0825,0.0818,0.0813,0.0807,0.0801,0.0796,0.0793,0.0786,0.0783,0.0778,0.0775,0.0766,0.0758,0.0751,0.0743,0.0736,0.0728,0.0723,0.0718,0.0703,0.0692,0.0681,0.067,0.0661,0.065,0.0641,0.0632,0.0616,0.06,0.0584,0.0568,0.0555,0.0539,0.0529,0.0516,0.0493,0.0471,0.045,0.0432,0.0416,0.04,0.0385,0.037,0.0343,0.0317,0.0296,0.0277,0.0259,0.0245,0.023,0.0217,0.0196,0.0178,0.016,0.0145,0.0131,0.0119,0.0111,0.0105,0.00957,0.00922,0.0086,0.00812,0.00784,0.00762,0.00772,0.00788,0.00804,0.00815,0.0076,0.00722,0.00671,0.00629,0.0066,0.00679,0.00674,0.00641,0.00589,0.00539,0.00538,0.00587,0.00556,0.0064,0.0069,0.00688,0.00642,0.00653,0.00593,0.0061,0.00577,0.00633,0.00553,0.00537,0.00547,0.00526,0.00394,0.0031,0.00289,0.0033,0.0029,0.00378,0.00245,0.00202,0.00165,0.00166,0.00126,0.000583,0.000336,0.000172,4.14e-05,3.02e-05,0.0,0.0,1.94e-05,0.000412,0.000524,0.000419,0.000417,0.000377,0.000165,0.000147,0.000489,0.000678,0.00019,0.000182,0.000343,0.000445,0.000783,8.3e-05,0.000347,0.0,0.0,0.0,0.0,0.0,0.0,0.0,0.0,0.0,0.0,0.0,0.0,0.0,0.0,0.0,0.0,0.0,0.0,0.0,0.0,0.0,0.0,0.0,0.0,0.0,0.0,0.0,0.0,0.0,0.0,0.0,0.0,0.5,1.0,1.5,2.0,2.5,3.0,3.5,4.0,4.5,5.5,6.5,7.5,8.5,9.5,10.5,11.5,12.5,14.5,16.5,18.5,20.5,22.5,24.5,26.5,28.5,32.5,36.5,40.5,44.5,48.5,52.5,56.5,60.5,68.5,76.5,84.5,92.5,101.0,109.0,117.0,125.0,141.0,157.0,173.0,189.0,205.0,221.0,237.0,253.0,285.0,317.0,349.0,381.0,413.0,445.0,477.0,509.0,573.0,637.0,701.0,765.0,829.0,893.0,957.0,1020.0,1150.0,1280.0,1400.0,1530.0,1660.0,1790.0,1920.0,2040.0,2300.0,2560.0,2810.0,3070.0,3320.0,3580.0,3840.0,4090.0,4600.0,5120.0,5630.0,6140.0,6650.0,7160.0,7680.0,8190.0,9210.0,10200.0,11300.0,12300.0,13300.0,14300.0,15400.0,16400.0,18400.0,20500.0,22500.0,24600.0,26600.0,28700.0,30700.0,32800.0,36900.0,41000.0,45100.0,49100.0,53200.0,57300.0,61400.0,65500.0,73700.0,81900.0,90100.0,98300.0,106000.0,115000.0,123000.0,131000.0,147000.0,164000.0,180000.0,197000.0,213000.0,229000.0,246000.0,262000.0,295000.0,328000.0,360000.0,393000.0,426000.0,459000.0,492000.0,524000.0,590000.0,655000.0,721000.0,786000.0,852000.0,918000.0,983000.0,1050000.0,1180000.0,1310000.0,1440000.0,1570000.0,1700000.0,1840000.0,1970000.0,2100000.0,2360000.0,2620000.0,2880000.0,3150000.0,3410000.0,3670000.0,3930000.0,4190000.0,4720000.0,5240000.0,5770000.0,6290000.0,6820000.0,7340000.0,7860000.0,8390000.0,9440000.0,10500000.0,11500000.0,12600000.0,13600000.0,14700000.0,15700000.0,16800000.0,18900000.0,21000000.0,23100000.0,25200000.0,27300000.0,29400000.0,31500000.0,33600000.0,37700000.0,41900000.0,46100000.0,50300000.0,54500000.0,58700000.0,62900000.0
"sexta-feira, 17 de abril de 2026 14:48:52",Size,k_1s-100ug_mL 3,0.0716,0.0788,0.079,0.0773,0.0771,0.0777,0.0768,0.0773,0.0777,0.0768,0.0764,0.0759,0.0758,0.0752,0.0763,0.0767,0.0757,0.0756,0.0753,0.075,0.0748,0.0742,0.0741,0.0741,0.0741,0.0739,0.0727,0.0724,0.0721,0.0721,0.0714,0.0712,0.0708,0.0702,0.0693,0.0689,0.0685,0.0678,0.0671,0.0667,0.0661,0.0655,0.0645,0.0638,0.0628,0.062,0.0613,0.0607,0.06,0.0585,0.0572,0.0562,0.055,0.0538,0.0529,0.0518,0.0509,0.0491,0.0474,0.0457,0.0442,0.0427,0.0413,0.04,0.0388,0.0365,0.0343,0.0322,0.0304,0.0288,0.0273,0.0258,0.0245,0.022,0.0199,0.0183,0.0167,0.0153,0.0141,0.013,0.0121,0.0101,0.00856,0.00739,0.0064,0.00569,0.00504,0.00464,0.00408,0.00336,0.00315,0.00264,0.00233,0.0022,0.00206,0.00212,0.00201,0.00216,0.00244,0.00223,0.00245,0.00238,0.0021,0.00214,0.0019,0.00208,0.0018,0.00177,0.00184,0.00227,0.00258,0.00195,0.00156,0.0016,0.00203,0.00204,0.00231,0.00233,0.00173,0.00148,0.00167,0.00204,0.00117,0.00138,0.00128,0.00147,0.00159,0.00134,0.00137,0.00137,0.0015,0.00181,0.00154,0.00115,0.00181,0.00166,0.000998,0.000828,0.000938,0.000608,0.000386,0.000577,0.000478,0.000464,0.000342,0.000224,7.67e-05,0.000347,0.000241,0.000411,0.000677,0.000727,0.000548,0.000724,0.000742,0.00079,0.000631,0.000783,0.000478,0.000497,0.0,0.0,0.0,0.0,0.0,0.0,0.0,0.0,0.0,0.0,0.0,0.0,0.0,0.0,0.0,0.0,0.0,0.0,0.0,0.0,0.0,0.0,0.0,0.0,0.0,0.0,0.0,0.0,0.0,0.0,0.0,0.0,0.5,1.0,1.5,2.0,2.5,3.0,3.5,4.0,4.5,5.5,6.5,7.5,8.5,9.5,10.5,11.5,12.5,14.5,16.5,18.5,20.5,22.5,24.5,26.5,28.5,32.5,36.5,40.5,44.5,48.5,52.5,56.5,60.5,68.5,76.5,84.5,92.5,101.0,109.0,117.0,125.0,141.0,157.0,173.0,189.0,205.0,221.0,237.0,253.0,285.0,317.0,349.0,381.0,413.0,445.0,477.0,509.0,573.0,637.0,701.0,765.0,829.0,893.0,957.0,1020.0,1150.0,1280.0,1400.0,1530.0,1660.0,1790.0,1920.0,2040.0,2300.0,2560.0,2810.0,3070.0,3320.0,3580.0,3840.0,4090.0,4600.0,5120.0,5630.0,6140.0,6650.0,7160.0,7680.0,8190.0,9210.0,10200.0,11300.0,12300.0,13300.0,14300.0,15400.0,16400.0,18400.0,20500.0,22500.0,24600.0,26600.0,28700.0,30700.0,32800.0,36900.0,41000.0,45100.0,49100.0,53200.0,57300.0,61400.0,65500.0,73700.0,81900.0,90100.0,98300.0,106000.0,115000.0,123000.0,131000.0,147000.0,164000.0,180000.0,197000.0,213000.0,229000.0,246000.0,262000.0,295000.0,328000.0,360000.0,393000.0,426000.0,459000.0,492000.0,524000.0,590000.0,655000.0,721000.0,786000.0,852000.0,918000.0,983000.0,1050000.0,1180000.0,1310000.0,1440000.0,1570000.0,1700000.0,1840000.0,1970000.0,2100000.0,2360000.0,2620000.0,2880000.0,3150000.0,3410000.0,3670000.0,3930000.0,4190000.0,4720000.0,5240000.0,5770000.0,6290000.0,6820000.0,7340000.0,7860000.0,8390000.0,9440000.0,10500000.0,11500000.0,12600000.0,13600000.0,14700000.0,15700000.0,16800000.0,18900000.0,21000000.0,23100000.0,25200000.0,27300000.0,29400000.0,31500000.0,33600000.0,37700000.0,41900000.0,46100000.0,50300000.0,54500000.0,58700000.0,62900000.0
"sexta-feira, 17 de abril de 2026 14:49:26",Size,k_1s-100ug_mL-mean,0.0897,0.0946,0.0952,0.0967,0.0949,0.0957,0.0942,0.0951,0.0949,0.0943,0.0945,0.0935,0.094,0.0946,0.0942,0.094,0.0935,0.0928,0.0933,0.0931,0.0927,0.0924,0.0922,0.0918,0.0915,0.0909,0.0906,0.0902,0.0898,0.0891,0.0893,0.0886,0.0887,0.0878,0.0871,0.087,0.0863,0.0858,0.0852,0.0847,0.0842,0.0833,0.0827,0.0816,0.0808,0.08,0.0791,0.0784,0.0778,0.0766,0.0753,0.0741,0.0729,0.0718,0.0708,0.0697,0.0687,0.0669,0.0651,0.0634,0.0619,0.0603,0.0587,0.0574,0.0561,0.0536,0.0512,0.049,0.047,0.045,0.0433,0.0416,0.0402,0.0374,0.0349,0.0326,0.0304,0.0285,0.0267,0.025,0.0235,0.0209,0.0187,0.0168,0.0152,0.0139,0.0127,0.0118,0.0113,0.0101,0.00831,0.0068,0.00589,0.00538,0.00495,0.00471,0.00401,0.00303,0.00175,0.00124,0.00144,0.00197,0.00293,0.00373,0.00381,0.00351,0.00255,0.00389,0.00372,0.00286,0.0015,0.00172,0.0029,0.00339,0.00503,0.00324,0.00483,0.00461,0.00539,0.00541,0.00434,0.00131,0.00404,0.00212,0.00259,0.00254,0.00352,0.00259,0.00177,0.002,0.0018,0.000844,0.000363,0.000345,0.000168,0.000467,0.000271,0.000239,0.000412,0.000269,0.000238,0.00041,0.00052,0.000121,0.000729,0.000355,0.000574,0.000426,0.000325,0.000468,0.000966,0.000946,0.000765,0.000131,0.000271,0.000648,0.000472,0.000351,0.000933,0.000719,0.0,0.0,0.0,0.0,0.0,0.0,0.0,0.0,0.0,0.0,0.0,0.0,0.0,0.0,0.0,0.0,0.0,0.0,0.0,0.0,0.0,0.0,0.0,0.0,0.0,0.0,0.0,0.0,0.0,0.0,0.0,0.0,0.5,1.0,1.5,2.0,2.5,3.0,3.5,4.0,4.5,5.5,6.5,7.5,8.5,9.5,10.5,11.5,12.5,14.5,16.5,18.5,20.5,22.5,24.5,26.5,28.5,32.5,36.5,40.5,44.5,48.5,52.5,56.5,60.5,68.5,76.5,84.5,92.5,101.0,109.0,117.0,125.0,141.0,157.0,173.0,189.0,205.0,221.0,237.0,253.0,285.0,317.0,349.0,381.0,413.0,445.0,477.0,509.0,573.0,637.0,701.0,765.0,829.0,893.0,957.0,1020.0,1150.0,1280.0,1400.0,1530.0,1660.0,1790.0,1920.0,2040.0,2300.0,2560.0,2810.0,3070.0,3320.0,3580.0,3840.0,4090.0,4600.0,5120.0,5630.0,6140.0,6650.0,7160.0,7680.0,8190.0,9210.0,10200.0,11300.0,12300.0,13300.0,14300.0,15400.0,16400.0,18400.0,20500.0,22500.0,24600.0,26600.0,28700.0,30700.0,32800.0,36900.0,41000.0,45100.0,49100.0,53200.0,57300.0,61400.0,65500.0,73700.0,81900.0,90100.0,98300.0,106000.0,115000.0,123000.0,131000.0,147000.0,164000.0,180000.0,197000.0,213000.0,229000.0,246000.0,262000.0,295000.0,328000.0,360000.0,393000.0,426000.0,459000.0,492000.0,524000.0,590000.0,655000.0,721000.0,786000.0,852000.0,918000.0,983000.0,1050000.0,1180000.0,1310000.0,1440000.0,1570000.0,1700000.0,1840000.0,1970000.0,2100000.0,2360000.0,2620000.0,2880000.0,3150000.0,3410000.0,3670000.0,3930000.0,4190000.0,4720000.0,5240000.0,5770000.0,6290000.0,6820000.0,7340000.0,7860000.0,8390000.0,9440000.0,10500000.0,11500000.0,12600000.0,13600000.0,14700000.0,15700000.0,16800000.0,18900000.0,21000000.0,23100000.0,25200000.0,27300000.0,29400000.0,31500000.0,33600000.0,37700000.0,41900000.0,46100000.0,50300000.0,54500000.0,58700000.0,62900000.0
"sexta-feira, 17 de abril de 2026 15:12:16",Size,milli_q-water 1,0.0761,0.0792,0.0924,0.0203,0.081,0.067,0.0689,0.075,0.0638,0.0708,0.075,0.0702,0.0651,0.0372,0.079,0.0406,0.044,0.0544,0.0461,0.0782,0.0576,0.0688,0.0494,0.0699,0.0748,0.0524,0.0622,0.0565,0.0532,0.0577,0.071,0.0566,0.0581,0.0629,0.0517,0.0612,0.0702,0.0698,0.0586,0.0601,0.0595,0.0575,0.0582,0.0569,0.056,0.0526,0.0499,0.0511,0.052,0.0565,0.0497,0.0452,0.0511,0.0498,0.0463,0.049,0.0431,0.0424,0.044,0.0408,0.0428,0.0415,0.0373,0.0422,0.0379,0.0369,0.0353,0.0335,0.0312,0.0284,0.0282,0.029,0.0276,0.0244,0.0255,0.025,0.0261,0.0277,0.0277,0.0281,0.0242,0.0269,0.026,0.0281,0.0299,0.0309,0.0313,0.032,0.0265,0.0288,0.0318,0.0337,0.0361,0.0376,0.0419,0.0451,0.0343,0.039,0.0424,0.0465,0.0518,0.0559,0.0606,0.0658,0.0358,0.0357,0.0348,0.0387,0.0419,0.0445,0.0459,0.0468,0.0478,0.0547,0.0625,0.0639,0.0709,0.0785,0.0825,0.0871,0.0901,0.0997,0.105,0.111,0.115,0.123,0.125,0.134,0.139,0.147,0.151,0.159,0.162,0.16,0.162,0.166,0.165,0.165,0.166,0.166,0.163,0.172,0.171,0.168,0.167,0.166,0.171,0.171,0.17,0.169,0.165,0.16,0.16,0.15,0.136,0.123,0.114,0.105,0.0983,0.0928,0.0,0.0,0.0,0.0,0.0,0.0,0.0,0.0,0.0,0.0,0.0,0.0,0.0,0.0,0.0,0.0,0.0,0.0,0.0,0.0,0.0,0.0,0.0,0.0,0.0,0.0,0.0,0.0,0.0,0.0,0.0,0.0,0.5,1.0,1.5,2.0,2.5,3.0,3.5,4.0,4.5,5.5,6.5,7.5,8.5,9.5,10.5,11.5,12.5,14.5,16.5,18.5,20.5,22.5,24.5,26.5,28.5,32.5,36.5,40.5,44.5,48.5,52.5,56.5,60.5,68.5,76.5,84.5,92.5,101.0,109.0,117.0,125.0,141.0,157.0,173.0,189.0,205.0,221.0,237.0,253.0,285.0,317.0,349.0,381.0,413.0,445.0,477.0,509.0,573.0,637.0,701.0,765.0,829.0,893.0,957.0,1020.0,1150.0,1280.0,1400.0,1530.0,1660.0,1790.0,1920.0,2040.0,2300.0,2560.0,2810.0,3070.0,3320.0,3580.0,3840.0,4090.0,4600.0,5120.0,5630.0,6140.0,6650.0,7160.0,7680.0,8190.0,9210.0,10200.0,11300.0,12300.0,13300.0,14300.0,15400.0,16400.0,18400.0,20500.0,22500.0,24600.0,26600.0,28700.0,30700.0,32800.0,36900.0,41000.0,45100.0,49100.0,53200.0,57300.0,61400.0,65500.0,73700.0,81900.0,90100.0,98300.0,106000.0,115000.0,123000.0,131000.0,147000.0,164000.0,180000.0,197000.0,213000.0,229000.0,246000.0,262000.0,295000.0,328000.0,360000.0,393000.0,426000.0,459000.0,492000.0,524000.0,590000.0,655000.0,721000.0,786000.0,852000.0,918000.0,983000.0,1050000.0,1180000.0,1310000.0,1440000.0,1570000.0,1700000.0,1840000.0,1970000.0,2100000.0,2360000.0,2620000.0,2880000.0,3150000.0,3410000.0,3670000.0,3930000.0,4190000.0,4720000.0,5240000.0,5770000.0,6290000.0,6820000.0,7340000.0,7860000.0,8390000.0,9440000.0,10500000.0,11500000.0,12600000.0,13600000.0,14700000.0,15700000.0,16800000.0,18900000.0,21000000.0,23100000.0,25200000.0,27300000.0,29400000.0,31500000.0,33600000.0,37700000.0,41900000.0,46100000.0,50300000.0,54500000.0,58700000.0,62900000.0
"sexta-feira, 17 de abril de 2026 15:41:24",Size,k_1s-1mg_mL 1,0.831,0.842,0.837,0.839,0.835,0.836,0.832,0.833,0.831,0.829,0.828,0.826,0.823,0.823,0.821,0.818,0.816,0.814,0.811,0.809,0.805,0.803,0.801,0.798,0.796,0.791,0.786,0.783,0.779,0.775,0.771,0.768,0.764,0.758,0.751,0.745,0.74,0.734,0.728,0.723,0.718,0.707,0.698,0.689,0.68,0.672,0.663,0.656,0.648,0.633,0.62,0.606,0.594,0.582,0.57,0.559,0.548,0.528,0.508,0.49,0.472,0.456,0.44,0.426,0.412,0.385,0.36,0.337,0.316,0.297,0.278,0.262,0.246,0.217,0.192,0.169,0.15,0.133,0.119,0.107,0.0967,0.0813,0.0704,0.0632,0.0601,0.0591,0.0603,0.0594,0.0591,0.0573,0.0549,0.0498,0.0482,0.0469,0.0453,0.0417,0.0402,0.0405,0.0381,0.0351,0.0367,0.0352,0.038,0.0423,0.0438,0.0425,0.0338,0.0287,0.0298,0.0287,0.0271,0.0236,0.0198,0.0261,0.0222,0.0186,0.013,0.00742,0.00706,0.00644,0.00552,0.00403,0.004,0.00424,0.0021,0.000607,0.0014,0.00254,0.00227,0.00263,0.000999,0.00315,0.000298,0.00189,0.00166,0.000748,0.00064,0.00249,0.00279,0.00173,0.00156,0.000748,0.000666,0.0014,1.48e-05,0.00129,0.00188,0.00279,0.00293,0.00115,1.97e-05,0.00104,0.00208,0.00466,0.00198,0.00125,0.00545,0.00404,0.00817,0.000205,0.0,0.0,0.0,0.0,0.0,0.0,0.0,0.0,0.0,0.0,0.0,0.0,0.0,0.0,0.0,0.0,0.0,0.0,0.0,0.0,0.0,0.0,0.0,0.0,0.0,0.0,0.0,0.0,0.0,0.0,0.0,0.0,0.5,1.0,1.5,2.0,2.5,3.0,3.5,4.0,4.5,5.5,6.5,7.5,8.5,9.5,10.5,11.5,12.5,14.5,16.5,18.5,20.5,22.5,24.5,26.5,28.5,32.5,36.5,40.5,44.5,48.5,52.5,56.5,60.5,68.5,76.5,84.5,92.5,101.0,109.0,117.0,125.0,141.0,157.0,173.0,189.0,205.0,221.0,237.0,253.0,285.0,317.0,349.0,381.0,413.0,445.0,477.0,509.0,573.0,637.0,701.0,765.0,829.0,893.0,957.0,1020.0,1150.0,1280.0,1400.0,1530.0,1660.0,1790.0,1920.0,2040.0,2300.0,2560.0,2810.0,3070.0,3320.0,3580.0,3840.0,4090.0,4600.0,5120.0,5630.0,6140.0,6650.0,7160.0,7680.0,8190.0,9210.0,10200.0,11300.0,12300.0,13300.0,14300.0,15400.0,16400.0,18400.0,20500.0,22500.0,24600.0,26600.0,28700.0,30700.0,32800.0,36900.0,41000.0,45100.0,49100.0,53200.0,57300.0,61400.0,65500.0,73700.0,81900.0,90100.0,98300.0,106000.0,115000.0,123000.0,131000.0,147000.0,164000.0,180000.0,197000.0,213000.0,229000.0,246000.0,262000.0,295000.0,328000.0,360000.0,393000.0,426000.0,459000.0,492000.0,524000.0,590000.0,655000.0,721000.0,786000.0,852000.0,918000.0,983000.0,1050000.0,1180000.0,1310000.0,1440000.0,1570000.0,1700000.0,1840000.0,1970000.0,2100000.0,2360000.0,2620000.0,2880000.0,3150000.0,3410000.0,3670000.0,3930000.0,4190000.0,4720000.0,5240000.0,5770000.0,6290000.0,6820000.0,7340000.0,7860000.0,8390000.0,9440000.0,10500000.0,11500000.0,12600000.0,13600000.0,14700000.0,15700000.0,16800000.0,18900000.0,21000000.0,23100000.0,25200000.0,27300000.0,29400000.0,31500000.0,33600000.0,37700000.0,41900000.0,46100000.0,50300000.0,54500000.0,58700000.0,62900000.0
"sexta-feira, 17 de abril de 2026 15:43:57",Size,k_1s-1mg_mL 2,0.818,0.827,0.827,0.826,0.826,0.824,0.823,0.82,0.819,0.817,0.816,0.814,0.811,0.809,0.81,0.806,0.804,0.801,0.798,0.794,0.792,0.789,0.786,0.785,0.783,0.778,0.773,0.769,0.764,0.761,0.757,0.753,0.75,0.742,0.736,0.73,0.724,0.717,0.712,0.706,0.701,0.69,0.68,0.671,0.662,0.653,0.645,0.637,0.629,0.613,0.598,0.585,0.571,0.558,0.546,0.534,0.521,0.499,0.477,0.456,0.436,0.417,0.399,0.381,0.365,0.332,0.302,0.274,0.248,0.224,0.202,0.181,0.163,0.129,0.103,0.081,0.0642,0.0528,0.0449,0.0398,0.0371,0.0356,0.0359,0.0374,0.0391,0.0415,0.0423,0.0414,0.0391,0.0338,0.0298,0.0292,0.0284,0.0284,0.03,0.0265,0.026,0.0272,0.0281,0.0271,0.0264,0.0259,0.0238,0.023,0.0208,0.02,0.0229,0.0204,0.0169,0.0153,0.0132,0.0128,0.0116,0.0123,0.00663,0.00973,0.0116,0.0103,0.00915,0.00884,0.00956,0.0088,0.00753,0.00533,0.00692,0.00202,0.00165,0.00167,0.000222,0.000489,0.000433,0.000816,0.000676,0.000556,0.00156,0.000806,0.00268,0.00186,0.00272,0.00245,0.00427,0.00603,0.00283,0.0017,0.00236,0.00195,0.0024,0.00256,0.00137,0.00241,0.000867,0.000699,0.00259,0.00297,0.00205,0.0042,0.00377,0.00195,0.00384,0.00345,0.0,0.0,0.0,0.0,0.0,0.0,0.0,0.0,0.0,0.0,0.0,0.0,0.0,0.0,0.0,0.0,0.0,0.0,0.0,0.0,0.0,0.0,0.0,0.0,0.0,0.0,0.0,0.0,0.0,0.0,0.0,0.0,0.5,1.0,1.5,2.0,2.5,3.0,3.5,4.0,4.5,5.5,6.5,7.5,8.5,9.5,10.5,11.5,12.5,14.5,16.5,18.5,20.5,22.5,24.5,26.5,28.5,32.5,36.5,40.5,44.5,48.5,52.5,56.5,60.5,68.5,76.5,84.5,92.5,101.0,109.0,117.0,125.0,141.0,157.0,173.0,189.0,205.0,221.0,237.0,253.0,285.0,317.0,349.0,381.0,413.0,445.0,477.0,509.0,573.0,637.0,701.0,765.0,829.0,893.0,957.0,1020.0,1150.0,1280.0,1400.0,1530.0,1660.0,1790.0,1920.0,2040.0,2300.0,2560.0,2810.0,3070.0,3320.0,3580.0,3840.0,4090.0,4600.0,5120.0,5630.0,6140.0,6650.0,7160.0,7680.0,8190.0,9210.0,10200.0,11300.0,12300.0,13300.0,14300.0,15400.0,16400.0,18400.0,20500.0,22500.0,24600.0,26600.0,28700.0,30700.0,32800.0,36900.0,41000.0,45100.0,49100.0,53200.0,57300.0,61400.0,65500.0,73700.0,81900.0,90100.0,98300.0,106000.0,115000.0,123000.0,131000.0,147000.0,164000.0,180000.0,197000.0,213000.0,229000.0,246000.0,262000.0,295000.0,328000.0,360000.0,393000.0,426000.0,459000.0,492000.0,524000.0,590000.0,655000.0,721000.0,786000.0,852000.0,918000.0,983000.0,1050000.0,1180000.0,1310000.0,1440000.0,1570000.0,1700000.0,1840000.0,1970000.0,2100000.0,2360000.0,2620000.0,2880000.0,3150000.0,3410000.0,3670000.0,3930000.0,4190000.0,4720000.0,5240000.0,5770000.0,6290000.0,6820000.0,7340000.0,7860000.0,8390000.0,9440000.0,10500000.0,11500000.0,12600000.0,13600000.0,14700000.0,15700000.0,16800000.0,18900000.0,21000000.0,23100000.0,25200000.0,27300000.0,29400000.0,31500000.0,33600000.0,37700000.0,41900000.0,46100000.0,50300000.0,54500000.0,58700000.0,62900000.0
"sexta-feira, 17 de abril de 2026 15:46:30",Size,k_1s-1mg_mL 3,0.793,0.802,0.801,0.802,0.8,0.797,0.795,0.796,0.795,0.793,0.792,0.788,0.786,0.785,0.784,0.78,0.78,0.776,0.773,0.771,0.769,0.766,0.762,0.762,0.759,0.754,0.75,0.746,0.741,0.738,0.734,0.731,0.727,0.721,0.714,0.708,0.702,0.697,0.691,0.685,0.681,0.67,0.661,0.651,0.642,0.634,0.626,0.617,0.61,0.594,0.58,0.566,0.552,0.539,0.527,0.515,0.503,0.481,0.459,0.439,0.419,0.399,0.381,0.363,0.346,0.314,0.284,0.256,0.23,0.206,0.184,0.164,0.146,0.115,0.0908,0.0728,0.06,0.0514,0.0467,0.0444,0.0444,0.0457,0.0478,0.05,0.0509,0.0498,0.0469,0.0443,0.0422,0.0387,0.0388,0.0393,0.0393,0.0397,0.0405,0.0392,0.0384,0.0349,0.0336,0.0357,0.0373,0.0317,0.0312,0.0347,0.0358,0.0334,0.0282,0.03,0.0258,0.0259,0.0263,0.0295,0.0297,0.0268,0.0262,0.0258,0.0251,0.0238,0.0241,0.0209,0.019,0.0184,0.0132,0.0134,0.0159,0.0117,0.00746,0.00556,0.00829,0.00845,0.00744,0.00268,0.00367,0.000666,0.000779,0.00186,0.00121,0.00178,0.00383,0.000957,0.000692,0.00125,0.000123,0.00032,0.0,2.16e-05,0.000414,0.000264,0.00061,0.000981,0.00211,0.00245,0.0054,0.00424,0.0038,0.00135,0.00171,0.0023,0.00114,0.00437,0.0,0.0,0.0,0.0,0.0,0.0,0.0,0.0,0.0,0.0,0.0,0.0,0.0,0.0,0.0,0.0,0.0,0.0,0.0,0.0,0.0,0.0,0.0,0.0,0.0,0.0,0.0,0.0,0.0,0.0,0.0,0.0,0.5,1.0,1.5,2.0,2.5,3.0,3.5,4.0,4.5,5.5,6.5,7.5,8.5,9.5,10.5,11.5,12.5,14.5,16.5,18.5,20.5,22.5,24.5,26.5,28.5,32.5,36.5,40.5,44.5,48.5,52.5,56.5,60.5,68.5,76.5,84.5,92.5,101.0,109.0,117.0,125.0,141.0,157.0,173.0,189.0,205.0,221.0,237.0,253.0,285.0,317.0,349.0,381.0,413.0,445.0,477.0,509.0,573.0,637.0,701.0,765.0,829.0,893.0,957.0,1020.0,1150.0,1280.0,1400.0,1530.0,1660.0,1790.0,1920.0,2040.0,2300.0,2560.0,2810.0,3070.0,3320.0,3580.0,3840.0,4090.0,4600.0,5120.0,5630.0,6140.0,6650.0,7160.0,7680.0,8190.0,9210.0,10200.0,11300.0,12300.0,13300.0,14300.0,15400.0,16400.0,18400.0,20500.0,22500.0,24600.0,26600.0,28700.0,30700.0,32800.0,36900.0,41000.0,45100.0,49100.0,53200.0,57300.0,61400.0,65500.0,73700.0,81900.0,90100.0,98300.0,106000.0,115000.0,123000.0,131000.0,147000.0,164000.0,180000.0,197000.0,213000.0,229000.0,246000.0,262000.0,295000.0,328000.0,360000.0,393000.0,426000.0,459000.0,492000.0,524000.0,590000.0,655000.0,721000.0,786000.0,852000.0,918000.0,983000.0,1050000.0,1180000.0,1310000.0,1440000.0,1570000.0,1700000.0,1840000.0,1970000.0,2100000.0,2360000.0,2620000.0,2880000.0,3150000.0,3410000.0,3670000.0,3930000.0,4190000.0,4720000.0,5240000.0,5770000.0,6290000.0,6820000.0,7340000.0,7860000.0,8390000.0,9440000.0,10500000.0,11500000.0,12600000.0,13600000.0,14700000.0,15700000.0,16800000.0,18900000.0,21000000.0,23100000.0,25200000.0,27300000.0,29400000.0,31500000.0,33600000.0,37700000.0,41900000.0,46100000.0,50300000.0,54500000.0,58700000.0,62900000.0
"sexta-feira, 17 de abril de 2026 15:47:19",Size,k_1s-1mg_mL-mean,0.831,0.842,0.837,0.839,0.835,0.836,0.832,0.833,0.831,0.829,0.828,0.826,0.823,0.823,0.821,0.818,0.816,0.814,0.811,0.809,0.805,0.803,0.801,0.798,0.796,0.791,0.786,0.783,0.779,0.775,0.771,0.768,0.764,0.758,0.751,0.745,0.74,0.734,0.728,0.723,0.718,0.707,0.698,0.689,0.68,0.672,0.663,0.656,0.648,0.633,0.62,0.606,0.594,0.582,0.57,0.559,0.548,0.528,0.508,0.49,0.472,0.456,0.44,0.426,0.412,0.385,0.36,0.337,0.316,0.297,0.278,0.262,0.246,0.217,0.192,0.169,0.15,0.133,0.119,0.107,0.0967,0.0813,0.0704,0.0632,0.0601,0.0591,0.0603,0.0594,0.0591,0.0573,0.0549,0.0498,0.0482,0.0469,0.0453,0.0417,0.0402,0.0405,0.0381,0.0351,0.0367,0.0352,0.038,0.0423,0.0438,0.0425,0.0338,0.0287,0.0298,0.0287,0.0271,0.0236,0.0198,0.0261,0.0222,0.0186,0.013,0.00742,0.00706,0.00644,0.00552,0.00403,0.004,0.00424,0.0021,0.000607,0.0014,0.00254,0.00227,0.00263,0.000999,0.00315,0.000298,0.00189,0.00166,0.000748,0.00064,0.00249,0.00279,0.00173,0.00156,0.000748,0.000666,0.0014,1.48e-05,0.00129,0.00188,0.00279,0.00293,0.00115,1.97e-05,0.00104,0.00208,0.00466,0.00198,0.00125,0.00545,0.00404,0.00817,0.000205,0.0,0.0,0.0,0.0,0.0,0.0,0.0,0.0,0.0,0.0,0.0,0.0,0.0,0.0,0.0,0.0,0.0,0.0,0.0,0.0,0.0,0.0,0.0,0.0,0.0,0.0,0.0,0.0,0.0,0.0,0.0,0.0,0.5,1.0,1.5,2.0,2.5,3.0,3.5,4.0,4.5,5.5,6.5,7.5,8.5,9.5,10.5,11.5,12.5,14.5,16.5,18.5,20.5,22.5,24.5,26.5,28.5,32.5,36.5,40.5,44.5,48.5,52.5,56.5,60.5,68.5,76.5,84.5,92.5,101.0,109.0,117.0,125.0,141.0,157.0,173.0,189.0,205.0,221.0,237.0,253.0,285.0,317.0,349.0,381.0,413.0,445.0,477.0,509.0,573.0,637.0,701.0,765.0,829.0,893.0,957.0,1020.0,1150.0,1280.0,1400.0,1530.0,1660.0,1790.0,1920.0,2040.0,2300.0,2560.0,2810.0,3070.0,3320.0,3580.0,3840.0,4090.0,4600.0,5120.0,5630.0,6140.0,6650.0,7160.0,7680.0,8190.0,9210.0,10200.0,11300.0,12300.0,13300.0,14300.0,15400.0,16400.0,18400.0,20500.0,22500.0,24600.0,26600.0,28700.0,30700.0,32800.0,36900.0,41000.0,45100.0,49100.0,53200.0,57300.0,61400.0,65500.0,73700.0,81900.0,90100.0,98300.0,106000.0,115000.0,123000.0,131000.0,147000.0,164000.0,180000.0,197000.0,213000.0,229000.0,246000.0,262000.0,295000.0,328000.0,360000.0,393000.0,426000.0,459000.0,492000.0,524000.0,590000.0,655000.0,721000.0,786000.0,852000.0,918000.0,983000.0,1050000.0,1180000.0,1310000.0,1440000.0,1570000.0,1700000.0,1840000.0,1970000.0,2100000.0,2360000.0,2620000.0,2880000.0,3150000.0,3410000.0,3670000.0,3930000.0,4190000.0,4720000.0,5240000.0,5770000.0,6290000.0,6820000.0,7340000.0,7860000.0,8390000.0,9440000.0,10500000.0,11500000.0,12600000.0,13600000.0,14700000.0,15700000.0,16800000.0,18900000.0,21000000.0,23100000.0,25200000.0,27300000.0,29400000.0,31500000.0,33600000.0,37700000.0,41900000.0,46100000.0,50300000.0,54500000.0,58700000.0,62900000.0
"sexta-feira, 17 de abril de 2026 16:03:03",Size,aMEM_10pct-Ctrl 1,0.76,0.751,0.735,0.721,0.708,0.692,0.679,0.662,0.65,0.624,0.602,0.583,0.56,0.541,0.522,0.502,0.488,0.457,0.429,0.402,0.38,0.359,0.339,0.321,0.305,0.275,0.25,0.228,0.209,0.193,0.176,0.163,0.151,0.13,0.113,0.0992,0.0883,0.0782,0.0692,0.0624,0.0567,0.0473,0.0396,0.0338,0.0297,0.026,0.0221,0.0196,0.0179,0.0138,0.0112,0.00953,0.00765,0.00584,0.00472,0.00441,0.00434,0.00327,0.0023,0.00312,0.00278,0.00204,0.00213,0.00139,0.00124,0.00144,0.00113,0.00136,0.00109,0.00142,0.000915,0.000473,0.000769,0.000782,0.00119,0.000842,0.00125,0.000264,0.000461,0.0014,0.00126,0.000991,0.00112,0.001,0.000891,0.000443,0.00043,0.000239,0.000324,0.000509,0.000781,0.000824,0.000421,0.000677,0.000856,0.000611,0.000717,0.000872,0.000597,0.000631,0.000668,0.000746,0.00102,0.000758,0.000485,0.000489,0.00036,0.000502,0.000283,0.000282,0.000199,0.000248,0.000358,0.000328,0.00047,0.00044,0.000416,0.000289,0.000418,0.000406,0.000164,8.8e-05,3.66e-05,7.65e-05,4.91e-05,3.43e-05,6.29e-05,6.07e-05,4.69e-05,0.000179,0.000188,0.000407,0.00021,0.000185,0.000298,0.000199,0.000184,0.000443,0.000145,0.000173,0.000114,0.000147,0.00034,0.00026,0.000172,0.000375,0.000252,0.000377,0.000349,0.000345,0.000223,8.56e-05,0.000606,0.0002,0.000374,0.000264,0.000545,0.000719,0.000394,0.000173,0.0,0.0,0.0,0.0,0.0,0.0,0.0,0.0,0.0,0.0,0.0,0.0,0.0,0.0,0.0,0.0,0.0,0.0,0.0,0.0,0.0,0.0,0.0,0.0,0.0,0.0,0.0,0.0,0.0,0.0,0.0,0.0,0.5,1.0,1.5,2.0,2.5,3.0,3.5,4.0,4.5,5.5,6.5,7.5,8.5,9.5,10.5,11.5,12.5,14.5,16.5,18.5,20.5,22.5,24.5,26.5,28.5,32.5,36.5,40.5,44.5,48.5,52.5,56.5,60.5,68.5,76.5,84.5,92.5,101.0,109.0,117.0,125.0,141.0,157.0,173.0,189.0,205.0,221.0,237.0,253.0,285.0,317.0,349.0,381.0,413.0,445.0,477.0,509.0,573.0,637.0,701.0,765.0,829.0,893.0,957.0,1020.0,1150.0,1280.0,1400.0,1530.0,1660.0,1790.0,1920.0,2040.0,2300.0,2560.0,2810.0,3070.0,3320.0,3580.0,3840.0,4090.0,4600.0,5120.0,5630.0,6140.0,6650.0,7160.0,7680.0,8190.0,9210.0,10200.0,11300.0,12300.0,13300.0,14300.0,15400.0,16400.0,18400.0,20500.0,22500.0,24600.0,26600.0,28700.0,30700.0,32800.0,36900.0,41000.0,45100.0,49100.0,53200.0,57300.0,61400.0,65500.0,73700.0,81900.0,90100.0,98300.0,106000.0,115000.0,123000.0,131000.0,147000.0,164000.0,180000.0,197000.0,213000.0,229000.0,246000.0,262000.0,295000.0,328000.0,360000.0,393000.0,426000.0,459000.0,492000.0,524000.0,590000.0,655000.0,721000.0,786000.0,852000.0,918000.0,983000.0,1050000.0,1180000.0,1310000.0,1440000.0,1570000.0,1700000.0,1840000.0,1970000.0,2100000.0,2360000.0,2620000.0,2880000.0,3150000.0,3410000.0,3670000.0,3930000.0,4190000.0,4720000.0,5240000.0,5770000.0,6290000.0,6820000.0,7340000.0,7860000.0,8390000.0,9440000.0,10500000.0,11500000.0,12600000.0,13600000.0,14700000.0,15700000.0,16800000.0,18900000.0,21000000.0,23100000.0,25200000.0,27300000.0,29400000.0,31500000.0,33600000.0,37700000.0,41900000.0,46100000.0,50300000.0,54500000.0,58700000.0,62900000.0
"sexta-feira, 17 de abril de 2026 16:05:56",Size,aMEM_10pct-Ctrl 2,0.753,0.75,0.732,0.716,0.701,0.687,0.673,0.664,0.649,0.624,0.598,0.576,0.556,0.534,0.516,0.497,0.481,0.449,0.422,0.397,0.374,0.353,0.333,0.315,0.299,0.269,0.244,0.221,0.203,0.186,0.171,0.159,0.147,0.127,0.11,0.0967,0.0852,0.0758,0.0671,0.0589,0.0533,0.0434,0.0359,0.0307,0.0261,0.0225,0.0201,0.0177,0.0154,0.0117,0.00926,0.00765,0.00651,0.00595,0.00508,0.0045,0.00402,0.00282,0.00241,0.00215,0.00147,0.00118,0.000834,0.00119,0.00111,0.00184,0.000882,0.000881,0.00104,0.00119,0.00108,0.00139,0.000711,0.000874,0.000806,0.000786,0.000989,0.000488,0.0011,0.000689,0.00101,0.000782,0.00068,0.000546,0.000766,0.000744,0.000707,0.000391,0.000418,0.000527,0.000537,0.000793,0.000545,0.000903,0.000535,0.000577,0.000533,0.000427,0.000578,0.000382,0.000576,0.000548,0.000482,0.00046,0.000393,0.000478,0.000314,0.000439,0.000491,0.000441,0.000362,0.00017,0.000279,0.000321,0.000335,0.000151,0.000294,0.000137,0.000155,9.06e-05,9.7e-05,1.22e-05,0.00011,0.000137,8.82e-05,0.000107,4.13e-05,5.4e-05,4.2e-05,0.000199,0.000116,0.000149,0.000128,6.04e-05,3.41e-05,0.000189,9.79e-05,0.000147,0.000291,0.000161,0.00023,0.000146,0.000237,8.2e-05,8.05e-05,6.59e-05,0.000136,0.000121,0.000127,0.000144,4.88e-05,0.000114,0.00132,0.00187,0.00203,0.00197,0.00195,0.00158,0.00217,0.00206,0.0,0.0,0.0,0.0,0.0,0.0,0.0,0.0,0.0,0.0,0.0,0.0,0.0,0.0,0.0,0.0,0.0,0.0,0.0,0.0,0.0,0.0,0.0,0.0,0.0,0.0,0.0,0.0,0.0,0.0,0.0,0.0,0.5,1.0,1.5,2.0,2.5,3.0,3.5,4.0,4.5,5.5,6.5,7.5,8.5,9.5,10.5,11.5,12.5,14.5,16.5,18.5,20.5,22.5,24.5,26.5,28.5,32.5,36.5,40.5,44.5,48.5,52.5,56.5,60.5,68.5,76.5,84.5,92.5,101.0,109.0,117.0,125.0,141.0,157.0,173.0,189.0,205.0,221.0,237.0,253.0,285.0,317.0,349.0,381.0,413.0,445.0,477.0,509.0,573.0,637.0,701.0,765.0,829.0,893.0,957.0,1020.0,1150.0,1280.0,1400.0,1530.0,1660.0,1790.0,1920.0,2040.0,2300.0,2560.0,2810.0,3070.0,3320.0,3580.0,3840.0,4090.0,4600.0,5120.0,5630.0,6140.0,6650.0,7160.0,7680.0,8190.0,9210.0,10200.0,11300.0,12300.0,13300.0,14300.0,15400.0,16400.0,18400.0,20500.0,22500.0,24600.0,26600.0,28700.0,30700.0,32800.0,36900.0,41000.0,45100.0,49100.0,53200.0,57300.0,61400.0,65500.0,73700.0,81900.0,90100.0,98300.0,106000.0,115000.0,123000.0,131000.0,147000.0,164000.0,180000.0,197000.0,213000.0,229000.0,246000.0,262000.0,295000.0,328000.0,360000.0,393000.0,426000.0,459000.0,492000.0,524000.0,590000.0,655000.0,721000.0,786000.0,852000.0,918000.0,983000.0,1050000.0,1180000.0,1310000.0,1440000.0,1570000.0,1700000.0,1840000.0,1970000.0,2100000.0,2360000.0,2620000.0,2880000.0,3150000.0,3410000.0,3670000.0,3930000.0,4190000.0,4720000.0,5240000.0,5770000.0,6290000.0,6820000.0,7340000.0,7860000.0,8390000.0,9440000.0,10500000.0,11500000.0,12600000.0,13600000.0,14700000.0,15700000.0,16800000.0,18900000.0,21000000.0,23100000.0,25200000.0,27300000.0,29400000.0,31500000.0,33600000.0,37700000.0,41900000.0,46100000.0,50300000.0,54500000.0,58700000.0,62900000.0
"sexta-feira, 17 de abril de 2026 16:08:48",Size,aMEM_10pct-Ctrl 3,0.758,0.749,0.731,0.715,0.703,0.688,0.67,0.661,0.646,0.622,0.599,0.575,0.555,0.536,0.518,0.501,0.483,0.453,0.424,0.397,0.374,0.353,0.334,0.316,0.3,0.27,0.244,0.222,0.203,0.188,0.172,0.159,0.148,0.128,0.112,0.0982,0.0874,0.0772,0.0688,0.0615,0.0557,0.0456,0.0369,0.0307,0.0265,0.0238,0.0198,0.0179,0.0154,0.0122,0.0107,0.00811,0.00685,0.00622,0.00534,0.005,0.00473,0.00345,0.0027,0.00132,0.00188,0.00181,0.00122,0.00112,0.00132,0.00156,0.00132,0.00104,0.00112,0.000693,0.00104,0.000995,0.000947,0.00109,0.000825,0.000631,0.000526,0.00054,0.00112,0.00121,0.000881,0.000676,0.000419,0.000852,0.000536,0.000808,0.00115,0.00108,0.000687,0.000341,0.00043,0.000567,0.000573,0.000487,0.000659,0.000322,0.000645,0.000645,0.000776,0.000457,0.000624,0.000542,0.000636,0.000481,0.000627,0.000734,0.000489,0.000443,0.000524,0.000486,0.000344,0.0005,0.000373,0.000518,0.000444,0.000497,0.000525,0.000378,0.00049,0.000373,0.000443,0.000429,0.000303,0.000373,0.000331,0.000335,0.000334,0.000431,0.000378,0.000328,0.000301,0.000303,0.000331,0.000274,0.00027,0.000268,0.000209,0.000734,0.00141,0.0014,0.0013,0.00134,0.00141,0.00113,0.000524,0.000851,0.00106,0.000903,0.00101,0.000808,0.000838,0.00105,0.000461,0.000166,0.000228,0.000442,0.000291,0.000377,0.000407,0.000254,0.0,0.0,0.0,0.0,0.0,0.0,0.0,0.0,0.0,0.0,0.0,0.0,0.0,0.0,0.0,0.0,0.0,0.0,0.0,0.0,0.0,0.0,0.0,0.0,0.0,0.0,0.0,0.0,0.0,0.0,0.0,0.0,0.5,1.0,1.5,2.0,2.5,3.0,3.5,4.0,4.5,5.5,6.5,7.5,8.5,9.5,10.5,11.5,12.5,14.5,16.5,18.5,20.5,22.5,24.5,26.5,28.5,32.5,36.5,40.5,44.5,48.5,52.5,56.5,60.5,68.5,76.5,84.5,92.5,101.0,109.0,117.0,125.0,141.0,157.0,173.0,189.0,205.0,221.0,237.0,253.0,285.0,317.0,349.0,381.0,413.0,445.0,477.0,509.0,573.0,637.0,701.0,765.0,829.0,893.0,957.0,1020.0,1150.0,1280.0,1400.0,1530.0,1660.0,1790.0,1920.0,2040.0,2300.0,2560.0,2810.0,3070.0,3320.0,3580.0,3840.0,4090.0,4600.0,5120.0,5630.0,6140.0,6650.0,7160.0,7680.0,8190.0,9210.0,10200.0,11300.0,12300.0,13300.0,14300.0,15400.0,16400.0,18400.0,20500.0,22500.0,24600.0,26600.0,28700.0,30700.0,32800.0,36900.0,41000.0,45100.0,49100.0,53200.0,57300.0,61400.0,65500.0,73700.0,81900.0,90100.0,98300.0,106000.0,115000.0,123000.0,131000.0,147000.0,164000.0,180000.0,197000.0,213000.0,229000.0,246000.0,262000.0,295000.0,328000.0,360000.0,393000.0,426000.0,459000.0,492000.0,524000.0,590000.0,655000.0,721000.0,786000.0,852000.0,918000.0,983000.0,1050000.0,1180000.0,1310000.0,1440000.0,1570000.0,1700000.0,1840000.0,1970000.0,2100000.0,2360000.0,2620000.0,2880000.0,3150000.0,3410000.0,3670000.0,3930000.0,4190000.0,4720000.0,5240000.0,5770000.0,6290000.0,6820000.0,7340000.0,7860000.0,8390000.0,9440000.0,10500000.0,11500000.0,12600000.0,13600000.0,14700000.0,15700000.0,16800000.0,18900000.0,21000000.0,23100000.0,25200000.0,27300000.0,29400000.0,31500000.0,33600000.0,37700000.0,41900000.0,46100000.0,50300000.0,54500000.0,58700000.0,62900000.0
"sexta-feira, 17 de abril de 2026 16:13:00",Size,aMEM_10pct-Ctrl-mean,0.76,0.751,0.735,0.721,0.708,0.692,0.679,0.662,0.65,0.624,0.602,0.583,0.56,0.541,0.522,0.502,0.488,0.457,0.429,0.402,0.38,0.359,0.339,0.321,0.305,0.275,0.25,0.228,0.209,0.193,0.176,0.163,0.151,0.13,0.113,0.0992,0.0883,0.0782,0.0692,0.0624,0.0567,0.0473,0.0396,0.0338,0.0297,0.026,0.0221,0.0196,0.0179,0.0138,0.0112,0.00953,0.00765,0.00584,0.00472,0.00441,0.00434,0.00327,0.0023,0.00312,0.00278,0.00204,0.00213,0.00139,0.00124,0.00144,0.00113,0.00136,0.00109,0.00142,0.000915,0.000473,0.000769,0.000782,0.00119,0.000842,0.00125,0.000264,0.000461,0.0014,0.00126,0.000991,0.00112,0.001,0.000891,0.000443,0.00043,0.000239,0.000324,0.000509,0.000781,0.000824,0.000421,0.000677,0.000856,0.000611,0.000717,0.000872,0.000597,0.000631,0.000668,0.000746,0.00102,0.000758,0.000485,0.000489,0.00036,0.000502,0.000283,0.000282,0.000199,0.000248,0.000358,0.000328,0.00047,0.00044,0.000416,0.000289,0.000418,0.000406,0.000164,8.8e-05,3.66e-05,7.65e-05,4.91e-05,3.43e-05,6.29e-05,6.07e-05,4.69e-05,0.000179,0.000188,0.000407,0.00021,0.000185,0.000298,0.000199,0.000184,0.000443,0.000145,0.000173,0.000114,0.000147,0.00034,0.00026,0.000172,0.000375,0.000252,0.000377,0.000349,0.000345,0.000223,8.56e-05,0.000606,0.0002,0.000374,0.000264,0.000545,0.000719,0.000394,0.000173,0.0,0.0,0.0,0.0,0.0,0.0,0.0,0.0,0.0,0.0,0.0,0.0,0.0,0.0,0.0,0.0,0.0,0.0,0.0,0.0,0.0,0.0,0.0,0.0,0.0,0.0,0.0,0.0,0.0,0.0,0.0,0.0,0.5,1.0,1.5,2.0,2.5,3.0,3.5,4.0,4.5,5.5,6.5,7.5,8.5,9.5,10.5,11.5,12.5,14.5,16.5,18.5,20.5,22.5,24.5,26.5,28.5,32.5,36.5,40.5,44.5,48.5,52.5,56.5,60.5,68.5,76.5,84.5,92.5,101.0,109.0,117.0,125.0,141.0,157.0,173.0,189.0,205.0,221.0,237.0,253.0,285.0,317.0,349.0,381.0,413.0,445.0,477.0,509.0,573.0,637.0,701.0,765.0,829.0,893.0,957.0,1020.0,1150.0,1280.0,1400.0,1530.0,1660.0,1790.0,1920.0,2040.0,2300.0,2560.0,2810.0,3070.0,3320.0,3580.0,3840.0,4090.0,4600.0,5120.0,5630.0,6140.0,6650.0,7160.0,7680.0,8190.0,9210.0,10200.0,11300.0,12300.0,13300.0,14300.0,15400.0,16400.0,18400.0,20500.0,22500.0,24600.0,26600.0,28700.0,30700.0,32800.0,36900.0,41000.0,45100.0,49100.0,53200.0,57300.0,61400.0,65500.0,73700.0,81900.0,90100.0,98300.0,106000.0,115000.0,123000.0,131000.0,147000.0,164000.0,180000.0,197000.0,213000.0,229000.0,246000.0,262000.0,295000.0,328000.0,360000.0,393000.0,426000.0,459000.0,492000.0,524000.0,590000.0,655000.0,721000.0,786000.0,852000.0,918000.0,983000.0,1050000.0,1180000.0,1310000.0,1440000.0,1570000.0,1700000.0,1840000.0,1970000.0,2100000.0,2360000.0,2620000.0,2880000.0,3150000.0,3410000.0,3670000.0,3930000.0,4190000.0,4720000.0,5240000.0,5770000.0,6290000.0,6820000.0,7340000.0,7860000.0,8390000.0,9440000.0,10500000.0,11500000.0,12600000.0,13600000.0,14700000.0,15700000.0,16800000.0,18900000.0,21000000.0,23100000.0,25200000.0,27300000.0,29400000.0,31500000.0,33600000.0,37700000.0,41900000.0,46100000.0,50300000.0,54500000.0,58700000.0,62900000.0
"sexta-feira, 17 de abril de 2026 16:27:10",Size,aMEM_10pct-k_1s 1,0.762,0.757,0.744,0.733,0.72,0.706,0.694,0.687,0.674,0.653,0.63,0.61,0.593,0.575,0.559,0.541,0.527,0.499,0.473,0.449,0.426,0.405,0.386,0.369,0.353,0.325,0.299,0.277,0.258,0.24,0.224,0.211,0.197,0.175,0.156,0.139,0.124,0.114,0.103,0.0942,0.0862,0.0721,0.061,0.0521,0.0459,0.0407,0.0357,0.032,0.0293,0.0244,0.0197,0.0161,0.0145,0.0127,0.0103,0.00849,0.00733,0.00515,0.00433,0.00402,0.00321,0.00263,0.0023,0.00213,0.00252,0.00219,0.0014,0.000816,0.00141,0.0013,0.00194,0.00141,0.00147,0.00077,0.000899,0.00122,0.00179,0.00191,0.00123,0.00105,0.00109,0.00104,0.00126,0.000707,0.000617,0.000834,0.00123,0.000757,0.00109,0.000954,0.000556,0.000683,0.000931,0.000866,0.00065,0.000894,0.000516,0.000879,0.00103,0.00111,0.000876,0.000804,0.000957,0.00151,0.000619,0.000453,0.000242,0.000331,0.000239,0.000589,0.000465,0.0004,0.000235,0.000154,0.000359,0.00012,0.000328,0.000291,0.000199,0.000202,0.000122,0.000165,9.26e-05,0.000226,0.000188,7.89e-05,0.000114,0.000149,0.000153,3.02e-05,6.86e-05,0.000195,0.000289,0.000309,0.000368,0.000281,0.000284,0.000213,8.07e-05,0.000219,0.000195,0.000324,0.000304,2.74e-05,0.000506,0.000348,0.000427,0.000823,0.000567,0.000432,0.000705,0.000324,0.000436,0.000513,0.000624,0.000812,0.000352,0.00065,0.00057,0.000324,0.0,0.0,0.0,0.0,0.0,0.0,0.0,0.0,0.0,0.0,0.0,0.0,0.0,0.0,0.0,0.0,0.0,0.0,0.0,0.0,0.0,0.0,0.0,0.0,0.0,0.0,0.0,0.0,0.0,0.0,0.0,0.0,0.5,1.0,1.5,2.0,2.5,3.0,3.5,4.0,4.5,5.5,6.5,7.5,8.5,9.5,10.5,11.5,12.5,14.5,16.5,18.5,20.5,22.5,24.5,26.5,28.5,32.5,36.5,40.5,44.5,48.5,52.5,56.5,60.5,68.5,76.5,84.5,92.5,101.0,109.0,117.0,125.0,141.0,157.0,173.0,189.0,205.0,221.0,237.0,253.0,285.0,317.0,349.0,381.0,413.0,445.0,477.0,509.0,573.0,637.0,701.0,765.0,829.0,893.0,957.0,1020.0,1150.0,1280.0,1400.0,1530.0,1660.0,1790.0,1920.0,2040.0,2300.0,2560.0,2810.0,3070.0,3320.0,3580.0,3840.0,4090.0,4600.0,5120.0,5630.0,6140.0,6650.0,7160.0,7680.0,8190.0,9210.0,10200.0,11300.0,12300.0,13300.0,14300.0,15400.0,16400.0,18400.0,20500.0,22500.0,24600.0,26600.0,28700.0,30700.0,32800.0,36900.0,41000.0,45100.0,49100.0,53200.0,57300.0,61400.0,65500.0,73700.0,81900.0,90100.0,98300.0,106000.0,115000.0,123000.0,131000.0,147000.0,164000.0,180000.0,197000.0,213000.0,229000.0,246000.0,262000.0,295000.0,328000.0,360000.0,393000.0,426000.0,459000.0,492000.0,524000.0,590000.0,655000.0,721000.0,786000.0,852000.0,918000.0,983000.0,1050000.0,1180000.0,1310000.0,1440000.0,1570000.0,1700000.0,1840000.0,1970000.0,2100000.0,2360000.0,2620000.0,2880000.0,3150000.0,3410000.0,3670000.0,3930000.0,4190000.0,4720000.0,5240000.0,5770000.0,6290000.0,6820000.0,7340000.0,7860000.0,8390000.0,9440000.0,10500000.0,11500000.0,12600000.0,13600000.0,14700000.0,15700000.0,16800000.0,18900000.0,21000000.0,23100000.0,25200000.0,27300000.0,29400000.0,31500000.0,33600000.0,37700000.0,41900000.0,46100000.0,50300000.0,54500000.0,58700000.0,62900000.0
"sexta-feira, 17 de abril de 2026 16:30:02",Size,aMEM_10pct-k_1s 2,0.765,0.762,0.747,0.736,0.723,0.706,0.696,0.682,0.672,0.65,0.628,0.607,0.587,0.569,0.552,0.537,0.52,0.491,0.464,0.44,0.419,0.398,0.38,0.361,0.346,0.317,0.292,0.268,0.25,0.233,0.216,0.203,0.191,0.168,0.15,0.134,0.122,0.11,0.0999,0.0909,0.0831,0.07,0.0605,0.0525,0.0458,0.0404,0.036,0.0321,0.0288,0.0239,0.0204,0.0177,0.0145,0.0116,0.0108,0.00975,0.00872,0.00727,0.00551,0.00481,0.00432,0.00373,0.00407,0.00334,0.00295,0.00198,0.00228,0.00251,0.00242,0.00281,0.00306,0.00236,0.00214,0.00196,0.00208,0.00228,0.00193,0.00198,0.00191,0.00196,0.00184,0.00121,0.00125,0.00163,0.00208,0.00225,0.00215,0.002,0.00141,0.00132,0.00147,0.00174,0.00151,0.0019,0.00173,0.00169,0.00167,0.0016,0.00198,0.00148,0.00157,0.00126,0.0013,0.00145,0.00133,0.0012,0.00146,0.00129,0.001,0.00124,0.00109,0.00114,0.000865,0.000637,0.000542,0.00078,0.000573,0.00061,0.000481,0.000394,0.000304,0.000174,0.000143,8.13e-05,3.36e-05,7.68e-05,3.93e-05,8.81e-05,0.000106,3.31e-05,2.41e-05,7.79e-05,7.84e-05,0.000138,0.00012,6.97e-05,7.28e-05,0.000118,0.000145,0.000273,0.000113,7.68e-05,0.000243,0.000213,0.000215,0.000262,0.000143,0.000159,0.000199,0.000177,0.000119,0.000212,0.00044,0.000455,0.000194,0.000384,0.000258,0.000411,0.000589,0.000226,0.0,0.0,0.0,0.0,0.0,0.0,0.0,0.0,0.0,0.0,0.0,0.0,0.0,0.0,0.0,0.0,0.0,0.0,0.0,0.0,0.0,0.0,0.0,0.0,0.0,0.0,0.0,0.0,0.0,0.0,0.0,0.0,0.5,1.0,1.5,2.0,2.5,3.0,3.5,4.0,4.5,5.5,6.5,7.5,8.5,9.5,10.5,11.5,12.5,14.5,16.5,18.5,20.5,22.5,24.5,26.5,28.5,32.5,36.5,40.5,44.5,48.5,52.5,56.5,60.5,68.5,76.5,84.5,92.5,101.0,109.0,117.0,125.0,141.0,157.0,173.0,189.0,205.0,221.0,237.0,253.0,285.0,317.0,349.0,381.0,413.0,445.0,477.0,509.0,573.0,637.0,701.0,765.0,829.0,893.0,957.0,1020.0,1150.0,1280.0,1400.0,1530.0,1660.0,1790.0,1920.0,2040.0,2300.0,2560.0,2810.0,3070.0,3320.0,3580.0,3840.0,4090.0,4600.0,5120.0,5630.0,6140.0,6650.0,7160.0,7680.0,8190.0,9210.0,10200.0,11300.0,12300.0,13300.0,14300.0,15400.0,16400.0,18400.0,20500.0,22500.0,24600.0,26600.0,28700.0,30700.0,32800.0,36900.0,41000.0,45100.0,49100.0,53200.0,57300.0,61400.0,65500.0,73700.0,81900.0,90100.0,98300.0,106000.0,115000.0,123000.0,131000.0,147000.0,164000.0,180000.0,197000.0,213000.0,229000.0,246000.0,262000.0,295000.0,328000.0,360000.0,393000.0,426000.0,459000.0,492000.0,524000.0,590000.0,655000.0,721000.0,786000.0,852000.0,918000.0,983000.0,1050000.0,1180000.0,1310000.0,1440000.0,1570000.0,1700000.0,1840000.0,1970000.0,2100000.0,2360000.0,2620000.0,2880000.0,3150000.0,3410000.0,3670000.0,3930000.0,4190000.0,4720000.0,5240000.0,5770000.0,6290000.0,6820000.0,7340000.0,7860000.0,8390000.0,9440000.0,10500000.0,11500000.0,12600000.0,13600000.0,14700000.0,15700000.0,16800000.0,18900000.0,21000000.0,23100000.0,25200000.0,27300000.0,29400000.0,31500000.0,33600000.0,37700000.0,41900000.0,46100000.0,50300000.0,54500000.0,58700000.0,62900000.0
"sexta-feira, 17 de abril de 2026 16:32:55",Size,aMEM_10pct-k_1s 3,0.752,0.751,0.737,0.721,0.709,0.698,0.686,0.67,0.66,0.638,0.614,0.595,0.577,0.556,0.54,0.525,0.51,0.479,0.454,0.43,0.406,0.387,0.367,0.351,0.335,0.306,0.28,0.258,0.239,0.222,0.206,0.193,0.181,0.16,0.141,0.126,0.114,0.102,0.0929,0.0844,0.0777,0.0658,0.0557,0.0477,0.0415,0.0365,0.0316,0.0278,0.0247,0.0202,0.0172,0.0141,0.0119,0.0101,0.00883,0.00792,0.00731,0.00561,0.00449,0.00294,0.00243,0.00217,0.00215,0.00211,0.00181,0.00142,0.00129,0.000948,0.00144,0.00119,0.0015,0.00114,0.0014,0.00116,0.00079,0.000809,0.00111,0.00129,0.00124,0.000948,0.00106,0.000725,0.000955,0.000685,0.000798,0.000385,0.00153,0.00134,0.000433,0.000766,0.000816,0.00084,0.000667,0.000673,0.000849,0.000587,0.000784,0.000633,0.000759,0.000618,0.000528,0.000686,0.000725,0.00105,0.000536,0.000554,0.000506,0.000526,0.00036,0.000703,0.000712,0.000794,0.000591,0.00034,0.000302,0.000224,0.000317,0.000365,0.000356,0.000264,0.000299,0.000222,0.000169,0.000146,0.000175,0.000137,0.00017,0.00011,0.000206,0.000249,0.000155,0.000407,0.000208,0.000452,0.000459,0.000665,0.000304,0.00044,0.000435,0.000384,0.00061,0.000266,0.000191,0.000309,0.000184,0.000159,0.000324,0.000375,0.000194,0.000469,0.000383,0.00036,0.000262,0.000394,0.000357,7.27e-05,0.000343,0.000292,0.000154,0.000346,0.0,0.0,0.0,0.0,0.0,0.0,0.0,0.0,0.0,0.0,0.0,0.0,0.0,0.0,0.0,0.0,0.0,0.0,0.0,0.0,0.0,0.0,0.0,0.0,0.0,0.0,0.0,0.0,0.0,0.0,0.0,0.0,0.5,1.0,1.5,2.0,2.5,3.0,3.5,4.0,4.5,5.5,6.5,7.5,8.5,9.5,10.5,11.5,12.5,14.5,16.5,18.5,20.5,22.5,24.5,26.5,28.5,32.5,36.5,40.5,44.5,48.5,52.5,56.5,60.5,68.5,76.5,84.5,92.5,101.0,109.0,117.0,125.0,141.0,157.0,173.0,189.0,205.0,221.0,237.0,253.0,285.0,317.0,349.0,381.0,413.0,445.0,477.0,509.0,573.0,637.0,701.0,765.0,829.0,893.0,957.0,1020.0,1150.0,1280.0,1400.0,1530.0,1660.0,1790.0,1920.0,2040.0,2300.0,2560.0,2810.0,3070.0,3320.0,3580.0,3840.0,4090.0,4600.0,5120.0,5630.0,6140.0,6650.0,7160.0,7680.0,8190.0,9210.0,10200.0,11300.0,12300.0,13300.0,14300.0,15400.0,16400.0,18400.0,20500.0,22500.0,24600.0,26600.0,28700.0,30700.0,32800.0,36900.0,41000.0,45100.0,49100.0,53200.0,57300.0,61400.0,65500.0,73700.0,81900.0,90100.0,98300.0,106000.0,115000.0,123000.0,131000.0,147000.0,164000.0,180000.0,197000.0,213000.0,229000.0,246000.0,262000.0,295000.0,328000.0,360000.0,393000.0,426000.0,459000.0,492000.0,524000.0,590000.0,655000.0,721000.0,786000.0,852000.0,918000.0,983000.0,1050000.0,1180000.0,1310000.0,1440000.0,1570000.0,1700000.0,1840000.0,1970000.0,2100000.0,2360000.0,2620000.0,2880000.0,3150000.0,3410000.0,3670000.0,3930000.0,4190000.0,4720000.0,5240000.0,5770000.0,6290000.0,6820000.0,7340000.0,7860000.0,8390000.0,9440000.0,10500000.0,11500000.0,12600000.0,13600000.0,14700000.0,15700000.0,16800000.0,18900000.0,21000000.0,23100000.0,25200000.0,27300000.0,29400000.0,31500000.0,33600000.0,37700000.0,41900000.0,46100000.0,50300000.0,54500000.0,58700000.0,62900000.0
"sexta-feira, 17 de abril de 2026 16:42:03",Size,aMEM_10pct-k_1s-mean,0.762,0.757,0.744,0.733,0.72,0.706,0.694,0.687,0.674,0.653,0.63,0.61,0.593,0.575,0.559,0.541,0.527,0.499,0.473,0.449,0.426,0.405,0.386,0.369,0.353,0.325,0.299,0.277,0.258,0.24,0.224,0.211,0.197,0.175,0.156,0.139,0.124,0.114,0.103,0.0942,0.0862,0.0721,0.061,0.0521,0.0459,0.0407,0.0357,0.032,0.0293,0.0244,0.0197,0.0161,0.0145,0.0127,0.0103,0.00849,0.00733,0.00515,0.00433,0.00402,0.00321,0.00263,0.0023,0.00213,0.00252,0.00219,0.0014,0.000816,0.00141,0.0013,0.00194,0.00141,0.00147,0.00077,0.000899,0.00122,0.00179,0.00191,0.00123,0.00105,0.00109,0.00104,0.00126,0.000707,0.000617,0.000834,0.00123,0.000757,0.00109,0.000954,0.000556,0.000683,0.000931,0.000866,0.00065,0.000894,0.000516,0.000879,0.00103,0.00111,0.000876,0.000804,0.000957,0.00151,0.000619,0.000453,0.000242,0.000331,0.000239,0.000589,0.000465,0.0004,0.000235,0.000154,0.000359,0.00012,0.000328,0.000291,0.000199,0.000202,0.000122,0.000165,9.26e-05,0.000226,0.000188,7.89e-05,0.000114,0.000149,0.000153,3.02e-05,6.86e-05,0.000195,0.000289,0.000309,0.000368,0.000281,0.000284,0.000213,8.07e-05,0.000219,0.000195,0.000324,0.000304,2.74e-05,0.000506,0.000348,0.000427,0.000823,0.000567,0.000432,0.000705,0.000324,0.000436,0.000513,0.000624,0.000812,0.000352,0.00065,0.00057,0.000324,0.0,0.0,0.0,0.0,0.0,0.0,0.0,0.0,0.0,0.0,0.0,0.0,0.0,0.0,0.0,0.0,0.0,0.0,0.0,0.0,0.0,0.0,0.0,0.0,0.0,0.0,0.0,0.0,0.0,0.0,0.0,0.0,0.5,1.0,1.5,2.0,2.5,3.0,3.5,4.0,4.5,5.5,6.5,7.5,8.5,9.5,10.5,11.5,12.5,14.5,16.5,18.5,20.5,22.5,24.5,26.5,28.5,32.5,36.5,40.5,44.5,48.5,52.5,56.5,60.5,68.5,76.5,84.5,92.5,101.0,109.0,117.0,125.0,141.0,157.0,173.0,189.0,205.0,221.0,237.0,253.0,285.0,317.0,349.0,381.0,413.0,445.0,477.0,509.0,573.0,637.0,701.0,765.0,829.0,893.0,957.0,1020.0,1150.0,1280.0,1400.0,1530.0,1660.0,1790.0,1920.0,2040.0,2300.0,2560.0,2810.0,3070.0,3320.0,3580.0,3840.0,4090.0,4600.0,5120.0,5630.0,6140.0,6650.0,7160.0,7680.0,8190.0,9210.0,10200.0,11300.0,12300.0,13300.0,14300.0,15400.0,16400.0,18400.0,20500.0,22500.0,24600.0,26600.0,28700.0,30700.0,32800.0,36900.0,41000.0,45100.0,49100.0,53200.0,57300.0,61400.0,65500.0,73700.0,81900.0,90100.0,98300.0,106000.0,115000.0,123000.0,131000.0,147000.0,164000.0,180000.0,197000.0,213000.0,229000.0,246000.0,262000.0,295000.0,328000.0,360000.0,393000.0,426000.0,459000.0,492000.0,524000.0,590000.0,655000.0,721000.0,786000.0,852000.0,918000.0,983000.0,1050000.0,1180000.0,1310000.0,1440000.0,1570000.0,1700000.0,1840000.0,1970000.0,2100000.0,2360000.0,2620000.0,2880000.0,3150000.0,3410000.0,3670000.0,3930000.0,4190000.0,4720000.0,5240000.0,5770000.0,6290000.0,6820000.0,7340000.0,7860000.0,8390000.0,9440000.0,10500000.0,11500000.0,12600000.0,13600000.0,14700000.0,15700000.0,16800000.0,18900000.0,21000000.0,23100000.0,25200000.0,27300000.0,29400000.0,31500000.0,33600000.0,37700000.0,41900000.0,46100000.0,50300000.0,54500000.0,58700000.0,62900000.0
"sexta-feira, 17 de abril de 2026 16:53:14",Size,aMEM-Ctrl 1,0.92,0.909,0.892,0.891,0.893,0.89,0.884,0.883,0.883,0.87,0.871,0.875,0.872,0.868,0.868,0.869,0.867,0.867,0.864,0.862,0.867,0.862,0.863,0.859,0.859,0.854,0.853,0.85,0.846,0.845,0.843,0.841,0.839,0.835,0.831,0.83,0.826,0.822,0.818,0.814,0.812,0.805,0.8,0.793,0.789,0.785,0.778,0.773,0.77,0.762,0.752,0.745,0.737,0.73,0.724,0.718,0.712,0.7,0.689,0.681,0.672,0.663,0.654,0.647,0.64,0.625,0.614,0.604,0.595,0.586,0.578,0.571,0.564,0.553,0.544,0.537,0.531,0.526,0.522,0.517,0.512,0.505,0.497,0.489,0.483,0.477,0.47,0.464,0.459,0.446,0.431,0.418,0.411,0.408,0.401,0.393,0.385,0.369,0.352,0.337,0.322,0.305,0.291,0.279,0.269,0.254,0.244,0.238,0.233,0.22,0.202,0.186,0.174,0.147,0.127,0.118,0.116,0.107,0.0855,0.0684,0.0565,0.0383,0.0265,0.0181,0.0108,0.00575,0.00302,0.00101,0.00146,0.00319,0.00256,0.00353,0.0033,0.00395,0.00388,0.00355,0.00328,0.00381,0.00263,0.00483,0.00406,0.00243,0.00678,0.0111,0.00277,0.00628,0.0045,0.00531,0.00446,0.012,0.0223,0.0151,0.00779,0.00625,0.00641,0.0158,0.0124,0.00415,0.00818,0.00375,0.0,0.0,0.0,0.0,0.0,0.0,0.0,0.0,0.0,0.0,0.0,0.0,0.0,0.0,0.0,0.0,0.0,0.0,0.0,0.0,0.0,0.0,0.0,0.0,0.0,0.0,0.0,0.0,0.0,0.0,0.0,0.0,0.5,1.0,1.5,2.0,2.5,3.0,3.5,4.0,4.5,5.5,6.5,7.5,8.5,9.5,10.5,11.5,12.5,14.5,16.5,18.5,20.5,22.5,24.5,26.5,28.5,32.5,36.5,40.5,44.5,48.5,52.5,56.5,60.5,68.5,76.5,84.5,92.5,101.0,109.0,117.0,125.0,141.0,157.0,173.0,189.0,205.0,221.0,237.0,253.0,285.0,317.0,349.0,381.0,413.0,445.0,477.0,509.0,573.0,637.0,701.0,765.0,829.0,893.0,957.0,1020.0,1150.0,1280.0,1400.0,1530.0,1660.0,1790.0,1920.0,2040.0,2300.0,2560.0,2810.0,3070.0,3320.0,3580.0,3840.0,4090.0,4600.0,5120.0,5630.0,6140.0,6650.0,7160.0,7680.0,8190.0,9210.0,10200.0,11300.0,12300.0,13300.0,14300.0,15400.0,16400.0,18400.0,20500.0,22500.0,24600.0,26600.0,28700.0,30700.0,32800.0,36900.0,41000.0,45100.0,49100.0,53200.0,57300.0,61400.0,65500.0,73700.0,81900.0,90100.0,98300.0,106000.0,115000.0,123000.0,131000.0,147000.0,164000.0,180000.0,197000.0,213000.0,229000.0,246000.0,262000.0,295000.0,328000.0,360000.0,393000.0,426000.0,459000.0,492000.0,524000.0,590000.0,655000.0,721000.0,786000.0,852000.0,918000.0,983000.0,1050000.0,1180000.0,1310000.0,1440000.0,1570000.0,1700000.0,1840000.0,1970000.0,2100000.0,2360000.0,2620000.0,2880000.0,3150000.0,3410000.0,3670000.0,3930000.0,4190000.0,4720000.0,5240000.0,5770000.0,6290000.0,6820000.0,7340000.0,7860000.0,8390000.0,9440000.0,10500000.0,11500000.0,12600000.0,13600000.0,14700000.0,15700000.0,16800000.0,18900000.0,21000000.0,23100000.0,25200000.0,27300000.0,29400000.0,31500000.0,33600000.0,37700000.0,41900000.0,46100000.0,50300000.0,54500000.0,58700000.0,62900000.0
"sexta-feira, 17 de abril de 2026 16:58:29",Size,aMEM-Ctrl 2,0.373,0.362,0.358,0.352,0.35,0.343,0.345,0.338,0.339,0.337,0.337,0.334,0.333,0.333,0.33,0.328,0.332,0.327,0.327,0.323,0.326,0.323,0.323,0.324,0.323,0.32,0.319,0.315,0.313,0.312,0.309,0.308,0.307,0.304,0.301,0.299,0.296,0.294,0.29,0.287,0.284,0.278,0.274,0.268,0.262,0.26,0.255,0.25,0.246,0.237,0.229,0.221,0.214,0.206,0.199,0.192,0.186,0.173,0.162,0.15,0.141,0.131,0.123,0.115,0.108,0.0955,0.0862,0.079,0.0738,0.0706,0.0688,0.0681,0.0679,0.0691,0.0726,0.0753,0.0765,0.0778,0.0777,0.0766,0.0754,0.0724,0.0708,0.0702,0.0697,0.0678,0.0656,0.064,0.0635,0.0627,0.06,0.0581,0.0572,0.0553,0.0529,0.0527,0.0503,0.0513,0.0493,0.0489,0.0507,0.0489,0.0483,0.046,0.0462,0.0457,0.0459,0.0439,0.0417,0.0401,0.0389,0.0363,0.036,0.0362,0.0331,0.0301,0.0286,0.0271,0.0264,0.0256,0.0239,0.0215,0.022,0.0165,0.0128,0.0105,0.00904,0.00769,0.007,0.00688,0.00623,0.00479,0.00549,0.00494,0.00589,0.00561,0.00494,0.00285,0.00244,0.00132,0.000546,0.000141,0.000229,0.000707,0.000787,0.00242,0.00256,0.00515,0.00553,0.00382,0.00252,0.00167,0.00178,0.0048,0.00484,0.00421,0.00308,0.0062,0.00847,0.0102,0.0,0.0,0.0,0.0,0.0,0.0,0.0,0.0,0.0,0.0,0.0,0.0,0.0,0.0,0.0,0.0,0.0,0.0,0.0,0.0,0.0,0.0,0.0,0.0,0.0,0.0,0.0,0.0,0.0,0.0,0.0,0.0,0.5,1.0,1.5,2.0,2.5,3.0,3.5,4.0,4.5,5.5,6.5,7.5,8.5,9.5,10.5,11.5,12.5,14.5,16.5,18.5,20.5,22.5,24.5,26.5,28.5,32.5,36.5,40.5,44.5,48.5,52.5,56.5,60.5,68.5,76.5,84.5,92.5,101.0,109.0,117.0,125.0,141.0,157.0,173.0,189.0,205.0,221.0,237.0,253.0,285.0,317.0,349.0,381.0,413.0,445.0,477.0,509.0,573.0,637.0,701.0,765.0,829.0,893.0,957.0,1020.0,1150.0,1280.0,1400.0,1530.0,1660.0,1790.0,1920.0,2040.0,2300.0,2560.0,2810.0,3070.0,3320.0,3580.0,3840.0,4090.0,4600.0,5120.0,5630.0,6140.0,6650.0,7160.0,7680.0,8190.0,9210.0,10200.0,11300.0,12300.0,13300.0,14300.0,15400.0,16400.0,18400.0,20500.0,22500.0,24600.0,26600.0,28700.0,30700.0,32800.0,36900.0,41000.0,45100.0,49100.0,53200.0,57300.0,61400.0,65500.0,73700.0,81900.0,90100.0,98300.0,106000.0,115000.0,123000.0,131000.0,147000.0,164000.0,180000.0,197000.0,213000.0,229000.0,246000.0,262000.0,295000.0,328000.0,360000.0,393000.0,426000.0,459000.0,492000.0,524000.0,590000.0,655000.0,721000.0,786000.0,852000.0,918000.0,983000.0,1050000.0,1180000.0,1310000.0,1440000.0,1570000.0,1700000.0,1840000.0,1970000.0,2100000.0,2360000.0,2620000.0,2880000.0,3150000.0,3410000.0,3670000.0,3930000.0,4190000.0,4720000.0,5240000.0,5770000.0,6290000.0,6820000.0,7340000.0,7860000.0,8390000.0,9440000.0,10500000.0,11500000.0,12600000.0,13600000.0,14700000.0,15700000.0,16800000.0,18900000.0,21000000.0,23100000.0,25200000.0,27300000.0,29400000.0,31500000.0,33600000.0,37700000.0,41900000.0,46100000.0,50300000.0,54500000.0,58700000.0,62900000.0
"sexta-feira, 17 de abril de 2026 17:03:44",Size,aMEM-Ctrl 3,0.336,0.334,0.329,0.324,0.321,0.314,0.315,0.314,0.314,0.313,0.312,0.311,0.312,0.307,0.306,0.307,0.307,0.305,0.305,0.303,0.303,0.302,0.301,0.3,0.299,0.299,0.296,0.295,0.294,0.292,0.293,0.29,0.289,0.286,0.284,0.281,0.279,0.276,0.276,0.272,0.27,0.267,0.262,0.26,0.256,0.252,0.249,0.245,0.243,0.237,0.231,0.226,0.221,0.216,0.212,0.208,0.203,0.195,0.188,0.181,0.175,0.169,0.163,0.157,0.153,0.144,0.136,0.128,0.121,0.115,0.109,0.104,0.0999,0.092,0.0856,0.0805,0.0766,0.0736,0.0714,0.0693,0.0677,0.066,0.0645,0.063,0.0621,0.0612,0.0599,0.0591,0.0592,0.0579,0.0549,0.0533,0.0517,0.0512,0.0524,0.0533,0.0532,0.0516,0.0504,0.0516,0.0507,0.0504,0.0479,0.0455,0.0454,0.0464,0.047,0.0444,0.0422,0.0398,0.042,0.0422,0.0412,0.039,0.0403,0.0405,0.0397,0.0358,0.0338,0.035,0.0354,0.033,0.0338,0.031,0.0278,0.0269,0.0279,0.0291,0.0269,0.0259,0.0254,0.0235,0.0225,0.0215,0.0204,0.0198,0.0184,0.0149,0.0108,0.00909,0.00791,0.0064,0.00699,0.00573,0.00477,0.0036,0.0028,0.00253,0.00241,0.00245,0.00106,0.000576,0.00251,0.00397,0.00457,0.00523,0.00441,0.00303,0.00177,0.00282,0.0,0.0,0.0,0.0,0.0,0.0,0.0,0.0,0.0,0.0,0.0,0.0,0.0,0.0,0.0,0.0,0.0,0.0,0.0,0.0,0.0,0.0,0.0,0.0,0.0,0.0,0.0,0.0,0.0,0.0,0.0,0.0,0.5,1.0,1.5,2.0,2.5,3.0,3.5,4.0,4.5,5.5,6.5,7.5,8.5,9.5,10.5,11.5,12.5,14.5,16.5,18.5,20.5,22.5,24.5,26.5,28.5,32.5,36.5,40.5,44.5,48.5,52.5,56.5,60.5,68.5,76.5,84.5,92.5,101.0,109.0,117.0,125.0,141.0,157.0,173.0,189.0,205.0,221.0,237.0,253.0,285.0,317.0,349.0,381.0,413.0,445.0,477.0,509.0,573.0,637.0,701.0,765.0,829.0,893.0,957.0,1020.0,1150.0,1280.0,1400.0,1530.0,1660.0,1790.0,1920.0,2040.0,2300.0,2560.0,2810.0,3070.0,3320.0,3580.0,3840.0,4090.0,4600.0,5120.0,5630.0,6140.0,6650.0,7160.0,7680.0,8190.0,9210.0,10200.0,11300.0,12300.0,13300.0,14300.0,15400.0,16400.0,18400.0,20500.0,22500.0,24600.0,26600.0,28700.0,30700.0,32800.0,36900.0,41000.0,45100.0,49100.0,53200.0,57300.0,61400.0,65500.0,73700.0,81900.0,90100.0,98300.0,106000.0,115000.0,123000.0,131000.0,147000.0,164000.0,180000.0,197000.0,213000.0,229000.0,246000.0,262000.0,295000.0,328000.0,360000.0,393000.0,426000.0,459000.0,492000.0,524000.0,590000.0,655000.0,721000.0,786000.0,852000.0,918000.0,983000.0,1050000.0,1180000.0,1310000.0,1440000.0,1570000.0,1700000.0,1840000.0,1970000.0,2100000.0,2360000.0,2620000.0,2880000.0,3150000.0,3410000.0,3670000.0,3930000.0,4190000.0,4720000.0,5240000.0,5770000.0,6290000.0,6820000.0,7340000.0,7860000.0,8390000.0,9440000.0,10500000.0,11500000.0,12600000.0,13600000.0,14700000.0,15700000.0,16800000.0,18900000.0,21000000.0,23100000.0,25200000.0,27300000.0,29400000.0,31500000.0,33600000.0,37700000.0,41900000.0,46100000.0,50300000.0,54500000.0,58700000.0,62900000.0
"sexta-feira, 17 de abril de 2026 17:11:19",Size,aMEM-Ctrl-mean,0.92,0.909,0.892,0.891,0.893,0.89,0.884,0.883,0.883,0.87,0.871,0.875,0.872,0.868,0.868,0.869,0.867,0.867,0.864,0.862,0.867,0.862,0.863,0.859,0.859,0.854,0.853,0.85,0.846,0.845,0.843,0.841,0.839,0.835,0.831,0.83,0.826,0.822,0.818,0.814,0.812,0.805,0.8,0.793,0.789,0.785,0.778,0.773,0.77,0.762,0.752,0.745,0.737,0.73,0.724,0.718,0.712,0.7,0.689,0.681,0.672,0.663,0.654,0.647,0.64,0.625,0.614,0.604,0.595,0.586,0.578,0.571,0.564,0.553,0.544,0.537,0.531,0.526,0.522,0.517,0.512,0.505,0.497,0.489,0.483,0.477,0.47,0.464,0.459,0.446,0.431,0.418,0.411,0.408,0.401,0.393,0.385,0.369,0.352,0.337,0.322,0.305,0.291,0.279,0.269,0.254,0.244,0.238,0.233,0.22,0.202,0.186,0.174,0.147,0.127,0.118,0.116,0.107,0.0855,0.0684,0.0565,0.0383,0.0265,0.0181,0.0108,0.00575,0.00302,0.00101,0.00146,0.00319,0.00256,0.00353,0.0033,0.00395,0.00388,0.00355,0.00328,0.00381,0.00263,0.00483,0.00406,0.00243,0.00678,0.0111,0.00277,0.00628,0.0045,0.00531,0.00446,0.012,0.0223,0.0151,0.00779,0.00625,0.00641,0.0158,0.0124,0.00415,0.00818,0.00375,0.0,0.0,0.0,0.0,0.0,0.0,0.0,0.0,0.0,0.0,0.0,0.0,0.0,0.0,0.0,0.0,0.0,0.0,0.0,0.0,0.0,0.0,0.0,0.0,0.0,0.0,0.0,0.0,0.0,0.0,0.0,0.0,0.5,1.0,1.5,2.0,2.5,3.0,3.5,4.0,4.5,5.5,6.5,7.5,8.5,9.5,10.5,11.5,12.5,14.5,16.5,18.5,20.5,22.5,24.5,26.5,28.5,32.5,36.5,40.5,44.5,48.5,52.5,56.5,60.5,68.5,76.5,84.5,92.5,101.0,109.0,117.0,125.0,141.0,157.0,173.0,189.0,205.0,221.0,237.0,253.0,285.0,317.0,349.0,381.0,413.0,445.0,477.0,509.0,573.0,637.0,701.0,765.0,829.0,893.0,957.0,1020.0,1150.0,1280.0,1400.0,1530.0,1660.0,1790.0,1920.0,2040.0,2300.0,2560.0,2810.0,3070.0,3320.0,3580.0,3840.0,4090.0,4600.0,5120.0,5630.0,6140.0,6650.0,7160.0,7680.0,8190.0,9210.0,10200.0,11300.0,12300.0,13300.0,14300.0,15400.0,16400.0,18400.0,20500.0,22500.0,24600.0,26600.0,28700.0,30700.0,32800.0,36900.0,41000.0,45100.0,49100.0,53200.0,57300.0,61400.0,65500.0,73700.0,81900.0,90100.0,98300.0,106000.0,115000.0,123000.0,131000.0,147000.0,164000.0,180000.0,197000.0,213000.0,229000.0,246000.0,262000.0,295000.0,328000.0,360000.0,393000.0,426000.0,459000.0,492000.0,524000.0,590000.0,655000.0,721000.0,786000.0,852000.0,918000.0,983000.0,1050000.0,1180000.0,1310000.0,1440000.0,1570000.0,1700000.0,1840000.0,1970000.0,2100000.0,2360000.0,2620000.0,2880000.0,3150000.0,3410000.0,3670000.0,3930000.0,4190000.0,4720000.0,5240000.0,5770000.0,6290000.0,6820000.0,7340000.0,7860000.0,8390000.0,9440000.0,10500000.0,11500000.0,12600000.0,13600000.0,14700000.0,15700000.0,16800000.0,18900000.0,21000000.0,23100000.0,25200000.0,27300000.0,29400000.0,31500000.0,33600000.0,37700000.0,41900000.0,46100000.0,50300000.0,54500000.0,58700000.0,62900000.0
"sexta-feira, 17 de abril de 2026 17:22:00",Size,i_2S-20ug_mL 1,1.17,1.18,1.17,1.17,1.17,1.17,1.17,1.17,1.16,1.17,1.16,1.17,1.16,1.16,1.16,1.16,1.16,1.15,1.16,1.15,1.15,1.15,1.15,1.14,1.14,1.14,1.13,1.13,1.13,1.12,1.12,1.12,1.12,1.11,1.11,1.1,1.09,1.09,1.08,1.08,1.08,1.07,1.06,1.05,1.04,1.04,1.03,1.02,1.01,1.0,0.989,0.978,0.968,0.958,0.948,0.939,0.932,0.915,0.9,0.886,0.874,0.861,0.849,0.838,0.828,0.81,0.793,0.778,0.766,0.755,0.745,0.736,0.729,0.714,0.702,0.693,0.685,0.678,0.673,0.666,0.659,0.645,0.632,0.618,0.606,0.598,0.591,0.582,0.571,0.553,0.54,0.529,0.518,0.508,0.501,0.492,0.485,0.473,0.469,0.46,0.452,0.443,0.435,0.425,0.416,0.402,0.383,0.359,0.337,0.311,0.289,0.275,0.259,0.24,0.214,0.191,0.165,0.137,0.118,0.102,0.0886,0.0662,0.0474,0.0358,0.0268,0.0218,0.0184,0.0167,0.0131,0.00824,0.00316,0.00186,0.00206,0.00224,0.00282,0.00249,0.00811,0.0117,0.0125,0.0148,0.00827,0.0139,0.0176,0.0118,0.00716,0.0107,0.00555,0.0108,0.0169,0.0133,0.00591,0.00784,0.00805,0.00414,0.00609,0.0126,0.0116,0.00747,0.00614,0.00747,0.0,0.0,0.0,0.0,0.0,0.0,0.0,0.0,0.0,0.0,0.0,0.0,0.0,0.0,0.0,0.0,0.0,0.0,0.0,0.0,0.0,0.0,0.0,0.0,0.0,0.0,0.0,0.0,0.0,0.0,0.0,0.0,0.5,1.0,1.5,2.0,2.5,3.0,3.5,4.0,4.5,5.5,6.5,7.5,8.5,9.5,10.5,11.5,12.5,14.5,16.5,18.5,20.5,22.5,24.5,26.5,28.5,32.5,36.5,40.5,44.5,48.5,52.5,56.5,60.5,68.5,76.5,84.5,92.5,101.0,109.0,117.0,125.0,141.0,157.0,173.0,189.0,205.0,221.0,237.0,253.0,285.0,317.0,349.0,381.0,413.0,445.0,477.0,509.0,573.0,637.0,701.0,765.0,829.0,893.0,957.0,1020.0,1150.0,1280.0,1400.0,1530.0,1660.0,1790.0,1920.0,2040.0,2300.0,2560.0,2810.0,3070.0,3320.0,3580.0,3840.0,4090.0,4600.0,5120.0,5630.0,6140.0,6650.0,7160.0,7680.0,8190.0,9210.0,10200.0,11300.0,12300.0,13300.0,14300.0,15400.0,16400.0,18400.0,20500.0,22500.0,24600.0,26600.0,28700.0,30700.0,32800.0,36900.0,41000.0,45100.0,49100.0,53200.0,57300.0,61400.0,65500.0,73700.0,81900.0,90100.0,98300.0,106000.0,115000.0,123000.0,131000.0,147000.0,164000.0,180000.0,197000.0,213000.0,229000.0,246000.0,262000.0,295000.0,328000.0,360000.0,393000.0,426000.0,459000.0,492000.0,524000.0,590000.0,655000.0,721000.0,786000.0,852000.0,918000.0,983000.0,1050000.0,1180000.0,1310000.0,1440000.0,1570000.0,1700000.0,1840000.0,1970000.0,2100000.0,2360000.0,2620000.0,2880000.0,3150000.0,3410000.0,3670000.0,3930000.0,4190000.0,4720000.0,5240000.0,5770000.0,6290000.0,6820000.0,7340000.0,7860000.0,8390000.0,9440000.0,10500000.0,11500000.0,12600000.0,13600000.0,14700000.0,15700000.0,16800000.0,18900000.0,21000000.0,23100000.0,25200000.0,27300000.0,29400000.0,31500000.0,33600000.0,37700000.0,41900000.0,46100000.0,50300000.0,54500000.0,58700000.0,62900000.0
"sexta-feira, 17 de abril de 2026 17:29:06",Size,i_2S-20ug_mL 2,0.539,0.528,0.535,0.524,0.524,0.538,0.527,0.528,0.528,0.52,0.519,0.517,0.513,0.514,0.519,0.513,0.512,0.509,0.507,0.504,0.505,0.504,0.505,0.499,0.497,0.493,0.491,0.488,0.485,0.483,0.48,0.474,0.471,0.469,0.462,0.459,0.453,0.448,0.445,0.442,0.436,0.428,0.422,0.414,0.408,0.402,0.396,0.39,0.386,0.376,0.366,0.359,0.35,0.343,0.336,0.329,0.323,0.311,0.301,0.292,0.284,0.275,0.268,0.261,0.255,0.245,0.235,0.227,0.22,0.214,0.209,0.204,0.201,0.195,0.191,0.188,0.185,0.182,0.18,0.179,0.177,0.174,0.172,0.169,0.167,0.163,0.161,0.16,0.159,0.154,0.152,0.151,0.148,0.145,0.143,0.143,0.141,0.137,0.134,0.131,0.127,0.126,0.126,0.126,0.126,0.125,0.123,0.121,0.122,0.119,0.118,0.116,0.115,0.114,0.111,0.11,0.109,0.108,0.108,0.108,0.104,0.1,0.0965,0.0962,0.0911,0.0879,0.0829,0.081,0.0768,0.0683,0.0625,0.0569,0.0503,0.0433,0.0358,0.0295,0.026,0.0191,0.0142,0.0115,0.00994,0.00882,0.00813,0.00784,0.00766,0.00842,0.00874,0.00783,0.00735,0.00757,0.00571,0.0051,0.00251,0.00427,0.004,0.00558,0.00787,0.00985,0.00808,0.00969,0.0,0.0,0.0,0.0,0.0,0.0,0.0,0.0,0.0,0.0,0.0,0.0,0.0,0.0,0.0,0.0,0.0,0.0,0.0,0.0,0.0,0.0,0.0,0.0,0.0,0.0,0.0,0.0,0.0,0.0,0.0,0.0,0.5,1.0,1.5,2.0,2.5,3.0,3.5,4.0,4.5,5.5,6.5,7.5,8.5,9.5,10.5,11.5,12.5,14.5,16.5,18.5,20.5,22.5,24.5,26.5,28.5,32.5,36.5,40.5,44.5,48.5,52.5,56.5,60.5,68.5,76.5,84.5,92.5,101.0,109.0,117.0,125.0,141.0,157.0,173.0,189.0,205.0,221.0,237.0,253.0,285.0,317.0,349.0,381.0,413.0,445.0,477.0,509.0,573.0,637.0,701.0,765.0,829.0,893.0,957.0,1020.0,1150.0,1280.0,1400.0,1530.0,1660.0,1790.0,1920.0,2040.0,2300.0,2560.0,2810.0,3070.0,3320.0,3580.0,3840.0,4090.0,4600.0,5120.0,5630.0,6140.0,6650.0,7160.0,7680.0,8190.0,9210.0,10200.0,11300.0,12300.0,13300.0,14300.0,15400.0,16400.0,18400.0,20500.0,22500.0,24600.0,26600.0,28700.0,30700.0,32800.0,36900.0,41000.0,45100.0,49100.0,53200.0,57300.0,61400.0,65500.0,73700.0,81900.0,90100.0,98300.0,106000.0,115000.0,123000.0,131000.0,147000.0,164000.0,180000.0,197000.0,213000.0,229000.0,246000.0,262000.0,295000.0,328000.0,360000.0,393000.0,426000.0,459000.0,492000.0,524000.0,590000.0,655000.0,721000.0,786000.0,852000.0,918000.0,983000.0,1050000.0,1180000.0,1310000.0,1440000.0,1570000.0,1700000.0,1840000.0,1970000.0,2100000.0,2360000.0,2620000.0,2880000.0,3150000.0,3410000.0,3670000.0,3930000.0,4190000.0,4720000.0,5240000.0,5770000.0,6290000.0,6820000.0,7340000.0,7860000.0,8390000.0,9440000.0,10500000.0,11500000.0,12600000.0,13600000.0,14700000.0,15700000.0,16800000.0,18900000.0,21000000.0,23100000.0,25200000.0,27300000.0,29400000.0,31500000.0,33600000.0,37700000.0,41900000.0,46100000.0,50300000.0,54500000.0,58700000.0,62900000.0
"sexta-feira, 17 de abril de 2026 17:36:12",Size,i_2S-20ug_mL 3,0.294,0.3,0.299,0.298,0.299,0.297,0.296,0.299,0.298,0.295,0.295,0.293,0.295,0.294,0.293,0.293,0.293,0.292,0.291,0.291,0.29,0.289,0.288,0.287,0.287,0.285,0.284,0.283,0.281,0.28,0.279,0.278,0.277,0.274,0.272,0.269,0.267,0.266,0.264,0.261,0.259,0.256,0.252,0.248,0.246,0.242,0.239,0.236,0.233,0.227,0.222,0.217,0.211,0.207,0.202,0.197,0.193,0.185,0.177,0.169,0.162,0.156,0.149,0.143,0.137,0.126,0.117,0.108,0.101,0.0937,0.0879,0.083,0.0788,0.0722,0.0679,0.0649,0.063,0.0618,0.0612,0.0608,0.0609,0.061,0.0613,0.0609,0.0597,0.0582,0.0576,0.0576,0.0575,0.0558,0.0544,0.0541,0.0531,0.0526,0.0529,0.0529,0.0521,0.0492,0.0498,0.049,0.0477,0.0463,0.0462,0.0452,0.0443,0.0417,0.0413,0.0394,0.0402,0.039,0.0391,0.0375,0.0379,0.0358,0.0367,0.0359,0.0362,0.0355,0.0349,0.0338,0.0337,0.0332,0.0316,0.031,0.032,0.0329,0.0319,0.0318,0.0304,0.0291,0.0275,0.0247,0.0209,0.0219,0.0211,0.0182,0.0157,0.0107,0.0092,0.00814,0.00507,0.00238,0.00252,0.00175,0.00142,0.00105,0.000924,0.00165,0.00124,0.0019,0.00194,0.00192,0.00335,0.00361,0.0029,0.00777,0.0135,0.0154,0.0152,0.0107,0.0,0.0,0.0,0.0,0.0,0.0,0.0,0.0,0.0,0.0,0.0,0.0,0.0,0.0,0.0,0.0,0.0,0.0,0.0,0.0,0.0,0.0,0.0,0.0,0.0,0.0,0.0,0.0,0.0,0.0,0.0,0.0,0.5,1.0,1.5,2.0,2.5,3.0,3.5,4.0,4.5,5.5,6.5,7.5,8.5,9.5,10.5,11.5,12.5,14.5,16.5,18.5,20.5,22.5,24.5,26.5,28.5,32.5,36.5,40.5,44.5,48.5,52.5,56.5,60.5,68.5,76.5,84.5,92.5,101.0,109.0,117.0,125.0,141.0,157.0,173.0,189.0,205.0,221.0,237.0,253.0,285.0,317.0,349.0,381.0,413.0,445.0,477.0,509.0,573.0,637.0,701.0,765.0,829.0,893.0,957.0,1020.0,1150.0,1280.0,1400.0,1530.0,1660.0,1790.0,1920.0,2040.0,2300.0,2560.0,2810.0,3070.0,3320.0,3580.0,3840.0,4090.0,4600.0,5120.0,5630.0,6140.0,6650.0,7160.0,7680.0,8190.0,9210.0,10200.0,11300.0,12300.0,13300.0,14300.0,15400.0,16400.0,18400.0,20500.0,22500.0,24600.0,26600.0,28700.0,30700.0,32800.0,36900.0,41000.0,45100.0,49100.0,53200.0,57300.0,61400.0,65500.0,73700.0,81900.0,90100.0,98300.0,106000.0,115000.0,123000.0,131000.0,147000.0,164000.0,180000.0,197000.0,213000.0,229000.0,246000.0,262000.0,295000.0,328000.0,360000.0,393000.0,426000.0,459000.0,492000.0,524000.0,590000.0,655000.0,721000.0,786000.0,852000.0,918000.0,983000.0,1050000.0,1180000.0,1310000.0,1440000.0,1570000.0,1700000.0,1840000.0,1970000.0,2100000.0,2360000.0,2620000.0,2880000.0,3150000.0,3410000.0,3670000.0,3930000.0,4190000.0,4720000.0,5240000.0,5770000.0,6290000.0,6820000.0,7340000.0,7860000.0,8390000.0,9440000.0,10500000.0,11500000.0,12600000.0,13600000.0,14700000.0,15700000.0,16800000.0,18900000.0,21000000.0,23100000.0,25200000.0,27300000.0,29400000.0,31500000.0,33600000.0,37700000.0,41900000.0,46100000.0,50300000.0,54500000.0,58700000.0,62900000.0
"sexta-feira, 17 de abril de 2026 17:54:56",Size,L_3S-35ug_mL 1,0.666,0.671,0.658,0.667,0.658,0.666,0.665,0.658,0.66,0.656,0.664,0.656,0.656,0.654,0.651,0.656,0.653,0.646,0.642,0.642,0.641,0.641,0.64,0.636,0.634,0.633,0.628,0.626,0.622,0.623,0.618,0.615,0.613,0.607,0.604,0.599,0.596,0.591,0.586,0.583,0.579,0.572,0.565,0.558,0.551,0.546,0.541,0.535,0.529,0.519,0.509,0.5,0.492,0.485,0.477,0.47,0.463,0.449,0.436,0.425,0.414,0.403,0.393,0.384,0.375,0.359,0.344,0.33,0.317,0.305,0.295,0.285,0.276,0.26,0.246,0.235,0.225,0.217,0.21,0.205,0.2,0.193,0.188,0.183,0.181,0.179,0.178,0.177,0.176,0.173,0.171,0.169,0.166,0.167,0.169,0.168,0.165,0.16,0.157,0.155,0.153,0.148,0.144,0.144,0.141,0.138,0.128,0.115,0.106,0.101,0.0932,0.0847,0.0794,0.0691,0.0582,0.0463,0.0336,0.0295,0.0223,0.0192,0.0166,0.0128,0.0105,0.0083,0.00868,0.00573,0.00612,0.00617,0.00661,0.0068,0.00926,0.00818,0.00378,0.00145,0.00248,0.00429,0.00621,0.00865,0.00836,0.0104,0.00915,0.00648,0.00513,0.00315,0.00284,0.00495,0.00359,0.00542,0.00342,0.00292,0.0121,0.0113,0.00629,0.0152,0.00595,0.0083,0.0135,0.0102,0.00844,0.0078,0.0,0.0,0.0,0.0,0.0,0.0,0.0,0.0,0.0,0.0,0.0,0.0,0.0,0.0,0.0,0.0,0.0,0.0,0.0,0.0,0.0,0.0,0.0,0.0,0.0,0.0,0.0,0.0,0.0,0.0,0.0,0.0,0.5,1.0,1.5,2.0,2.5,3.0,3.5,4.0,4.5,5.5,6.5,7.5,8.5,9.5,10.5,11.5,12.5,14.5,16.5,18.5,20.5,22.5,24.5,26.5,28.5,32.5,36.5,40.5,44.5,48.5,52.5,56.5,60.5,68.5,76.5,84.5,92.5,101.0,109.0,117.0,125.0,141.0,157.0,173.0,189.0,205.0,221.0,237.0,253.0,285.0,317.0,349.0,381.0,413.0,445.0,477.0,509.0,573.0,637.0,701.0,765.0,829.0,893.0,957.0,1020.0,1150.0,1280.0,1400.0,1530.0,1660.0,1790.0,1920.0,2040.0,2300.0,2560.0,2810.0,3070.0,3320.0,3580.0,3840.0,4090.0,4600.0,5120.0,5630.0,6140.0,6650.0,7160.0,7680.0,8190.0,9210.0,10200.0,11300.0,12300.0,13300.0,14300.0,15400.0,16400.0,18400.0,20500.0,22500.0,24600.0,26600.0,28700.0,30700.0,32800.0,36900.0,41000.0,45100.0,49100.0,53200.0,57300.0,61400.0,65500.0,73700.0,81900.0,90100.0,98300.0,106000.0,115000.0,123000.0,131000.0,147000.0,164000.0,180000.0,197000.0,213000.0,229000.0,246000.0,262000.0,295000.0,328000.0,360000.0,393000.0,426000.0,459000.0,492000.0,524000.0,590000.0,655000.0,721000.0,786000.0,852000.0,918000.0,983000.0,1050000.0,1180000.0,1310000.0,1440000.0,1570000.0,1700000.0,1840000.0,1970000.0,2100000.0,2360000.0,2620000.0,2880000.0,3150000.0,3410000.0,3670000.0,3930000.0,4190000.0,4720000.0,5240000.0,5770000.0,6290000.0,6820000.0,7340000.0,7860000.0,8390000.0,9440000.0,10500000.0,11500000.0,12600000.0,13600000.0,14700000.0,15700000.0,16800000.0,18900000.0,21000000.0,23100000.0,25200000.0,27300000.0,29400000.0,31500000.0,33600000.0,37700000.0,41900000.0,46100000.0,50300000.0,54500000.0,58700000.0,62900000.0
"sexta-feira, 17 de abril de 2026 17:58:59",Size,L_3S-35ug_mL 2,0.589,0.583,0.582,0.586,0.582,0.581,0.582,0.582,0.58,0.574,0.574,0.575,0.574,0.572,0.57,0.569,0.57,0.567,0.562,0.559,0.556,0.557,0.554,0.551,0.549,0.547,0.545,0.54,0.538,0.535,0.532,0.526,0.527,0.52,0.515,0.512,0.507,0.502,0.497,0.492,0.489,0.483,0.476,0.469,0.463,0.456,0.45,0.445,0.439,0.429,0.418,0.409,0.4,0.392,0.383,0.376,0.369,0.354,0.342,0.33,0.318,0.307,0.296,0.286,0.277,0.258,0.241,0.227,0.213,0.201,0.189,0.179,0.171,0.155,0.142,0.132,0.125,0.119,0.114,0.111,0.109,0.108,0.108,0.107,0.107,0.106,0.102,0.0977,0.0939,0.0893,0.0867,0.0876,0.0888,0.0873,0.0845,0.0834,0.0817,0.0827,0.0802,0.0807,0.0817,0.0799,0.0769,0.0779,0.0757,0.0721,0.0715,0.0711,0.07,0.0727,0.0721,0.0681,0.0656,0.0624,0.0613,0.0591,0.0541,0.0519,0.0478,0.0466,0.0442,0.0407,0.0373,0.0336,0.0276,0.0277,0.0239,0.023,0.0199,0.015,0.00996,0.00784,0.0046,0.00335,0.00123,0.00191,0.00185,0.00177,0.000399,0.000412,0.000781,0.00127,0.00254,0.00246,0.00336,0.00434,0.00472,0.00355,0.00197,0.000292,0.000159,0.000997,0.00419,0.0131,0.0105,0.00859,0.0129,0.0103,0.00634,0.00521,0.0,0.0,0.0,0.0,0.0,0.0,0.0,0.0,0.0,0.0,0.0,0.0,0.0,0.0,0.0,0.0,0.0,0.0,0.0,0.0,0.0,0.0,0.0,0.0,0.0,0.0,0.0,0.0,0.0,0.0,0.0,0.0,0.5,1.0,1.5,2.0,2.5,3.0,3.5,4.0,4.5,5.5,6.5,7.5,8.5,9.5,10.5,11.5,12.5,14.5,16.5,18.5,20.5,22.5,24.5,26.5,28.5,32.5,36.5,40.5,44.5,48.5,52.5,56.5,60.5,68.5,76.5,84.5,92.5,101.0,109.0,117.0,125.0,141.0,157.0,173.0,189.0,205.0,221.0,237.0,253.0,285.0,317.0,349.0,381.0,413.0,445.0,477.0,509.0,573.0,637.0,701.0,765.0,829.0,893.0,957.0,1020.0,1150.0,1280.0,1400.0,1530.0,1660.0,1790.0,1920.0,2040.0,2300.0,2560.0,2810.0,3070.0,3320.0,3580.0,3840.0,4090.0,4600.0,5120.0,5630.0,6140.0,6650.0,7160.0,7680.0,8190.0,9210.0,10200.0,11300.0,12300.0,13300.0,14300.0,15400.0,16400.0,18400.0,20500.0,22500.0,24600.0,26600.0,28700.0,30700.0,32800.0,36900.0,41000.0,45100.0,49100.0,53200.0,57300.0,61400.0,65500.0,73700.0,81900.0,90100.0,98300.0,106000.0,115000.0,123000.0,131000.0,147000.0,164000.0,180000.0,197000.0,213000.0,229000.0,246000.0,262000.0,295000.0,328000.0,360000.0,393000.0,426000.0,459000.0,492000.0,524000.0,590000.0,655000.0,721000.0,786000.0,852000.0,918000.0,983000.0,1050000.0,1180000.0,1310000.0,1440000.0,1570000.0,1700000.0,1840000.0,1970000.0,2100000.0,2360000.0,2620000.0,2880000.0,3150000.0,3410000.0,3670000.0,3930000.0,4190000.0,4720000.0,5240000.0,5770000.0,6290000.0,6820000.0,7340000.0,7860000.0,8390000.0,9440000.0,10500000.0,11500000.0,12600000.0,13600000.0,14700000.0,15700000.0,16800000.0,18900000.0,21000000.0,23100000.0,25200000.0,27300000.0,29400000.0,31500000.0,33600000.0,37700000.0,41900000.0,46100000.0,50300000.0,54500000.0,58700000.0,62900000.0
"sexta-feira, 17 de abril de 2026 18:03:03",Size,L_3S-35ug_mL 3,0.475,0.471,0.471,0.468,0.466,0.473,0.466,0.468,0.462,0.465,0.465,0.457,0.46,0.459,0.459,0.452,0.455,0.449,0.452,0.446,0.449,0.442,0.441,0.443,0.441,0.438,0.435,0.43,0.427,0.426,0.424,0.42,0.42,0.414,0.408,0.406,0.403,0.398,0.395,0.39,0.387,0.38,0.374,0.369,0.364,0.358,0.353,0.347,0.343,0.334,0.325,0.317,0.31,0.303,0.296,0.289,0.282,0.271,0.261,0.25,0.24,0.231,0.222,0.214,0.205,0.19,0.177,0.164,0.153,0.142,0.132,0.123,0.115,0.0987,0.086,0.076,0.0678,0.0611,0.0556,0.0523,0.0504,0.0474,0.0466,0.0478,0.049,0.0501,0.0505,0.0495,0.0478,0.0439,0.0409,0.0387,0.038,0.0378,0.0371,0.0374,0.0356,0.0356,0.0351,0.0354,0.0377,0.0357,0.033,0.0328,0.0308,0.0294,0.0313,0.0312,0.031,0.031,0.0313,0.0282,0.0277,0.0263,0.0266,0.0255,0.0253,0.0261,0.0242,0.0242,0.0244,0.0234,0.0219,0.0202,0.0224,0.0216,0.0201,0.0191,0.0177,0.0161,0.0161,0.0132,0.0131,0.013,0.0132,0.011,0.0108,0.00996,0.0105,0.00972,0.00729,0.00726,0.00562,0.00548,0.00421,0.00378,0.0033,0.00288,0.00219,0.00253,0.00193,0.00247,0.00278,0.00338,0.00364,0.00236,0.00242,0.00146,0.00074,0.00109,0.0,0.0,0.0,0.0,0.0,0.0,0.0,0.0,0.0,0.0,0.0,0.0,0.0,0.0,0.0,0.0,0.0,0.0,0.0,0.0,0.0,0.0,0.0,0.0,0.0,0.0,0.0,0.0,0.0,0.0,0.0,0.0,0.5,1.0,1.5,2.0,2.5,3.0,3.5,4.0,4.5,5.5,6.5,7.5,8.5,9.5,10.5,11.5,12.5,14.5,16.5,18.5,20.5,22.5,24.5,26.5,28.5,32.5,36.5,40.5,44.5,48.5,52.5,56.5,60.5,68.5,76.5,84.5,92.5,101.0,109.0,117.0,125.0,141.0,157.0,173.0,189.0,205.0,221.0,237.0,253.0,285.0,317.0,349.0,381.0,413.0,445.0,477.0,509.0,573.0,637.0,701.0,765.0,829.0,893.0,957.0,1020.0,1150.0,1280.0,1400.0,1530.0,1660.0,1790.0,1920.0,2040.0,2300.0,2560.0,2810.0,3070.0,3320.0,3580.0,3840.0,4090.0,4600.0,5120.0,5630.0,6140.0,6650.0,7160.0,7680.0,8190.0,9210.0,10200.0,11300.0,12300.0,13300.0,14300.0,15400.0,16400.0,18400.0,20500.0,22500.0,24600.0,26600.0,28700.0,30700.0,32800.0,36900.0,41000.0,45100.0,49100.0,53200.0,57300.0,61400.0,65500.0,73700.0,81900.0,90100.0,98300.0,106000.0,115000.0,123000.0,131000.0,147000.0,164000.0,180000.0,197000.0,213000.0,229000.0,246000.0,262000.0,295000.0,328000.0,360000.0,393000.0,426000.0,459000.0,492000.0,524000.0,590000.0,655000.0,721000.0,786000.0,852000.0,918000.0,983000.0,1050000.0,1180000.0,1310000.0,1440000.0,1570000.0,1700000.0,1840000.0,1970000.0,2100000.0,2360000.0,2620000.0,2880000.0,3150000.0,3410000.0,3670000.0,3930000.0,4190000.0,4720000.0,5240000.0,5770000.0,6290000.0,6820000.0,7340000.0,7860000.0,8390000.0,9440000.0,10500000.0,11500000.0,12600000.0,13600000.0,14700000.0,15700000.0,16800000.0,18900000.0,21000000.0,23100000.0,25200000.0,27300000.0,29400000.0,31500000.0,33600000.0,37700000.0,41900000.0,46100000.0,50300000.0,54500000.0,58700000.0,62900000.0
"sexta-feira, 17 de abril de 2026 18:11:32",Size,i_2S-20ug_mL-mean,1.17,1.18,1.17,1.17,1.17,1.17,1.17,1.17,1.16,1.17,1.16,1.17,1.16,1.16,1.16,1.16,1.16,1.15,1.16,1.15,1.15,1.15,1.15,1.14,1.14,1.14,1.13,1.13,1.13,1.12,1.12,1.12,1.12,1.11,1.11,1.1,1.09,1.09,1.08,1.08,1.08,1.07,1.06,1.05,1.04,1.04,1.03,1.02,1.01,1.0,0.989,0.978,0.968,0.958,0.948,0.939,0.932,0.915,0.9,0.886,0.874,0.861,0.849,0.838,0.828,0.81,0.793,0.778,0.766,0.755,0.745,0.736,0.729,0.714,0.702,0.693,0.685,0.678,0.673,0.666,0.659,0.645,0.632,0.618,0.606,0.598,0.591,0.582,0.571,0.553,0.54,0.529,0.518,0.508,0.501,0.492,0.485,0.473,0.469,0.46,0.452,0.443,0.435,0.425,0.416,0.402,0.383,0.359,0.337,0.311,0.289,0.275,0.259,0.24,0.214,0.191,0.165,0.137,0.118,0.102,0.0886,0.0662,0.0474,0.0358,0.0268,0.0218,0.0184,0.0167,0.0131,0.00824,0.00316,0.00186,0.00206,0.00224,0.00282,0.00249,0.00811,0.0117,0.0125,0.0148,0.00827,0.0139,0.0176,0.0118,0.00716,0.0107,0.00555,0.0108,0.0169,0.0133,0.00591,0.00784,0.00805,0.00414,0.00609,0.0126,0.0116,0.00747,0.00614,0.00747,0.0,0.0,0.0,0.0,0.0,0.0,0.0,0.0,0.0,0.0,0.0,0.0,0.0,0.0,0.0,0.0,0.0,0.0,0.0,0.0,0.0,0.0,0.0,0.0,0.0,0.0,0.0,0.0,0.0,0.0,0.0,0.0,0.5,1.0,1.5,2.0,2.5,3.0,3.5,4.0,4.5,5.5,6.5,7.5,8.5,9.5,10.5,11.5,12.5,14.5,16.5,18.5,20.5,22.5,24.5,26.5,28.5,32.5,36.5,40.5,44.5,48.5,52.5,56.5,60.5,68.5,76.5,84.5,92.5,101.0,109.0,117.0,125.0,141.0,157.0,173.0,189.0,205.0,221.0,237.0,253.0,285.0,317.0,349.0,381.0,413.0,445.0,477.0,509.0,573.0,637.0,701.0,765.0,829.0,893.0,957.0,1020.0,1150.0,1280.0,1400.0,1530.0,1660.0,1790.0,1920.0,2040.0,2300.0,2560.0,2810.0,3070.0,3320.0,3580.0,3840.0,4090.0,4600.0,5120.0,5630.0,6140.0,6650.0,7160.0,7680.0,8190.0,9210.0,10200.0,11300.0,12300.0,13300.0,14300.0,15400.0,16400.0,18400.0,20500.0,22500.0,24600.0,26600.0,28700.0,30700.0,32800.0,36900.0,41000.0,45100.0,49100.0,53200.0,57300.0,61400.0,65500.0,73700.0,81900.0,90100.0,98300.0,106000.0,115000.0,123000.0,131000.0,147000.0,164000.0,180000.0,197000.0,213000.0,229000.0,246000.0,262000.0,295000.0,328000.0,360000.0,393000.0,426000.0,459000.0,492000.0,524000.0,590000.0,655000.0,721000.0,786000.0,852000.0,918000.0,983000.0,1050000.0,1180000.0,1310000.0,1440000.0,1570000.0,1700000.0,1840000.0,1970000.0,2100000.0,2360000.0,2620000.0,2880000.0,3150000.0,3410000.0,3670000.0,3930000.0,4190000.0,4720000.0,5240000.0,5770000.0,6290000.0,6820000.0,7340000.0,7860000.0,8390000.0,9440000.0,10500000.0,11500000.0,12600000.0,13600000.0,14700000.0,15700000.0,16800000.0,18900000.0,21000000.0,23100000.0,25200000.0,27300000.0,29400000.0,31500000.0,33600000.0,37700000.0,41900000.0,46100000.0,50300000.0,54500000.0,58700000.0,62900000.0
"sexta-feira, 17 de abril de 2026 18:11:52",Size,L_3S-35ug_mL-mean,0.666,0.671,0.658,0.667,0.658,0.666,0.665,0.658,0.66,0.656,0.664,0.656,0.656,0.654,0.651,0.656,0.653,0.646,0.642,0.642,0.641,0.641,0.64,0.636,0.634,0.633,0.628,0.626,0.622,0.623,0.618,0.615,0.613,0.607,0.604,0.599,0.596,0.591,0.586,0.583,0.579,0.572,0.565,0.558,0.551,0.546,0.541,0.535,0.529,0.519,0.509,0.5,0.492,0.485,0.477,0.47,0.463,0.449,0.436,0.425,0.414,0.403,0.393,0.384,0.375,0.359,0.344,0.33,0.317,0.305,0.295,0.285,0.276,0.26,0.246,0.235,0.225,0.217,0.21,0.205,0.2,0.193,0.188,0.183,0.181,0.179,0.178,0.177,0.176,0.173,0.171,0.169,0.166,0.167,0.169,0.168,0.165,0.16,0.157,0.155,0.153,0.148,0.144,0.144,0.141,0.138,0.128,0.115,0.106,0.101,0.0932,0.0847,0.0794,0.0691,0.0582,0.0463,0.0336,0.0295,0.0223,0.0192,0.0166,0.0128,0.0105,0.0083,0.00868,0.00573,0.00612,0.00617,0.00661,0.0068,0.00926,0.00818,0.00378,0.00145,0.00248,0.00429,0.00621,0.00865,0.00836,0.0104,0.00915,0.00648,0.00513,0.00315,0.00284,0.00495,0.00359,0.00542,0.00342,0.00292,0.0121,0.0113,0.00629,0.0152,0.00595,0.0083,0.0135,0.0102,0.00844,0.0078,0.0,0.0,0.0,0.0,0.0,0.0,0.0,0.0,0.0,0.0,0.0,0.0,0.0,0.0,0.0,0.0,0.0,0.0,0.0,0.0,0.0,0.0,0.0,0.0,0.0,0.0,0.0,0.0,0.0,0.0,0.0,0.0,0.5,1.0,1.5,2.0,2.5,3.0,3.5,4.0,4.5,5.5,6.5,7.5,8.5,9.5,10.5,11.5,12.5,14.5,16.5,18.5,20.5,22.5,24.5,26.5,28.5,32.5,36.5,40.5,44.5,48.5,52.5,56.5,60.5,68.5,76.5,84.5,92.5,101.0,109.0,117.0,125.0,141.0,157.0,173.0,189.0,205.0,221.0,237.0,253.0,285.0,317.0,349.0,381.0,413.0,445.0,477.0,509.0,573.0,637.0,701.0,765.0,829.0,893.0,957.0,1020.0,1150.0,1280.0,1400.0,1530.0,1660.0,1790.0,1920.0,2040.0,2300.0,2560.0,2810.0,3070.0,3320.0,3580.0,3840.0,4090.0,4600.0,5120.0,5630.0,6140.0,6650.0,7160.0,7680.0,8190.0,9210.0,10200.0,11300.0,12300.0,13300.0,14300.0,15400.0,16400.0,18400.0,20500.0,22500.0,24600.0,26600.0,28700.0,30700.0,32800.0,36900.0,41000.0,45100.0,49100.0,53200.0,57300.0,61400.0,65500.0,73700.0,81900.0,90100.0,98300.0,106000.0,115000.0,123000.0,131000.0,147000.0,164000.0,180000.0,197000.0,213000.0,229000.0,246000.0,262000.0,295000.0,328000.0,360000.0,393000.0,426000.0,459000.0,492000.0,524000.0,590000.0,655000.0,721000.0,786000.0,852000.0,918000.0,983000.0,1050000.0,1180000.0,1310000.0,1440000.0,1570000.0,1700000.0,1840000.0,1970000.0,2100000.0,2360000.0,2620000.0,2880000.0,3150000.0,3410000.0,3670000.0,3930000.0,4190000.0,4720000.0,5240000.0,5770000.0,6290000.0,6820000.0,7340000.0,7860000.0,8390000.0,9440000.0,10500000.0,11500000.0,12600000.0,13600000.0,14700000.0,15700000.0,16800000.0,18900000.0,21000000.0,23100000.0,25200000.0,27300000.0,29400000.0,31500000.0,33600000.0,37700000.0,41900000.0,46100000.0,50300000.0,54500000.0,58700000.0,62900000.0
"sexta-feira, 17 de abril de 2026 18:15:05",Size,i_2S-1mg_mL 1,0.974,0.986,0.983,0.982,0.98,0.979,0.977,0.976,0.974,0.971,0.968,0.966,0.965,0.963,0.959,0.958,0.956,0.954,0.95,0.946,0.943,0.94,0.937,0.935,0.932,0.927,0.922,0.917,0.913,0.908,0.904,0.899,0.896,0.888,0.88,0.874,0.867,0.86,0.854,0.848,0.841,0.83,0.819,0.809,0.799,0.789,0.78,0.771,0.763,0.747,0.731,0.717,0.703,0.69,0.678,0.666,0.654,0.633,0.614,0.596,0.579,0.563,0.548,0.534,0.52,0.495,0.472,0.452,0.434,0.418,0.403,0.389,0.377,0.354,0.335,0.318,0.305,0.293,0.283,0.274,0.266,0.251,0.241,0.233,0.227,0.224,0.221,0.219,0.216,0.21,0.204,0.195,0.19,0.19,0.189,0.19,0.189,0.186,0.182,0.174,0.172,0.17,0.17,0.166,0.161,0.152,0.148,0.144,0.142,0.137,0.127,0.116,0.114,0.096,0.0878,0.0715,0.0595,0.0542,0.0457,0.0317,0.0247,0.0123,0.00684,0.00447,0.00605,0.00647,0.00587,0.00677,0.0147,0.0235,0.0295,0.0252,0.0204,0.0128,0.00854,0.0056,0.00284,0.00343,0.00983,0.0115,0.0129,0.00837,0.00432,0.0101,0.0256,0.025,0.0111,0.0243,0.0189,0.0253,0.0104,0.00723,0.00332,0.0105,0.00829,0.007,0.00465,0.0158,0.00664,0.00275,0.0,0.0,0.0,0.0,0.0,0.0,0.0,0.0,0.0,0.0,0.0,0.0,0.0,0.0,0.0,0.0,0.0,0.0,0.0,0.0,0.0,0.0,0.0,0.0,0.0,0.0,0.0,0.0,0.0,0.0,0.0,0.0,0.5,1.0,1.5,2.0,2.5,3.0,3.5,4.0,4.5,5.5,6.5,7.5,8.5,9.5,10.5,11.5,12.5,14.5,16.5,18.5,20.5,22.5,24.5,26.5,28.5,32.5,36.5,40.5,44.5,48.5,52.5,56.5,60.5,68.5,76.5,84.5,92.5,101.0,109.0,117.0,125.0,141.0,157.0,173.0,189.0,205.0,221.0,237.0,253.0,285.0,317.0,349.0,381.0,413.0,445.0,477.0,509.0,573.0,637.0,701.0,765.0,829.0,893.0,957.0,1020.0,1150.0,1280.0,1400.0,1530.0,1660.0,1790.0,1920.0,2040.0,2300.0,2560.0,2810.0,3070.0,3320.0,3580.0,3840.0,4090.0,4600.0,5120.0,5630.0,6140.0,6650.0,7160.0,7680.0,8190.0,9210.0,10200.0,11300.0,12300.0,13300.0,14300.0,15400.0,16400.0,18400.0,20500.0,22500.0,24600.0,26600.0,28700.0,30700.0,32800.0,36900.0,41000.0,45100.0,49100.0,53200.0,57300.0,61400.0,65500.0,73700.0,81900.0,90100.0,98300.0,106000.0,115000.0,123000.0,131000.0,147000.0,164000.0,180000.0,197000.0,213000.0,229000.0,246000.0,262000.0,295000.0,328000.0,360000.0,393000.0,426000.0,459000.0,492000.0,524000.0,590000.0,655000.0,721000.0,786000.0,852000.0,918000.0,983000.0,1050000.0,1180000.0,1310000.0,1440000.0,1570000.0,1700000.0,1840000.0,1970000.0,2100000.0,2360000.0,2620000.0,2880000.0,3150000.0,3410000.0,3670000.0,3930000.0,4190000.0,4720000.0,5240000.0,5770000.0,6290000.0,6820000.0,7340000.0,7860000.0,8390000.0,9440000.0,10500000.0,11500000.0,12600000.0,13600000.0,14700000.0,15700000.0,16800000.0,18900000.0,21000000.0,23100000.0,25200000.0,27300000.0,29400000.0,31500000.0,33600000.0,37700000.0,41900000.0,46100000.0,50300000.0,54500000.0,58700000.0,62900000.0
"sexta-feira, 17 de abril de 2026 18:17:07",Size,i_2S-1mg_mL 2,0.865,0.875,0.873,0.872,0.869,0.867,0.866,0.865,0.863,0.861,0.857,0.856,0.852,0.849,0.847,0.846,0.844,0.84,0.836,0.833,0.829,0.826,0.822,0.82,0.817,0.812,0.806,0.801,0.796,0.791,0.787,0.782,0.778,0.77,0.762,0.754,0.747,0.74,0.733,0.726,0.719,0.708,0.696,0.684,0.674,0.663,0.654,0.644,0.635,0.618,0.602,0.586,0.572,0.559,0.546,0.533,0.521,0.499,0.479,0.46,0.442,0.426,0.41,0.395,0.381,0.354,0.331,0.311,0.293,0.276,0.26,0.246,0.234,0.212,0.193,0.177,0.164,0.154,0.146,0.139,0.133,0.123,0.116,0.11,0.107,0.105,0.104,0.103,0.102,0.101,0.102,0.102,0.102,0.0984,0.0977,0.0978,0.0973,0.0948,0.0945,0.0873,0.0834,0.0857,0.0897,0.0875,0.0849,0.0795,0.0769,0.0809,0.0784,0.0709,0.0665,0.0682,0.0686,0.0599,0.0519,0.0483,0.0477,0.0379,0.0345,0.0329,0.0309,0.0196,0.0184,0.00969,0.0111,0.00894,0.0119,0.00656,0.00784,0.00556,0.00511,0.00488,0.00671,0.00588,0.00762,0.0107,0.0089,0.00748,0.016,0.0353,0.044,0.0282,0.0142,0.00757,0.0047,0.00456,0.00128,0.00106,0.00862,0.00593,0.00202,0.00355,0.00665,0.0163,0.0112,0.0106,0.00251,0.00944,0.00635,0.00628,0.0,0.0,0.0,0.0,0.0,0.0,0.0,0.0,0.0,0.0,0.0,0.0,0.0,0.0,0.0,0.0,0.0,0.0,0.0,0.0,0.0,0.0,0.0,0.0,0.0,0.0,0.0,0.0,0.0,0.0,0.0,0.0,0.5,1.0,1.5,2.0,2.5,3.0,3.5,4.0,4.5,5.5,6.5,7.5,8.5,9.5,10.5,11.5,12.5,14.5,16.5,18.5,20.5,22.5,24.5,26.5,28.5,32.5,36.5,40.5,44.5,48.5,52.5,56.5,60.5,68.5,76.5,84.5,92.5,101.0,109.0,117.0,125.0,141.0,157.0,173.0,189.0,205.0,221.0,237.0,253.0,285.0,317.0,349.0,381.0,413.0,445.0,477.0,509.0,573.0,637.0,701.0,765.0,829.0,893.0,957.0,1020.0,1150.0,1280.0,1400.0,1530.0,1660.0,1790.0,1920.0,2040.0,2300.0,2560.0,2810.0,3070.0,3320.0,3580.0,3840.0,4090.0,4600.0,5120.0,5630.0,6140.0,6650.0,7160.0,7680.0,8190.0,9210.0,10200.0,11300.0,12300.0,13300.0,14300.0,15400.0,16400.0,18400.0,20500.0,22500.0,24600.0,26600.0,28700.0,30700.0,32800.0,36900.0,41000.0,45100.0,49100.0,53200.0,57300.0,61400.0,65500.0,73700.0,81900.0,90100.0,98300.0,106000.0,115000.0,123000.0,131000.0,147000.0,164000.0,180000.0,197000.0,213000.0,229000.0,246000.0,262000.0,295000.0,328000.0,360000.0,393000.0,426000.0,459000.0,492000.0,524000.0,590000.0,655000.0,721000.0,786000.0,852000.0,918000.0,983000.0,1050000.0,1180000.0,1310000.0,1440000.0,1570000.0,1700000.0,1840000.0,1970000.0,2100000.0,2360000.0,2620000.0,2880000.0,3150000.0,3410000.0,3670000.0,3930000.0,4190000.0,4720000.0,5240000.0,5770000.0,6290000.0,6820000.0,7340000.0,7860000.0,8390000.0,9440000.0,10500000.0,11500000.0,12600000.0,13600000.0,14700000.0,15700000.0,16800000.0,18900000.0,21000000.0,23100000.0,25200000.0,27300000.0,29400000.0,31500000.0,33600000.0,37700000.0,41900000.0,46100000.0,50300000.0,54500000.0,58700000.0,62900000.0
"sexta-feira, 17 de abril de 2026 18:19:09",Size,i_2S-1mg_mL 3,0.868,0.878,0.874,0.872,0.87,0.87,0.867,0.867,0.865,0.861,0.857,0.857,0.853,0.851,0.849,0.845,0.845,0.84,0.836,0.832,0.83,0.826,0.822,0.819,0.816,0.81,0.805,0.799,0.794,0.789,0.784,0.779,0.775,0.766,0.758,0.75,0.742,0.734,0.727,0.72,0.714,0.701,0.688,0.676,0.665,0.655,0.644,0.634,0.625,0.607,0.59,0.574,0.559,0.545,0.531,0.518,0.506,0.483,0.462,0.443,0.425,0.408,0.393,0.378,0.365,0.34,0.318,0.298,0.279,0.262,0.246,0.232,0.22,0.197,0.177,0.161,0.148,0.137,0.127,0.119,0.114,0.106,0.101,0.0956,0.0915,0.0893,0.0895,0.089,0.0891,0.0885,0.0905,0.0946,0.0994,0.0985,0.0975,0.0951,0.0925,0.0897,0.0864,0.0844,0.0827,0.0799,0.0813,0.0793,0.0807,0.077,0.0705,0.0733,0.0701,0.0723,0.0714,0.0609,0.0612,0.0567,0.0551,0.0557,0.049,0.0512,0.0495,0.0449,0.0433,0.0416,0.0301,0.0318,0.0302,0.0222,0.0205,0.0183,0.0154,0.0133,0.0114,0.00852,0.0102,0.00971,0.0083,0.0103,0.0092,0.00936,0.00491,0.00284,0.00238,0.0018,0.00201,0.00623,0.0078,0.00539,0.0015,0.00167,0.00893,0.00519,0.000791,0.000224,0.0105,0.0352,0.0237,0.00506,0.00613,0.00475,0.0181,0.00686,0.0,0.0,0.0,0.0,0.0,0.0,0.0,0.0,0.0,0.0,0.0,0.0,0.0,0.0,0.0,0.0,0.0,0.0,0.0,0.0,0.0,0.0,0.0,0.0,0.0,0.0,0.0,0.0,0.0,0.0,0.0,0.0,0.5,1.0,1.5,2.0,2.5,3.0,3.5,4.0,4.5,5.5,6.5,7.5,8.5,9.5,10.5,11.5,12.5,14.5,16.5,18.5,20.5,22.5,24.5,26.5,28.5,32.5,36.5,40.5,44.5,48.5,52.5,56.5,60.5,68.5,76.5,84.5,92.5,101.0,109.0,117.0,125.0,141.0,157.0,173.0,189.0,205.0,221.0,237.0,253.0,285.0,317.0,349.0,381.0,413.0,445.0,477.0,509.0,573.0,637.0,701.0,765.0,829.0,893.0,957.0,1020.0,1150.0,1280.0,1400.0,1530.0,1660.0,1790.0,1920.0,2040.0,2300.0,2560.0,2810.0,3070.0,3320.0,3580.0,3840.0,4090.0,4600.0,5120.0,5630.0,6140.0,6650.0,7160.0,7680.0,8190.0,9210.0,10200.0,11300.0,12300.0,13300.0,14300.0,15400.0,16400.0,18400.0,20500.0,22500.0,24600.0,26600.0,28700.0,30700.0,32800.0,36900.0,41000.0,45100.0,49100.0,53200.0,57300.0,61400.0,65500.0,73700.0,81900.0,90100.0,98300.0,106000.0,115000.0,123000.0,131000.0,147000.0,164000.0,180000.0,197000.0,213000.0,229000.0,246000.0,262000.0,295000.0,328000.0,360000.0,393000.0,426000.0,459000.0,492000.0,524000.0,590000.0,655000.0,721000.0,786000.0,852000.0,918000.0,983000.0,1050000.0,1180000.0,1310000.0,1440000.0,1570000.0,1700000.0,1840000.0,1970000.0,2100000.0,2360000.0,2620000.0,2880000.0,3150000.0,3410000.0,3670000.0,3930000.0,4190000.0,4720000.0,5240000.0,5770000.0,6290000.0,6820000.0,7340000.0,7860000.0,8390000.0,9440000.0,10500000.0,11500000.0,12600000.0,13600000.0,14700000.0,15700000.0,16800000.0,18900000.0,21000000.0,23100000.0,25200000.0,27300000.0,29400000.0,31500000.0,33600000.0,37700000.0,41900000.0,46100000.0,50300000.0,54500000.0,58700000.0,62900000.0
"sexta-feira, 17 de abril de 2026 18:26:00",Size,i_2S-1mg_mL-mean,0.974,0.986,0.983,0.982,0.98,0.979,0.977,0.976,0.974,0.971,0.968,0.966,0.965,0.963,0.959,0.958,0.956,0.954,0.95,0.946,0.943,0.94,0.937,0.935,0.932,0.927,0.922,0.917,0.913,0.908,0.904,0.899,0.896,0.888,0.88,0.874,0.867,0.86,0.854,0.848,0.841,0.83,0.819,0.809,0.799,0.789,0.78,0.771,0.763,0.747,0.731,0.717,0.703,0.69,0.678,0.666,0.654,0.633,0.614,0.596,0.579,0.563,0.548,0.534,0.52,0.495,0.472,0.452,0.434,0.418,0.403,0.389,0.377,0.354,0.335,0.318,0.305,0.293,0.283,0.274,0.266,0.251,0.241,0.233,0.227,0.224,0.221,0.219,0.216,0.21,0.204,0.195,0.19,0.19,0.189,0.19,0.189,0.186,0.182,0.174,0.172,0.17,0.17,0.166,0.161,0.152,0.148,0.144,0.142,0.137,0.127,0.116,0.114,0.096,0.0878,0.0715,0.0595,0.0542,0.0457,0.0317,0.0247,0.0123,0.00684,0.00447,0.00605,0.00647,0.00587,0.00677,0.0147,0.0235,0.0295,0.0252,0.0204,0.0128,0.00854,0.0056,0.00284,0.00343,0.00983,0.0115,0.0129,0.00837,0.00432,0.0101,0.0256,0.025,0.0111,0.0243,0.0189,0.0253,0.0104,0.00723,0.00332,0.0105,0.00829,0.007,0.00465,0.0158,0.00664,0.00275,0.0,0.0,0.0,0.0,0.0,0.0,0.0,0.0,0.0,0.0,0.0,0.0,0.0,0.0,0.0,0.0,0.0,0.0,0.0,0.0,0.0,0.0,0.0,0.0,0.0,0.0,0.0,0.0,0.0,0.0,0.0,0.0,0.5,1.0,1.5,2.0,2.5,3.0,3.5,4.0,4.5,5.5,6.5,7.5,8.5,9.5,10.5,11.5,12.5,14.5,16.5,18.5,20.5,22.5,24.5,26.5,28.5,32.5,36.5,40.5,44.5,48.5,52.5,56.5,60.5,68.5,76.5,84.5,92.5,101.0,109.0,117.0,125.0,141.0,157.0,173.0,189.0,205.0,221.0,237.0,253.0,285.0,317.0,349.0,381.0,413.0,445.0,477.0,509.0,573.0,637.0,701.0,765.0,829.0,893.0,957.0,1020.0,1150.0,1280.0,1400.0,1530.0,1660.0,1790.0,1920.0,2040.0,2300.0,2560.0,2810.0,3070.0,3320.0,3580.0,3840.0,4090.0,4600.0,5120.0,5630.0,6140.0,6650.0,7160.0,7680.0,8190.0,9210.0,10200.0,11300.0,12300.0,13300.0,14300.0,15400.0,16400.0,18400.0,20500.0,22500.0,24600.0,26600.0,28700.0,30700.0,32800.0,36900.0,41000.0,45100.0,49100.0,53200.0,57300.0,61400.0,65500.0,73700.0,81900.0,90100.0,98300.0,106000.0,115000.0,123000.0,131000.0,147000.0,164000.0,180000.0,197000.0,213000.0,229000.0,246000.0,262000.0,295000.0,328000.0,360000.0,393000.0,426000.0,459000.0,492000.0,524000.0,590000.0,655000.0,721000.0,786000.0,852000.0,918000.0,983000.0,1050000.0,1180000.0,1310000.0,1440000.0,1570000.0,1700000.0,1840000.0,1970000.0,2100000.0,2360000.0,2620000.0,2880000.0,3150000.0,3410000.0,3670000.0,3930000.0,4190000.0,4720000.0,5240000.0,5770000.0,6290000.0,6820000.0,7340000.0,7860000.0,8390000.0,9440000.0,10500000.0,11500000.0,12600000.0,13600000.0,14700000.0,15700000.0,16800000.0,18900000.0,21000000.0,23100000.0,25200000.0,27300000.0,29400000.0,31500000.0,33600000.0,37700000.0,41900000.0,46100000.0,50300000.0,54500000.0,58700000.0,62900000.0
"sexta-feira, 17 de abril de 2026 18:29:28",Size,L_3S-1mg_mL 1,0.885,0.895,0.893,0.892,0.888,0.888,0.889,0.887,0.887,0.884,0.882,0.88,0.881,0.88,0.878,0.875,0.876,0.874,0.872,0.869,0.869,0.867,0.864,0.864,0.862,0.859,0.855,0.853,0.85,0.849,0.845,0.842,0.84,0.835,0.83,0.826,0.823,0.818,0.814,0.811,0.807,0.801,0.794,0.788,0.782,0.776,0.77,0.765,0.759,0.749,0.739,0.731,0.722,0.713,0.705,0.697,0.69,0.676,0.662,0.649,0.636,0.624,0.613,0.601,0.591,0.57,0.55,0.531,0.513,0.495,0.478,0.461,0.445,0.415,0.387,0.362,0.337,0.315,0.296,0.278,0.262,0.231,0.206,0.185,0.168,0.154,0.142,0.132,0.123,0.108,0.0972,0.0901,0.0855,0.0816,0.0775,0.0753,0.0737,0.0708,0.0646,0.0614,0.0586,0.0522,0.0462,0.0434,0.0454,0.0489,0.0543,0.0601,0.0614,0.0587,0.0526,0.0458,0.0435,0.0408,0.0307,0.0267,0.0235,0.0181,0.0157,0.0126,0.00862,0.0082,0.00577,0.000157,0.00145,0.0024,0.000695,0.00473,0.00149,0.00295,0.00494,0.00738,0.00458,0.00268,0.00559,0.0041,0.00424,0.00271,0.00246,0.00157,0.000392,0.00151,0.00112,0.00492,0.0075,0.00738,0.00743,0.00635,0.00458,0.00348,0.00338,0.00141,0.00347,0.00171,0.00536,0.00291,0.00275,0.00463,0.00537,0.00179,0.0,0.0,0.0,0.0,0.0,0.0,0.0,0.0,0.0,0.0,0.0,0.0,0.0,0.0,0.0,0.0,0.0,0.0,0.0,0.0,0.0,0.0,0.0,0.0,0.0,0.0,0.0,0.0,0.0,0.0,0.0,0.0,0.5,1.0,1.5,2.0,2.5,3.0,3.5,4.0,4.5,5.5,6.5,7.5,8.5,9.5,10.5,11.5,12.5,14.5,16.5,18.5,20.5,22.5,24.5,26.5,28.5,32.5,36.5,40.5,44.5,48.5,52.5,56.5,60.5,68.5,76.5,84.5,92.5,101.0,109.0,117.0,125.0,141.0,157.0,173.0,189.0,205.0,221.0,237.0,253.0,285.0,317.0,349.0,381.0,413.0,445.0,477.0,509.0,573.0,637.0,701.0,765.0,829.0,893.0,957.0,1020.0,1150.0,1280.0,1400.0,1530.0,1660.0,1790.0,1920.0,2040.0,2300.0,2560.0,2810.0,3070.0,3320.0,3580.0,3840.0,4090.0,4600.0,5120.0,5630.0,6140.0,6650.0,7160.0,7680.0,8190.0,9210.0,10200.0,11300.0,12300.0,13300.0,14300.0,15400.0,16400.0,18400.0,20500.0,22500.0,24600.0,26600.0,28700.0,30700.0,32800.0,36900.0,41000.0,45100.0,49100.0,53200.0,57300.0,61400.0,65500.0,73700.0,81900.0,90100.0,98300.0,106000.0,115000.0,123000.0,131000.0,147000.0,164000.0,180000.0,197000.0,213000.0,229000.0,246000.0,262000.0,295000.0,328000.0,360000.0,393000.0,426000.0,459000.0,492000.0,524000.0,590000.0,655000.0,721000.0,786000.0,852000.0,918000.0,983000.0,1050000.0,1180000.0,1310000.0,1440000.0,1570000.0,1700000.0,1840000.0,1970000.0,2100000.0,2360000.0,2620000.0,2880000.0,3150000.0,3410000.0,3670000.0,3930000.0,4190000.0,4720000.0,5240000.0,5770000.0,6290000.0,6820000.0,7340000.0,7860000.0,8390000.0,9440000.0,10500000.0,11500000.0,12600000.0,13600000.0,14700000.0,15700000.0,16800000.0,18900000.0,21000000.0,23100000.0,25200000.0,27300000.0,29400000.0,31500000.0,33600000.0,37700000.0,41900000.0,46100000.0,50300000.0,54500000.0,58700000.0,62900000.0
"sexta-feira, 17 de abril de 2026 18:32:10",Size,L_3S-1mg_mL 2,0.903,0.913,0.908,0.912,0.904,0.908,0.905,0.902,0.904,0.903,0.898,0.901,0.896,0.898,0.895,0.895,0.895,0.891,0.889,0.887,0.885,0.883,0.881,0.88,0.879,0.875,0.871,0.869,0.866,0.862,0.861,0.859,0.855,0.85,0.846,0.842,0.838,0.833,0.829,0.825,0.822,0.815,0.808,0.801,0.795,0.789,0.783,0.778,0.772,0.762,0.752,0.743,0.734,0.725,0.717,0.709,0.701,0.687,0.673,0.659,0.647,0.635,0.623,0.612,0.602,0.581,0.562,0.544,0.526,0.51,0.494,0.479,0.464,0.437,0.412,0.39,0.369,0.35,0.333,0.317,0.303,0.279,0.258,0.241,0.227,0.214,0.203,0.191,0.179,0.159,0.144,0.128,0.115,0.106,0.1,0.0936,0.0871,0.0762,0.0745,0.0737,0.0722,0.067,0.06,0.0577,0.0578,0.061,0.0594,0.0573,0.0571,0.0585,0.0548,0.0533,0.0529,0.055,0.0583,0.0507,0.0453,0.0525,0.0525,0.0463,0.0424,0.0386,0.0414,0.0394,0.0316,0.0295,0.0318,0.0283,0.0239,0.0245,0.0187,0.0254,0.0143,0.0114,0.0117,0.00623,0.00897,0.00734,0.00848,0.00514,0.000446,0.00371,0.00381,0.00487,0.00149,0.0019,0.00305,0.00733,0.00143,0.00258,0.00357,0.00616,0.00738,0.00471,0.00407,0.00579,0.0042,0.0038,0.000628,0.000358,0.0,0.0,0.0,0.0,0.0,0.0,0.0,0.0,0.0,0.0,0.0,0.0,0.0,0.0,0.0,0.0,0.0,0.0,0.0,0.0,0.0,0.0,0.0,0.0,0.0,0.0,0.0,0.0,0.0,0.0,0.0,0.0,0.5,1.0,1.5,2.0,2.5,3.0,3.5,4.0,4.5,5.5,6.5,7.5,8.5,9.5,10.5,11.5,12.5,14.5,16.5,18.5,20.5,22.5,24.5,26.5,28.5,32.5,36.5,40.5,44.5,48.5,52.5,56.5,60.5,68.5,76.5,84.5,92.5,101.0,109.0,117.0,125.0,141.0,157.0,173.0,189.0,205.0,221.0,237.0,253.0,285.0,317.0,349.0,381.0,413.0,445.0,477.0,509.0,573.0,637.0,701.0,765.0,829.0,893.0,957.0,1020.0,1150.0,1280.0,1400.0,1530.0,1660.0,1790.0,1920.0,2040.0,2300.0,2560.0,2810.0,3070.0,3320.0,3580.0,3840.0,4090.0,4600.0,5120.0,5630.0,6140.0,6650.0,7160.0,7680.0,8190.0,9210.0,10200.0,11300.0,12300.0,13300.0,14300.0,15400.0,16400.0,18400.0,20500.0,22500.0,24600.0,26600.0,28700.0,30700.0,32800.0,36900.0,41000.0,45100.0,49100.0,53200.0,57300.0,61400.0,65500.0,73700.0,81900.0,90100.0,98300.0,106000.0,115000.0,123000.0,131000.0,147000.0,164000.0,180000.0,197000.0,213000.0,229000.0,246000.0,262000.0,295000.0,328000.0,360000.0,393000.0,426000.0,459000.0,492000.0,524000.0,590000.0,655000.0,721000.0,786000.0,852000.0,918000.0,983000.0,1050000.0,1180000.0,1310000.0,1440000.0,1570000.0,1700000.0,1840000.0,1970000.0,2100000.0,2360000.0,2620000.0,2880000.0,3150000.0,3410000.0,3670000.0,3930000.0,4190000.0,4720000.0,5240000.0,5770000.0,6290000.0,6820000.0,7340000.0,7860000.0,8390000.0,9440000.0,10500000.0,11500000.0,12600000.0,13600000.0,14700000.0,15700000.0,16800000.0,18900000.0,21000000.0,23100000.0,25200000.0,27300000.0,29400000.0,31500000.0,33600000.0,37700000.0,41900000.0,46100000.0,50300000.0,54500000.0,58700000.0,62900000.0
"sexta-feira, 17 de abril de 2026 18:34:53",Size,L_3S-1mg_mL 3,0.828,0.838,0.836,0.832,0.833,0.832,0.833,0.831,0.828,0.827,0.823,0.823,0.823,0.821,0.82,0.818,0.817,0.814,0.813,0.81,0.809,0.807,0.805,0.803,0.801,0.798,0.794,0.791,0.789,0.785,0.783,0.779,0.778,0.773,0.767,0.762,0.757,0.754,0.749,0.745,0.741,0.734,0.726,0.72,0.714,0.707,0.701,0.696,0.69,0.679,0.669,0.659,0.65,0.642,0.633,0.625,0.617,0.602,0.588,0.575,0.562,0.55,0.539,0.528,0.517,0.497,0.478,0.461,0.444,0.428,0.413,0.399,0.385,0.36,0.336,0.314,0.294,0.276,0.259,0.245,0.231,0.209,0.19,0.173,0.159,0.145,0.133,0.122,0.113,0.0979,0.0854,0.0756,0.0665,0.0571,0.0498,0.0444,0.0385,0.0307,0.028,0.0252,0.0224,0.0215,0.022,0.0209,0.0198,0.0216,0.0189,0.016,0.0113,0.0125,0.0089,0.00885,0.00998,0.0113,0.013,0.00831,0.0071,0.00678,0.00934,0.00877,0.0111,0.0116,0.0135,0.0102,0.00984,0.0128,0.0141,0.0135,0.0118,0.00639,0.0101,0.00745,0.0119,0.0103,0.00715,0.00512,0.00678,0.0082,0.00497,0.00155,0.0061,0.00617,0.00406,0.00243,0.00133,0.00266,0.00191,0.000696,0.00243,0.00145,0.0,0.00215,0.00286,0.000616,0.000203,0.0034,0.00293,0.0023,0.00323,0.00121,0.0,0.0,0.0,0.0,0.0,0.0,0.0,0.0,0.0,0.0,0.0,0.0,0.0,0.0,0.0,0.0,0.0,0.0,0.0,0.0,0.0,0.0,0.0,0.0,0.0,0.0,0.0,0.0,0.0,0.0,0.0,0.0,0.5,1.0,1.5,2.0,2.5,3.0,3.5,4.0,4.5,5.5,6.5,7.5,8.5,9.5,10.5,11.5,12.5,14.5,16.5,18.5,20.5,22.5,24.5,26.5,28.5,32.5,36.5,40.5,44.5,48.5,52.5,56.5,60.5,68.5,76.5,84.5,92.5,101.0,109.0,117.0,125.0,141.0,157.0,173.0,189.0,205.0,221.0,237.0,253.0,285.0,317.0,349.0,381.0,413.0,445.0,477.0,509.0,573.0,637.0,701.0,765.0,829.0,893.0,957.0,1020.0,1150.0,1280.0,1400.0,1530.0,1660.0,1790.0,1920.0,2040.0,2300.0,2560.0,2810.0,3070.0,3320.0,3580.0,3840.0,4090.0,4600.0,5120.0,5630.0,6140.0,6650.0,7160.0,7680.0,8190.0,9210.0,10200.0,11300.0,12300.0,13300.0,14300.0,15400.0,16400.0,18400.0,20500.0,22500.0,24600.0,26600.0,28700.0,30700.0,32800.0,36900.0,41000.0,45100.0,49100.0,53200.0,57300.0,61400.0,65500.0,73700.0,81900.0,90100.0,98300.0,106000.0,115000.0,123000.0,131000.0,147000.0,164000.0,180000.0,197000.0,213000.0,229000.0,246000.0,262000.0,295000.0,328000.0,360000.0,393000.0,426000.0,459000.0,492000.0,524000.0,590000.0,655000.0,721000.0,786000.0,852000.0,918000.0,983000.0,1050000.0,1180000.0,1310000.0,1440000.0,1570000.0,1700000.0,1840000.0,1970000.0,2100000.0,2360000.0,2620000.0,2880000.0,3150000.0,3410000.0,3670000.0,3930000.0,4190000.0,4720000.0,5240000.0,5770000.0,6290000.0,6820000.0,7340000.0,7860000.0,8390000.0,9440000.0,10500000.0,11500000.0,12600000.0,13600000.0,14700000.0,15700000.0,16800000.0,18900000.0,21000000.0,23100000.0,25200000.0,27300000.0,29400000.0,31500000.0,33600000.0,37700000.0,41900000.0,46100000.0,50300000.0,54500000.0,58700000.0,62900000.0
"sexta-feira, 17 de abril de 2026 18:44:33",Size,L_3S-1mg_mL-mean,0.885,0.895,0.893,0.892,0.888,0.888,0.889,0.887,0.887,0.884,0.882,0.88,0.881,0.88,0.878,0.875,0.876,0.874,0.872,0.869,0.869,0.867,0.864,0.864,0.862,0.859,0.855,0.853,0.85,0.849,0.845,0.842,0.84,0.835,0.83,0.826,0.823,0.818,0.814,0.811,0.807,0.801,0.794,0.788,0.782,0.776,0.77,0.765,0.759,0.749,0.739,0.731,0.722,0.713,0.705,0.697,0.69,0.676,0.662,0.649,0.636,0.624,0.613,0.601,0.591,0.57,0.55,0.531,0.513,0.495,0.478,0.461,0.445,0.415,0.387,0.362,0.337,0.315,0.296,0.278,0.262,0.231,0.206,0.185,0.168,0.154,0.142,0.132,0.123,0.108,0.0972,0.0901,0.0855,0.0816,0.0775,0.0753,0.0737,0.0708,0.0646,0.0614,0.0586,0.0522,0.0462,0.0434,0.0454,0.0489,0.0543,0.0601,0.0614,0.0587,0.0526,0.0458,0.0435,0.0408,0.0307,0.0267,0.0235,0.0181,0.0157,0.0126,0.00862,0.0082,0.00577,0.000157,0.00145,0.0024,0.000695,0.00473,0.00149,0.00295,0.00494,0.00738,0.00458,0.00268,0.00559,0.0041,0.00424,0.00271,0.00246,0.00157,0.000392,0.00151,0.00112,0.00492,0.0075,0.00738,0.00743,0.00635,0.00458,0.00348,0.00338,0.00141,0.00347,0.00171,0.00536,0.00291,0.00275,0.00463,0.00537,0.00179,0.0,0.0,0.0,0.0,0.0,0.0,0.0,0.0,0.0,0.0,0.0,0.0,0.0,0.0,0.0,0.0,0.0,0.0,0.0,0.0,0.0,0.0,0.0,0.0,0.0,0.0,0.0,0.0,0.0,0.0,0.0,0.0,0.5,1.0,1.5,2.0,2.5,3.0,3.5,4.0,4.5,5.5,6.5,7.5,8.5,9.5,10.5,11.5,12.5,14.5,16.5,18.5,20.5,22.5,24.5,26.5,28.5,32.5,36.5,40.5,44.5,48.5,52.5,56.5,60.5,68.5,76.5,84.5,92.5,101.0,109.0,117.0,125.0,141.0,157.0,173.0,189.0,205.0,221.0,237.0,253.0,285.0,317.0,349.0,381.0,413.0,445.0,477.0,509.0,573.0,637.0,701.0,765.0,829.0,893.0,957.0,1020.0,1150.0,1280.0,1400.0,1530.0,1660.0,1790.0,1920.0,2040.0,2300.0,2560.0,2810.0,3070.0,3320.0,3580.0,3840.0,4090.0,4600.0,5120.0,5630.0,6140.0,6650.0,7160.0,7680.0,8190.0,9210.0,10200.0,11300.0,12300.0,13300.0,14300.0,15400.0,16400.0,18400.0,20500.0,22500.0,24600.0,26600.0,28700.0,30700.0,32800.0,36900.0,41000.0,45100.0,49100.0,53200.0,57300.0,61400.0,65500.0,73700.0,81900.0,90100.0,98300.0,106000.0,115000.0,123000.0,131000.0,147000.0,164000.0,180000.0,197000.0,213000.0,229000.0,246000.0,262000.0,295000.0,328000.0,360000.0,393000.0,426000.0,459000.0,492000.0,524000.0,590000.0,655000.0,721000.0,786000.0,852000.0,918000.0,983000.0,1050000.0,1180000.0,1310000.0,1440000.0,1570000.0,1700000.0,1840000.0,1970000.0,2100000.0,2360000.0,2620000.0,2880000.0,3150000.0,3410000.0,3670000.0,3930000.0,4190000.0,4720000.0,5240000.0,5770000.0,6290000.0,6820000.0,7340000.0,7860000.0,8390000.0,9440000.0,10500000.0,11500000.0,12600000.0,13600000.0,14700000.0,15700000.0,16800000.0,18900000.0,21000000.0,23100000.0,25200000.0,27300000.0,29400000.0,31500000.0,33600000.0,37700000.0,41900000.0,46100000.0,50300000.0,54500000.0,58700000.0,62900000.0
"sexta-feira, 17 de abril de 2026 19:26:46",Size,aMEM_10pct-i_2s 1,0.828,0.823,0.802,0.792,0.777,0.762,0.753,0.736,0.723,0.701,0.677,0.656,0.633,0.617,0.595,0.581,0.564,0.532,0.502,0.478,0.455,0.432,0.411,0.391,0.375,0.342,0.316,0.292,0.271,0.252,0.235,0.22,0.207,0.183,0.163,0.145,0.131,0.117,0.107,0.0972,0.0893,0.0746,0.063,0.0539,0.0464,0.0402,0.035,0.0305,0.0277,0.0218,0.0174,0.0146,0.0123,0.0112,0.0103,0.00849,0.00745,0.00617,0.00413,0.00266,0.00215,0.00161,0.00159,0.00155,0.00144,0.00102,0.00119,0.000554,0.00112,0.00101,0.000985,0.00153,0.00103,0.000702,0.000889,0.00121,0.00176,0.00144,0.00119,0.000988,0.000866,0.00101,0.00131,0.000912,0.00137,0.000719,0.000877,0.000754,0.00069,0.000796,0.000689,0.000727,0.000294,0.000812,0.000583,0.000375,0.000392,0.000856,0.000954,0.000654,0.000393,0.000588,0.000778,0.000458,0.000447,0.00029,0.000295,0.000222,0.000242,0.000242,0.0005,0.000353,0.000144,0.000194,8.67e-05,0.000127,0.000224,0.000133,4.31e-05,0.000214,0.000335,0.000212,0.000202,0.000143,0.000252,0.000166,0.000143,0.000183,0.000144,0.000212,0.000159,0.000164,0.000278,0.000118,0.000209,0.000146,4.07e-05,0.000154,0.000191,0.000118,0.0002,9.41e-05,0.00028,0.000185,4.7e-05,0.000168,0.000232,1.06e-05,4.66e-05,6.64e-06,0.000175,0.000187,9.17e-05,0.000215,0.000305,0.000369,8.88e-05,0.000201,0.000227,0.00041,0.0,0.0,0.0,0.0,0.0,0.0,0.0,0.0,0.0,0.0,0.0,0.0,0.0,0.0,0.0,0.0,0.0,0.0,0.0,0.0,0.0,0.0,0.0,0.0,0.0,0.0,0.0,0.0,0.0,0.0,0.0,0.0,0.5,1.0,1.5,2.0,2.5,3.0,3.5,4.0,4.5,5.5,6.5,7.5,8.5,9.5,10.5,11.5,12.5,14.5,16.5,18.5,20.5,22.5,24.5,26.5,28.5,32.5,36.5,40.5,44.5,48.5,52.5,56.5,60.5,68.5,76.5,84.5,92.5,101.0,109.0,117.0,125.0,141.0,157.0,173.0,189.0,205.0,221.0,237.0,253.0,285.0,317.0,349.0,381.0,413.0,445.0,477.0,509.0,573.0,637.0,701.0,765.0,829.0,893.0,957.0,1020.0,1150.0,1280.0,1400.0,1530.0,1660.0,1790.0,1920.0,2040.0,2300.0,2560.0,2810.0,3070.0,3320.0,3580.0,3840.0,4090.0,4600.0,5120.0,5630.0,6140.0,6650.0,7160.0,7680.0,8190.0,9210.0,10200.0,11300.0,12300.0,13300.0,14300.0,15400.0,16400.0,18400.0,20500.0,22500.0,24600.0,26600.0,28700.0,30700.0,32800.0,36900.0,41000.0,45100.0,49100.0,53200.0,57300.0,61400.0,65500.0,73700.0,81900.0,90100.0,98300.0,106000.0,115000.0,123000.0,131000.0,147000.0,164000.0,180000.0,197000.0,213000.0,229000.0,246000.0,262000.0,295000.0,328000.0,360000.0,393000.0,426000.0,459000.0,492000.0,524000.0,590000.0,655000.0,721000.0,786000.0,852000.0,918000.0,983000.0,1050000.0,1180000.0,1310000.0,1440000.0,1570000.0,1700000.0,1840000.0,1970000.0,2100000.0,2360000.0,2620000.0,2880000.0,3150000.0,3410000.0,3670000.0,3930000.0,4190000.0,4720000.0,5240000.0,5770000.0,6290000.0,6820000.0,7340000.0,7860000.0,8390000.0,9440000.0,10500000.0,11500000.0,12600000.0,13600000.0,14700000.0,15700000.0,16800000.0,18900000.0,21000000.0,23100000.0,25200000.0,27300000.0,29400000.0,31500000.0,33600000.0,37700000.0,41900000.0,46100000.0,50300000.0,54500000.0,58700000.0,62900000.0
"sexta-feira, 17 de abril de 2026 19:29:28",Size,aMEM_10pct-i_2s 2,0.826,0.819,0.801,0.788,0.771,0.756,0.743,0.731,0.718,0.695,0.67,0.649,0.627,0.606,0.59,0.571,0.555,0.523,0.495,0.47,0.445,0.423,0.404,0.383,0.366,0.334,0.307,0.284,0.263,0.244,0.227,0.212,0.198,0.175,0.154,0.138,0.124,0.112,0.102,0.0921,0.0837,0.0692,0.0584,0.0498,0.0423,0.0367,0.0324,0.0283,0.0249,0.0198,0.0158,0.0119,0.0091,0.00776,0.00652,0.00464,0.00425,0.00321,0.00243,0.0013,0.00105,0.00133,0.00127,0.000779,0.000724,0.00108,0.000981,0.0013,0.0015,0.000804,0.000823,0.000735,0.000356,0.00104,0.000691,0.00116,0.000748,0.000918,0.000849,0.000391,0.000399,0.000287,0.0008,0.000281,0.000227,0.000567,0.000799,0.000802,0.000908,0.00049,0.000107,0.000485,0.000394,0.000678,0.000678,0.000491,0.000699,0.00022,0.00102,0.000416,0.000221,0.00036,0.00039,0.000579,0.000343,0.000214,0.00016,9.04e-05,0.000243,0.000241,0.00029,0.000189,0.000173,0.000251,0.00014,0.000144,0.000127,0.000209,0.000154,0.000214,8.66e-05,7.42e-05,9.42e-05,6.53e-05,0.000134,6.51e-05,7.91e-05,6.89e-05,0.000131,7.72e-05,8.05e-05,0.000121,0.000123,0.000186,0.000259,0.000175,0.000108,0.000109,9.17e-05,5.56e-05,0.000172,0.000123,3.45e-05,0.000204,0.000278,0.000177,0.00015,0.000263,0.00011,0.000226,9.53e-05,0.000107,0.000596,0.000662,0.000662,0.000624,0.000652,0.000735,0.000391,0.000666,0.0,0.0,0.0,0.0,0.0,0.0,0.0,0.0,0.0,0.0,0.0,0.0,0.0,0.0,0.0,0.0,0.0,0.0,0.0,0.0,0.0,0.0,0.0,0.0,0.0,0.0,0.0,0.0,0.0,0.0,0.0,0.0,0.5,1.0,1.5,2.0,2.5,3.0,3.5,4.0,4.5,5.5,6.5,7.5,8.5,9.5,10.5,11.5,12.5,14.5,16.5,18.5,20.5,22.5,24.5,26.5,28.5,32.5,36.5,40.5,44.5,48.5,52.5,56.5,60.5,68.5,76.5,84.5,92.5,101.0,109.0,117.0,125.0,141.0,157.0,173.0,189.0,205.0,221.0,237.0,253.0,285.0,317.0,349.0,381.0,413.0,445.0,477.0,509.0,573.0,637.0,701.0,765.0,829.0,893.0,957.0,1020.0,1150.0,1280.0,1400.0,1530.0,1660.0,1790.0,1920.0,2040.0,2300.0,2560.0,2810.0,3070.0,3320.0,3580.0,3840.0,4090.0,4600.0,5120.0,5630.0,6140.0,6650.0,7160.0,7680.0,8190.0,9210.0,10200.0,11300.0,12300.0,13300.0,14300.0,15400.0,16400.0,18400.0,20500.0,22500.0,24600.0,26600.0,28700.0,30700.0,32800.0,36900.0,41000.0,45100.0,49100.0,53200.0,57300.0,61400.0,65500.0,73700.0,81900.0,90100.0,98300.0,106000.0,115000.0,123000.0,131000.0,147000.0,164000.0,180000.0,197000.0,213000.0,229000.0,246000.0,262000.0,295000.0,328000.0,360000.0,393000.0,426000.0,459000.0,492000.0,524000.0,590000.0,655000.0,721000.0,786000.0,852000.0,918000.0,983000.0,1050000.0,1180000.0,1310000.0,1440000.0,1570000.0,1700000.0,1840000.0,1970000.0,2100000.0,2360000.0,2620000.0,2880000.0,3150000.0,3410000.0,3670000.0,3930000.0,4190000.0,4720000.0,5240000.0,5770000.0,6290000.0,6820000.0,7340000.0,7860000.0,8390000.0,9440000.0,10500000.0,11500000.0,12600000.0,13600000.0,14700000.0,15700000.0,16800000.0,18900000.0,21000000.0,23100000.0,25200000.0,27300000.0,29400000.0,31500000.0,33600000.0,37700000.0,41900000.0,46100000.0,50300000.0,54500000.0,58700000.0,62900000.0
"sexta-feira, 17 de abril de 2026 19:32:11",Size,aMEM_10pct-i_2s 3,0.824,0.819,0.799,0.784,0.771,0.758,0.743,0.731,0.716,0.693,0.67,0.646,0.626,0.606,0.586,0.569,0.552,0.522,0.492,0.466,0.442,0.42,0.399,0.382,0.365,0.333,0.306,0.282,0.26,0.242,0.225,0.21,0.197,0.173,0.154,0.136,0.122,0.11,0.0988,0.0899,0.0823,0.0684,0.0579,0.0491,0.0419,0.0354,0.031,0.0271,0.0243,0.019,0.0151,0.012,0.00977,0.00813,0.0066,0.00632,0.00588,0.00505,0.00479,0.00355,0.00269,0.00221,0.00163,0.00192,0.00174,0.00144,0.00135,0.0011,0.00187,0.00162,0.00185,0.00121,0.00134,0.00124,0.000621,0.000879,0.00117,0.00116,0.000843,0.00185,0.00133,0.00103,0.000595,0.00134,0.000999,0.000381,0.000575,0.000658,0.000501,0.000757,0.000988,0.000666,0.000934,0.000496,0.000676,0.000581,0.000615,0.000874,0.000755,0.00061,0.000666,0.00075,0.000604,0.000687,0.000639,0.000485,0.000707,0.000624,0.000642,0.000645,0.000553,0.000689,0.00051,0.00083,0.000523,0.000432,0.000536,0.000564,0.000476,0.00045,0.000545,0.00073,0.000571,0.000569,0.000579,0.000569,0.000639,0.000641,0.000378,0.000385,0.000421,0.000228,0.000288,0.000254,0.000134,0.00018,0.000361,0.000462,0.000378,0.000381,0.000351,0.000314,0.000418,0.000115,9.73e-05,0.000174,0.000344,0.000147,8.13e-05,0.000213,0.000378,0.000205,0.000357,0.000668,0.000555,0.000459,0.000543,0.000744,8.78e-05,0.000273,0.0,0.0,0.0,0.0,0.0,0.0,0.0,0.0,0.0,0.0,0.0,0.0,0.0,0.0,0.0,0.0,0.0,0.0,0.0,0.0,0.0,0.0,0.0,0.0,0.0,0.0,0.0,0.0,0.0,0.0,0.0,0.0,0.5,1.0,1.5,2.0,2.5,3.0,3.5,4.0,4.5,5.5,6.5,7.5,8.5,9.5,10.5,11.5,12.5,14.5,16.5,18.5,20.5,22.5,24.5,26.5,28.5,32.5,36.5,40.5,44.5,48.5,52.5,56.5,60.5,68.5,76.5,84.5,92.5,101.0,109.0,117.0,125.0,141.0,157.0,173.0,189.0,205.0,221.0,237.0,253.0,285.0,317.0,349.0,381.0,413.0,445.0,477.0,509.0,573.0,637.0,701.0,765.0,829.0,893.0,957.0,1020.0,1150.0,1280.0,1400.0,1530.0,1660.0,1790.0,1920.0,2040.0,2300.0,2560.0,2810.0,3070.0,3320.0,3580.0,3840.0,4090.0,4600.0,5120.0,5630.0,6140.0,6650.0,7160.0,7680.0,8190.0,9210.0,10200.0,11300.0,12300.0,13300.0,14300.0,15400.0,16400.0,18400.0,20500.0,22500.0,24600.0,26600.0,28700.0,30700.0,32800.0,36900.0,41000.0,45100.0,49100.0,53200.0,57300.0,61400.0,65500.0,73700.0,81900.0,90100.0,98300.0,106000.0,115000.0,123000.0,131000.0,147000.0,164000.0,180000.0,197000.0,213000.0,229000.0,246000.0,262000.0,295000.0,328000.0,360000.0,393000.0,426000.0,459000.0,492000.0,524000.0,590000.0,655000.0,721000.0,786000.0,852000.0,918000.0,983000.0,1050000.0,1180000.0,1310000.0,1440000.0,1570000.0,1700000.0,1840000.0,1970000.0,2100000.0,2360000.0,2620000.0,2880000.0,3150000.0,3410000.0,3670000.0,3930000.0,4190000.0,4720000.0,5240000.0,5770000.0,6290000.0,6820000.0,7340000.0,7860000.0,8390000.0,9440000.0,10500000.0,11500000.0,12600000.0,13600000.0,14700000.0,15700000.0,16800000.0,18900000.0,21000000.0,23100000.0,25200000.0,27300000.0,29400000.0,31500000.0,33600000.0,37700000.0,41900000.0,46100000.0,50300000.0,54500000.0,58700000.0,62900000.0
"sexta-feira, 17 de abril de 2026 19:40:17",Size,aMEM_10pct-i_2s-mean,0.828,0.823,0.802,0.792,0.777,0.762,0.753,0.736,0.723,0.701,0.677,0.656,0.633,0.617,0.595,0.581,0.564,0.532,0.502,0.478,0.455,0.432,0.411,0.391,0.375,0.342,0.316,0.292,0.271,0.252,0.235,0.22,0.207,0.183,0.163,0.145,0.131,0.117,0.107,0.0972,0.0893,0.0746,0.063,0.0539,0.0464,0.0402,0.035,0.0305,0.0277,0.0218,0.0174,0.0146,0.0123,0.0112,0.0103,0.00849,0.00745,0.00617,0.00413,0.00266,0.00215,0.00161,0.00159,0.00155,0.00144,0.00102,0.00119,0.000554,0.00112,0.00101,0.000985,0.00153,0.00103,0.000702,0.000889,0.00121,0.00176,0.00144,0.00119,0.000988,0.000866,0.00101,0.00131,0.000912,0.00137,0.000719,0.000877,0.000754,0.00069,0.000796,0.000689,0.000727,0.000294,0.000812,0.000583,0.000375,0.000392,0.000856,0.000954,0.000654,0.000393,0.000588,0.000778,0.000458,0.000447,0.00029,0.000295,0.000222,0.000242,0.000242,0.0005,0.000353,0.000144,0.000194,8.67e-05,0.000127,0.000224,0.000133,4.31e-05,0.000214,0.000335,0.000212,0.000202,0.000143,0.000252,0.000166,0.000143,0.000183,0.000144,0.000212,0.000159,0.000164,0.000278,0.000118,0.000209,0.000146,4.07e-05,0.000154,0.000191,0.000118,0.0002,9.41e-05,0.00028,0.000185,4.7e-05,0.000168,0.000232,1.06e-05,4.66e-05,6.64e-06,0.000175,0.000187,9.17e-05,0.000215,0.000305,0.000369,8.88e-05,0.000201,0.000227,0.00041,0.0,0.0,0.0,0.0,0.0,0.0,0.0,0.0,0.0,0.0,0.0,0.0,0.0,0.0,0.0,0.0,0.0,0.0,0.0,0.0,0.0,0.0,0.0,0.0,0.0,0.0,0.0,0.0,0.0,0.0,0.0,0.0,0.5,1.0,1.5,2.0,2.5,3.0,3.5,4.0,4.5,5.5,6.5,7.5,8.5,9.5,10.5,11.5,12.5,14.5,16.5,18.5,20.5,22.5,24.5,26.5,28.5,32.5,36.5,40.5,44.5,48.5,52.5,56.5,60.5,68.5,76.5,84.5,92.5,101.0,109.0,117.0,125.0,141.0,157.0,173.0,189.0,205.0,221.0,237.0,253.0,285.0,317.0,349.0,381.0,413.0,445.0,477.0,509.0,573.0,637.0,701.0,765.0,829.0,893.0,957.0,1020.0,1150.0,1280.0,1400.0,1530.0,1660.0,1790.0,1920.0,2040.0,2300.0,2560.0,2810.0,3070.0,3320.0,3580.0,3840.0,4090.0,4600.0,5120.0,5630.0,6140.0,6650.0,7160.0,7680.0,8190.0,9210.0,10200.0,11300.0,12300.0,13300.0,14300.0,15400.0,16400.0,18400.0,20500.0,22500.0,24600.0,26600.0,28700.0,30700.0,32800.0,36900.0,41000.0,45100.0,49100.0,53200.0,57300.0,61400.0,65500.0,73700.0,81900.0,90100.0,98300.0,106000.0,115000.0,123000.0,131000.0,147000.0,164000.0,180000.0,197000.0,213000.0,229000.0,246000.0,262000.0,295000.0,328000.0,360000.0,393000.0,426000.0,459000.0,492000.0,524000.0,590000.0,655000.0,721000.0,786000.0,852000.0,918000.0,983000.0,1050000.0,1180000.0,1310000.0,1440000.0,1570000.0,1700000.0,1840000.0,1970000.0,2100000.0,2360000.0,2620000.0,2880000.0,3150000.0,3410000.0,3670000.0,3930000.0,4190000.0,4720000.0,5240000.0,5770000.0,6290000.0,6820000.0,7340000.0,7860000.0,8390000.0,9440000.0,10500000.0,11500000.0,12600000.0,13600000.0,14700000.0,15700000.0,16800000.0,18900000.0,21000000.0,23100000.0,25200000.0,27300000.0,29400000.0,31500000.0,33600000.0,37700000.0,41900000.0,46100000.0,50300000.0,54500000.0,58700000.0,62900000.0
"sexta-feira, 17 de abril de 2026 20:01:02",Size,aMEM_10pct-L_3s 1,0.839,0.837,0.824,0.813,0.798,0.786,0.773,0.764,0.75,0.728,0.708,0.687,0.669,0.652,0.634,0.618,0.603,0.574,0.547,0.523,0.501,0.48,0.463,0.444,0.427,0.398,0.371,0.347,0.328,0.309,0.293,0.277,0.263,0.239,0.217,0.197,0.181,0.167,0.154,0.142,0.132,0.114,0.0994,0.0869,0.0765,0.068,0.0607,0.0546,0.0493,0.0395,0.0321,0.0263,0.0218,0.0183,0.0156,0.0132,0.0114,0.00872,0.00583,0.00332,0.00171,0.00147,0.00183,0.00203,0.00146,0.00103,0.00104,0.00114,0.0009,0.00135,0.000281,0.00077,0.000798,0.000676,0.000965,0.00175,0.00148,0.000557,0.000638,0.00139,0.000812,0.000564,0.000771,0.000777,0.000294,0.0003,0.000926,0.000424,0.000402,0.000943,0.000624,0.000884,0.000333,0.000508,0.000445,0.000184,0.000187,0.00033,0.000115,0.000924,0.000269,0.000207,0.000259,0.000477,0.000411,0.000358,0.000396,0.000212,0.000178,0.000122,0.000341,0.000317,0.000431,0.000335,0.000133,0.000131,0.000253,0.000153,0.000153,0.000292,0.000144,3.08e-05,0.000132,8.44e-05,0.000242,0.000274,0.000148,7.96e-05,0.000324,0.000207,0.000149,0.000112,0.000353,0.000216,0.000175,0.000169,0.000304,0.000273,0.00014,0.000168,0.000222,0.000177,0.000156,7.86e-05,0.000126,0.00032,0.00049,0.000432,0.000208,0.000202,0.000349,0.000305,0.000846,0.000766,0.000271,0.000347,0.000263,0.000454,0.0004,0.00042,0.0,0.0,0.0,0.0,0.0,0.0,0.0,0.0,0.0,0.0,0.0,0.0,0.0,0.0,0.0,0.0,0.0,0.0,0.0,0.0,0.0,0.0,0.0,0.0,0.0,0.0,0.0,0.0,0.0,0.0,0.0,0.0,0.5,1.0,1.5,2.0,2.5,3.0,3.5,4.0,4.5,5.5,6.5,7.5,8.5,9.5,10.5,11.5,12.5,14.5,16.5,18.5,20.5,22.5,24.5,26.5,28.5,32.5,36.5,40.5,44.5,48.5,52.5,56.5,60.5,68.5,76.5,84.5,92.5,101.0,109.0,117.0,125.0,141.0,157.0,173.0,189.0,205.0,221.0,237.0,253.0,285.0,317.0,349.0,381.0,413.0,445.0,477.0,509.0,573.0,637.0,701.0,765.0,829.0,893.0,957.0,1020.0,1150.0,1280.0,1400.0,1530.0,1660.0,1790.0,1920.0,2040.0,2300.0,2560.0,2810.0,3070.0,3320.0,3580.0,3840.0,4090.0,4600.0,5120.0,5630.0,6140.0,6650.0,7160.0,7680.0,8190.0,9210.0,10200.0,11300.0,12300.0,13300.0,14300.0,15400.0,16400.0,18400.0,20500.0,22500.0,24600.0,26600.0,28700.0,30700.0,32800.0,36900.0,41000.0,45100.0,49100.0,53200.0,57300.0,61400.0,65500.0,73700.0,81900.0,90100.0,98300.0,106000.0,115000.0,123000.0,131000.0,147000.0,164000.0,180000.0,197000.0,213000.0,229000.0,246000.0,262000.0,295000.0,328000.0,360000.0,393000.0,426000.0,459000.0,492000.0,524000.0,590000.0,655000.0,721000.0,786000.0,852000.0,918000.0,983000.0,1050000.0,1180000.0,1310000.0,1440000.0,1570000.0,1700000.0,1840000.0,1970000.0,2100000.0,2360000.0,2620000.0,2880000.0,3150000.0,3410000.0,3670000.0,3930000.0,4190000.0,4720000.0,5240000.0,5770000.0,6290000.0,6820000.0,7340000.0,7860000.0,8390000.0,9440000.0,10500000.0,11500000.0,12600000.0,13600000.0,14700000.0,15700000.0,16800000.0,18900000.0,21000000.0,23100000.0,25200000.0,27300000.0,29400000.0,31500000.0,33600000.0,37700000.0,41900000.0,46100000.0,50300000.0,54500000.0,58700000.0,62900000.0
"sexta-feira, 17 de abril de 2026 20:03:34",Size,aMEM_10pct-L_3s 2,0.848,0.842,0.83,0.815,0.802,0.792,0.779,0.766,0.756,0.733,0.713,0.693,0.673,0.658,0.64,0.623,0.607,0.578,0.552,0.528,0.506,0.484,0.465,0.448,0.432,0.402,0.375,0.351,0.331,0.312,0.295,0.28,0.266,0.239,0.217,0.199,0.183,0.168,0.156,0.144,0.133,0.116,0.102,0.0886,0.0782,0.0689,0.0618,0.0553,0.0496,0.0408,0.0336,0.028,0.0238,0.0204,0.0174,0.0149,0.0125,0.00939,0.00767,0.00463,0.00284,0.00265,0.00174,0.00122,0.000674,0.000304,0.000412,0.000512,0.00056,0.000635,0.000332,7.56e-05,0.000415,0.000467,0.000251,0.000539,0.000568,0.000724,0.00129,0.000433,0.000785,0.000328,0.000349,0.000303,0.000272,0.000254,0.000696,0.000451,0.000175,0.000516,0.000728,0.000429,0.000108,0.00087,0.000835,0.00043,0.000133,0.00047,0.000202,0.000793,0.000769,0.000277,9.79e-07,6.52e-06,3.88e-05,0.000124,0.000209,0.000283,0.000163,0.000112,0.000361,0.000348,2.85e-07,8.7e-05,7.38e-05,3.82e-05,0.000257,0.000188,0.000131,0.000107,0.000231,0.00025,0.000199,0.0,5.69e-05,7.18e-05,0.0,9.61e-05,7.03e-05,0.000198,0.00015,0.000165,0.000113,0.000131,0.000106,6.08e-05,0.000164,5.16e-05,0.0001,0.000107,0.000162,0.00015,0.000107,6.78e-06,0.000311,0.000424,0.00021,0.000428,0.000267,0.000274,0.00027,0.00036,0.000288,0.000299,8.46e-05,0.000481,0.000503,0.000104,0.000102,0.000237,0.0,0.0,0.0,0.0,0.0,0.0,0.0,0.0,0.0,0.0,0.0,0.0,0.0,0.0,0.0,0.0,0.0,0.0,0.0,0.0,0.0,0.0,0.0,0.0,0.0,0.0,0.0,0.0,0.0,0.0,0.0,0.0,0.5,1.0,1.5,2.0,2.5,3.0,3.5,4.0,4.5,5.5,6.5,7.5,8.5,9.5,10.5,11.5,12.5,14.5,16.5,18.5,20.5,22.5,24.5,26.5,28.5,32.5,36.5,40.5,44.5,48.5,52.5,56.5,60.5,68.5,76.5,84.5,92.5,101.0,109.0,117.0,125.0,141.0,157.0,173.0,189.0,205.0,221.0,237.0,253.0,285.0,317.0,349.0,381.0,413.0,445.0,477.0,509.0,573.0,637.0,701.0,765.0,829.0,893.0,957.0,1020.0,1150.0,1280.0,1400.0,1530.0,1660.0,1790.0,1920.0,2040.0,2300.0,2560.0,2810.0,3070.0,3320.0,3580.0,3840.0,4090.0,4600.0,5120.0,5630.0,6140.0,6650.0,7160.0,7680.0,8190.0,9210.0,10200.0,11300.0,12300.0,13300.0,14300.0,15400.0,16400.0,18400.0,20500.0,22500.0,24600.0,26600.0,28700.0,30700.0,32800.0,36900.0,41000.0,45100.0,49100.0,53200.0,57300.0,61400.0,65500.0,73700.0,81900.0,90100.0,98300.0,106000.0,115000.0,123000.0,131000.0,147000.0,164000.0,180000.0,197000.0,213000.0,229000.0,246000.0,262000.0,295000.0,328000.0,360000.0,393000.0,426000.0,459000.0,492000.0,524000.0,590000.0,655000.0,721000.0,786000.0,852000.0,918000.0,983000.0,1050000.0,1180000.0,1310000.0,1440000.0,1570000.0,1700000.0,1840000.0,1970000.0,2100000.0,2360000.0,2620000.0,2880000.0,3150000.0,3410000.0,3670000.0,3930000.0,4190000.0,4720000.0,5240000.0,5770000.0,6290000.0,6820000.0,7340000.0,7860000.0,8390000.0,9440000.0,10500000.0,11500000.0,12600000.0,13600000.0,14700000.0,15700000.0,16800000.0,18900000.0,21000000.0,23100000.0,25200000.0,27300000.0,29400000.0,31500000.0,33600000.0,37700000.0,41900000.0,46100000.0,50300000.0,54500000.0,58700000.0,62900000.0
"sexta-feira, 17 de abril de 2026 20:06:07",Size,aMEM_10pct-L_3s 3,0.842,0.843,0.826,0.812,0.801,0.787,0.775,0.765,0.751,0.731,0.709,0.69,0.671,0.651,0.634,0.621,0.605,0.575,0.547,0.524,0.502,0.481,0.462,0.444,0.428,0.398,0.371,0.348,0.327,0.307,0.29,0.275,0.26,0.235,0.213,0.195,0.178,0.163,0.151,0.14,0.13,0.112,0.0968,0.0851,0.0747,0.0663,0.0582,0.0523,0.0474,0.0381,0.0315,0.0273,0.0222,0.0185,0.015,0.0121,0.0105,0.00678,0.00579,0.00438,0.00272,0.00134,0.00153,0.000852,0.000738,0.00076,8.45e-05,0.000644,0.000862,0.000606,9.65e-05,0.000344,5.57e-05,0.000105,0.00019,2.33e-05,8.17e-05,0.000104,0.000232,0.000554,0.000591,0.000267,0.00066,0.000537,0.000205,0.000175,0.000361,0.000534,0.000594,0.000777,0.000291,0.000781,0.000554,0.00031,0.000393,0.000566,0.000682,0.00039,0.00035,5.43e-05,0.000602,0.000477,0.000303,0.000545,0.000124,0.000309,0.000111,0.000173,0.000245,0.000141,5.95e-05,2.13e-05,6.6e-05,0.000257,0.00045,8.46e-05,0.000347,0.000285,0.000252,0.000244,1.89e-05,9.5e-05,8.57e-05,9.33e-05,8.4e-05,0.000158,0.000195,0.000262,5.86e-05,0.000301,0.00038,0.000174,0.000125,0.000167,0.000237,0.000252,0.00029,0.00015,0.000149,0.000147,0.000265,9.77e-05,0.000213,6.75e-05,0.000142,2.93e-05,0.000356,0.000212,0.000217,0.000325,7.81e-05,0.000152,0.000535,0.000146,0.000668,0.000553,0.000359,0.000587,0.000431,0.000811,0.0,0.0,0.0,0.0,0.0,0.0,0.0,0.0,0.0,0.0,0.0,0.0,0.0,0.0,0.0,0.0,0.0,0.0,0.0,0.0,0.0,0.0,0.0,0.0,0.0,0.0,0.0,0.0,0.0,0.0,0.0,0.0,0.5,1.0,1.5,2.0,2.5,3.0,3.5,4.0,4.5,5.5,6.5,7.5,8.5,9.5,10.5,11.5,12.5,14.5,16.5,18.5,20.5,22.5,24.5,26.5,28.5,32.5,36.5,40.5,44.5,48.5,52.5,56.5,60.5,68.5,76.5,84.5,92.5,101.0,109.0,117.0,125.0,141.0,157.0,173.0,189.0,205.0,221.0,237.0,253.0,285.0,317.0,349.0,381.0,413.0,445.0,477.0,509.0,573.0,637.0,701.0,765.0,829.0,893.0,957.0,1020.0,1150.0,1280.0,1400.0,1530.0,1660.0,1790.0,1920.0,2040.0,2300.0,2560.0,2810.0,3070.0,3320.0,3580.0,3840.0,4090.0,4600.0,5120.0,5630.0,6140.0,6650.0,7160.0,7680.0,8190.0,9210.0,10200.0,11300.0,12300.0,13300.0,14300.0,15400.0,16400.0,18400.0,20500.0,22500.0,24600.0,26600.0,28700.0,30700.0,32800.0,36900.0,41000.0,45100.0,49100.0,53200.0,57300.0,61400.0,65500.0,73700.0,81900.0,90100.0,98300.0,106000.0,115000.0,123000.0,131000.0,147000.0,164000.0,180000.0,197000.0,213000.0,229000.0,246000.0,262000.0,295000.0,328000.0,360000.0,393000.0,426000.0,459000.0,492000.0,524000.0,590000.0,655000.0,721000.0,786000.0,852000.0,918000.0,983000.0,1050000.0,1180000.0,1310000.0,1440000.0,1570000.0,1700000.0,1840000.0,1970000.0,2100000.0,2360000.0,2620000.0,2880000.0,3150000.0,3410000.0,3670000.0,3930000.0,4190000.0,4720000.0,5240000.0,5770000.0,6290000.0,6820000.0,7340000.0,7860000.0,8390000.0,9440000.0,10500000.0,11500000.0,12600000.0,13600000.0,14700000.0,15700000.0,16800000.0,18900000.0,21000000.0,23100000.0,25200000.0,27300000.0,29400000.0,31500000.0,33600000.0,37700000.0,41900000.0,46100000.0,50300000.0,54500000.0,58700000.0,62900000.0
"sexta-feira, 17 de abril de 2026 20:15:45",Size,aMEM_10pct-L_3s-mean,0.839,0.837,0.824,0.813,0.798,0.786,0.773,0.764,0.75,0.728,0.708,0.687,0.669,0.652,0.634,0.618,0.603,0.574,0.547,0.523,0.501,0.48,0.463,0.444,0.427,0.398,0.371,0.347,0.328,0.309,0.293,0.277,0.263,0.239,0.217,0.197,0.181,0.167,0.154,0.142,0.132,0.114,0.0994,0.0869,0.0765,0.068,0.0607,0.0546,0.0493,0.0395,0.0321,0.0263,0.0218,0.0183,0.0156,0.0132,0.0114,0.00872,0.00583,0.00332,0.00171,0.00147,0.00183,0.00203,0.00146,0.00103,0.00104,0.00114,0.0009,0.00135,0.000281,0.00077,0.000798,0.000676,0.000965,0.00175,0.00148,0.000557,0.000638,0.00139,0.000812,0.000564,0.000771,0.000777,0.000294,0.0003,0.000926,0.000424,0.000402,0.000943,0.000624,0.000884,0.000333,0.000508,0.000445,0.000184,0.000187,0.00033,0.000115,0.000924,0.000269,0.000207,0.000259,0.000477,0.000411,0.000358,0.000396,0.000212,0.000178,0.000122,0.000341,0.000317,0.000431,0.000335,0.000133,0.000131,0.000253,0.000153,0.000153,0.000292,0.000144,3.08e-05,0.000132,8.44e-05,0.000242,0.000274,0.000148,7.96e-05,0.000324,0.000207,0.000149,0.000112,0.000353,0.000216,0.000175,0.000169,0.000304,0.000273,0.00014,0.000168,0.000222,0.000177,0.000156,7.86e-05,0.000126,0.00032,0.00049,0.000432,0.000208,0.000202,0.000349,0.000305,0.000846,0.000766,0.000271,0.000347,0.000263,0.000454,0.0004,0.00042,0.0,0.0,0.0,0.0,0.0,0.0,0.0,0.0,0.0,0.0,0.0,0.0,0.0,0.0,0.0,0.0,0.0,0.0,0.0,0.0,0.0,0.0,0.0,0.0,0.0,0.0,0.0,0.0,0.0,0.0,0.0,0.0,0.5,1.0,1.5,2.0,2.5,3.0,3.5,4.0,4.5,5.5,6.5,7.5,8.5,9.5,10.5,11.5,12.5,14.5,16.5,18.5,20.5,22.5,24.5,26.5,28.5,32.5,36.5,40.5,44.5,48.5,52.5,56.5,60.5,68.5,76.5,84.5,92.5,101.0,109.0,117.0,125.0,141.0,157.0,173.0,189.0,205.0,221.0,237.0,253.0,285.0,317.0,349.0,381.0,413.0,445.0,477.0,509.0,573.0,637.0,701.0,765.0,829.0,893.0,957.0,1020.0,1150.0,1280.0,1400.0,1530.0,1660.0,1790.0,1920.0,2040.0,2300.0,2560.0,2810.0,3070.0,3320.0,3580.0,3840.0,4090.0,4600.0,5120.0,5630.0,6140.0,6650.0,7160.0,7680.0,8190.0,9210.0,10200.0,11300.0,12300.0,13300.0,14300.0,15400.0,16400.0,18400.0,20500.0,22500.0,24600.0,26600.0,28700.0,30700.0,32800.0,36900.0,41000.0,45100.0,49100.0,53200.0,57300.0,61400.0,65500.0,73700.0,81900.0,90100.0,98300.0,106000.0,115000.0,123000.0,131000.0,147000.0,164000.0,180000.0,197000.0,213000.0,229000.0,246000.0,262000.0,295000.0,328000.0,360000.0,393000.0,426000.0,459000.0,492000.0,524000.0,590000.0,655000.0,721000.0,786000.0,852000.0,918000.0,983000.0,1050000.0,1180000.0,1310000.0,1440000.0,1570000.0,1700000.0,1840000.0,1970000.0,2100000.0,2360000.0,2620000.0,2880000.0,3150000.0,3410000.0,3670000.0,3930000.0,4190000.0,4720000.0,5240000.0,5770000.0,6290000.0,6820000.0,7340000.0,7860000.0,8390000.0,9440000.0,10500000.0,11500000.0,12600000.0,13600000.0,14700000.0,15700000.0,16800000.0,18900000.0,21000000.0,23100000.0,25200000.0,27300000.0,29400000.0,31500000.0,33600000.0,37700000.0,41900000.0,46100000.0,50300000.0,54500000.0,58700000.0,62900000.0
