sample_base,carrageenan,matrix,point_index,delay_time_mean,corr_mean,corr_std,n
L_3S-1mg_mL,lambda,water,1,0.5,0.872,0.03915354390090382,3
L_3S-1mg_mL,lambda,water,2,1.0,0.882,0.03915354390090382,3
L_3S-1mg_mL,lambda,water,3,1.5,0.879,0.0379868398264452,3
L_3S-1mg_mL,lambda,water,4,2.0,0.8786666666666667,0.04163331998932271,3
L_3S-1mg_mL,lambda,water,5,2.5,0.875,0.037242448899072175,3
L_3S-1mg_mL,lambda,water,6,3.0,0.876,0.03939543120718445,3
L_3S-1mg_mL,lambda,water,7,3.5,0.8756666666666666,0.037806525010020915,3
L_3S-1mg_mL,lambda,water,8,4.0,0.8733333333333334,0.0374210279566628,3
L_3S-1mg_mL,lambda,water,9,4.5,0.8729999999999999,0.03988734135035829,3
L_3S-1mg_mL,lambda,water,10,5.5,0.8713333333333333,0.039551653989856536,3
L_3S-1mg_mL,lambda,water,11,6.5,0.8676666666666666,0.03950105483823612,3
L_3S-1mg_mL,lambda,water,12,7.5,0.868,0.04036087214122118,3
L_3S-1mg_mL,lambda,water,13,8.5,0.8666666666666667,0.038552993831002774,3
L_3S-1mg_mL,lambda,water,14,9.5,0.8663333333333334,0.04027819923151152,3
L_3S-1mg_mL,lambda,water,15,10.5,0.8643333333333333,0.03932344508474988,3
L_3S-1mg_mL,lambda,water,16,11.5,0.8626666666666667,0.03995414037785493,3
L_3S-1mg_mL,lambda,water,17,12.5,0.8626666666666667,0.040673496694202886,3
L_3S-1mg_mL,lambda,water,18,14.5,0.8596666666666666,0.04045161719058137,3
L_3S-1mg_mL,lambda,water,19,16.5,0.858,0.039887341350358305,3
L_3S-1mg_mL,lambda,water,20,18.5,0.8553333333333333,0.040278199231511484,3
L_3S-1mg_mL,lambda,water,21,20.5,0.8543333333333334,0.04006661120351124,3
L_3S-1mg_mL,lambda,water,22,22.5,0.8523333333333333,0.04006661120351124,3
L_3S-1mg_mL,lambda,water,23,24.5,0.85,0.03988734135035828,3
L_3S-1mg_mL,lambda,water,24,26.5,0.8490000000000001,0.04063249930782004,3
L_3S-1mg_mL,lambda,water,25,28.5,0.8473333333333333,0.0410162569395762,3
L_3S-1mg_mL,lambda,water,26,32.5,0.844,0.04063249930782004,3
L_3S-1mg_mL,lambda,water,27,36.5,0.84,0.04063249930782004,3
L_3S-1mg_mL,lambda,water,28,40.5,0.8376666666666667,0.041198705481280976,3
L_3S-1mg_mL,lambda,water,29,44.5,0.835,0.04063249930782004,3
L_3S-1mg_mL,lambda,water,30,48.5,0.832,0.041218927691049845,3
L_3S-1mg_mL,lambda,water,31,52.5,0.8296666666666667,0.041198705481280976,3
L_3S-1mg_mL,lambda,water,32,56.5,0.8266666666666667,0.042146569650842666,3
L_3S-1mg_mL,lambda,water,33,60.5,0.8243333333333333,0.04082074635933703,3
L_3S-1mg_mL,lambda,water,34,68.5,0.8193333333333334,0.0408207463593371,3
L_3S-1mg_mL,lambda,water,35,76.5,0.8143333333333334,0.04176521678781678,3
L_3S-1mg_mL,lambda,water,36,84.5,0.8099999999999999,0.04233202097703341,3
L_3S-1mg_mL,lambda,water,37,92.5,0.806,0.043092922852830506,3
L_3S-1mg_mL,lambda,water,38,101.0,0.8016666666666666,0.04195632649950816,3
L_3S-1mg_mL,lambda,water,39,109.0,0.7973333333333333,0.04252450274057684,3
L_3S-1mg_mL,lambda,water,40,117.0,0.7936666666666667,0.04272391992003235,3
L_3S-1mg_mL,lambda,water,41,125.0,0.79,0.0430929228528305,3
L_3S-1mg_mL,lambda,water,42,141.0,0.7833333333333333,0.043293571501244084,3
L_3S-1mg_mL,lambda,water,43,157.0,0.7760000000000001,0.04386342439892266,3
L_3S-1mg_mL,lambda,water,44,173.0,0.7696666666666667,0.04350095784386055,3
L_3S-1mg_mL,lambda,water,45,189.0,0.7636666666666666,0.04350095784386055,3
L_3S-1mg_mL,lambda,water,46,205.0,0.7573333333333334,0.04407191093353378,3
L_3S-1mg_mL,lambda,water,47,221.0,0.7513333333333333,0.04407191093353378,3
L_3S-1mg_mL,lambda,water,48,237.0,0.7463333333333333,0.04407191093353385,3
L_3S-1mg_mL,lambda,water,49,253.0,0.7403333333333334,0.04407191093353385,3
L_3S-1mg_mL,lambda,water,50,285.0,0.73,0.04464302857109945,3
L_3S-1mg_mL,lambda,water,51,317.0,0.7200000000000001,0.04464302857109945,3
L_3S-1mg_mL,lambda,water,52,349.0,0.711,0.04543126676640215,3
L_3S-1mg_mL,lambda,water,53,381.0,0.702,0.04543126676640215,3
L_3S-1mg_mL,lambda,water,54,413.0,0.6933333333333334,0.04485903847981288,3
L_3S-1mg_mL,lambda,water,55,445.0,0.6849999999999999,0.04543126676640215,3
L_3S-1mg_mL,lambda,water,56,477.0,0.6769999999999999,0.04543126676640215,3
L_3S-1mg_mL,lambda,water,57,509.0,0.6693333333333333,0.04565449959569521,3
L_3S-1mg_mL,lambda,water,58,573.0,0.655,0.046227697325304906,3
L_3S-1mg_mL,lambda,water,59,637.0,0.641,0.046227697325304906,3
L_3S-1mg_mL,lambda,water,60,701.0,0.6276666666666667,0.04588391148685276,3
L_3S-1mg_mL,lambda,water,61,765.0,0.6150000000000001,0.04622769732530483,3
L_3S-1mg_mL,lambda,water,62,829.0,0.6030000000000001,0.04622769732530483,3
L_3S-1mg_mL,lambda,water,63,893.0,0.5916666666666667,0.045883911486852676,3
L_3S-1mg_mL,lambda,water,64,957.0,0.5803333333333334,0.04565449959569521,3
L_3S-1mg_mL,lambda,water,65,1020.0,0.57,0.046227697325304906,3
L_3S-1mg_mL,lambda,water,66,1150.0,0.5493333333333333,0.04565449959569513,3
L_3S-1mg_mL,lambda,water,67,1280.0,0.53,0.04543126676640223,3
L_3S-1mg_mL,lambda,water,68,1400.0,0.512,0.04464302857109944,3
L_3S-1mg_mL,lambda,water,69,1530.0,0.49433333333333335,0.04407191093353381,3
L_3S-1mg_mL,lambda,water,70,1660.0,0.4776666666666667,0.04366157731156001,3
L_3S-1mg_mL,lambda,water,71,1790.0,0.46166666666666667,0.04289910643980052,3
L_3S-1mg_mL,lambda,water,72,1920.0,0.4463333333333333,0.04196824196143234,3
L_3S-1mg_mL,lambda,water,73,2040.0,0.43133333333333335,0.04123509831846329,3
L_3S-1mg_mL,lambda,water,74,2300.0,0.40399999999999997,0.03966106403010388,3
L_3S-1mg_mL,lambda,water,75,2560.0,0.37833333333333335,0.03873413653785676,3
L_3S-1mg_mL,lambda,water,76,2810.0,0.35533333333333333,0.038436094147732205,3
L_3S-1mg_mL,lambda,water,77,3070.0,0.3333333333333333,0.03763420430052073,3
L_3S-1mg_mL,lambda,water,78,3320.0,0.3136666666666667,0.037018013633004845,3
L_3S-1mg_mL,lambda,water,79,3580.0,0.296,0.037,3
L_3S-1mg_mL,lambda,water,80,3840.0,0.28,0.03604164258188019,3
L_3S-1mg_mL,lambda,water,81,4090.0,0.26533333333333337,0.03611555528208492,3
L_3S-1mg_mL,lambda,water,82,4600.0,0.23966666666666667,0.03579571668975681,3
L_3S-1mg_mL,lambda,water,83,5120.0,0.21799999999999997,0.03555277766926236,3
L_3S-1mg_mL,lambda,water,84,5630.0,0.19966666666666666,0.03629508690350987,3
L_3S-1mg_mL,lambda,water,85,6140.0,0.18466666666666667,0.03693688310257558,3
L_3S-1mg_mL,lambda,water,86,6650.0,0.171,0.0375099986670221,3
L_3S-1mg_mL,lambda,water,87,7160.0,0.15933333333333333,0.03808324215889889,3
L_3S-1mg_mL,lambda,water,88,7680.0,0.14833333333333334,0.037287173844813365,3
L_3S-1mg_mL,lambda,water,89,8190.0,0.13833333333333334,0.0355715241918776,3
L_3S-1mg_mL,lambda,water,90,9210.0,0.12163333333333333,0.03275215005665023,3
L_3S-1mg_mL,lambda,water,91,10200.0,0.10886666666666667,0.030993117515560335,3
L_3S-1mg_mL,lambda,water,92,11300.0,0.0979,0.027056792123235897,3
L_3S-1mg_mL,lambda,water,93,12300.0,0.08900000000000001,0.024438698819699876,3
L_3S-1mg_mL,lambda,water,94,13300.0,0.08156666666666666,0.02445001704157552,3
L_3S-1mg_mL,lambda,water,95,14300.0,0.07576666666666666,0.025144847053289735,3
L_3S-1mg_mL,lambda,water,96,15400.0,0.07110000000000001,0.02486744860254063,3
L_3S-1mg_mL,lambda,water,97,16400.0,0.06643333333333333,0.025101659971669868,3
L_3S-1mg_mL,lambda,water,98,18400.0,0.05923333333333333,0.024857661461475684,3
L_3S-1mg_mL,lambda,water,99,20500.0,0.0557,0.02449428504774124,3
L_3S-1mg_mL,lambda,water,100,22500.0,0.05343333333333333,0.0252123646914234,3
L_3S-1mg_mL,lambda,water,101,24600.0,0.05106666666666667,0.025740499865646225,3
L_3S-1mg_mL,lambda,water,102,26600.0,0.0469,0.023208403650402155,3
L_3S-1mg_mL,lambda,water,103,28700.0,0.042733333333333325,0.01923573064204563,3
L_3S-1mg_mL,lambda,water,104,30700.0,0.04066666666666666,0.018551639640024636,3
L_3S-1mg_mL,lambda,water,105,32800.0,0.041,0.019378338422062918,3
L_3S-1mg_mL,lambda,water,106,36900.0,0.043833333333333335,0.020182748408810267,3
L_3S-1mg_mL,lambda,water,107,41000.0,0.044199999999999996,0.022058331759224222,3
L_3S-1mg_mL,lambda,water,108,45100.0,0.04446666666666666,0.02469257648228174,3
L_3S-1mg_mL,lambda,water,109,49100.0,0.04326666666666667,0.027767306915387622,3
L_3S-1mg_mL,lambda,water,110,53200.0,0.04323333333333334,0.02661603526698395,3
L_3S-1mg_mL,lambda,water,111,57300.0,0.038766666666666665,0.025888671911346348,3
L_3S-1mg_mL,lambda,water,112,61400.0,0.03598333333333333,0.02379550027491192,3
L_3S-1mg_mL,lambda,water,113,65500.0,0.03546,0.022561312018586153,3
L_3S-1mg_mL,lambda,water,114,73700.0,0.0357,0.02229192678975956,3
L_3S-1mg_mL,lambda,water,115,81900.0,0.034,0.022829586067206736,3
L_3S-1mg_mL,lambda,water,116,90100.0,0.02857,0.02125678009483092,3
L_3S-1mg_mL,lambda,water,117,98300.0,0.0253,0.019163506985935535,3
L_3S-1mg_mL,lambda,water,118,106000.0,0.025793333333333335,0.02381113465027094,3
L_3S-1mg_mL,lambda,water,119,115000.0,0.025846666666666667,0.023300483542908142,3
L_3S-1mg_mL,lambda,water,120,123000.0,0.02255666666666667,0.020651310692867252,3
L_3S-1mg_mL,lambda,water,121,131000.0,0.02070666666666667,0.018827855250488128,3
L_3S-1mg_mL,lambda,water,122,147000.0,0.019466666666666667,0.016656930489538983,3
L_3S-1mg_mL,lambda,water,123,164000.0,0.020223333333333333,0.01874237533860992,3
L_3S-1mg_mL,lambda,water,124,180000.0,0.016585666666666665,0.020385922013324127,3
L_3S-1mg_mL,lambda,water,125,197000.0,0.014296666666666668,0.015561234955276955,3
L_3S-1mg_mL,lambda,water,126,213000.0,0.014899999999999998,0.013671503209230504,3
L_3S-1mg_mL,lambda,water,127,229000.0,0.015531666666666668,0.015601843106932379,3
L_3S-1mg_mL,lambda,water,128,246000.0,0.015509999999999998,0.011912862796154415,3
L_3S-1mg_mL,lambda,water,129,262000.0,0.012396666666666667,0.011216908367876298,3
L_3S-1mg_mL,lambda,water,130,295000.0,0.01128,0.01157733561748989,3
L_3S-1mg_mL,lambda,water,131,328000.0,0.011246666666666667,0.006951297241043095,3
L_3S-1mg_mL,lambda,water,132,360000.0,0.01341,0.010383703578203684,3
L_3S-1mg_mL,lambda,water,133,393000.0,0.01026,0.005063279569607035,3
L_3S-1mg_mL,lambda,water,134,426000.0,0.008126666666666666,0.004748908646555894,3
L_3S-1mg_mL,lambda,water,135,459000.0,0.008146666666666668,0.0031745918372813433,3
L_3S-1mg_mL,lambda,water,136,492000.0,0.005150000000000001,0.0010653168542738823,3
L_3S-1mg_mL,lambda,water,137,524000.0,0.006663333333333334,0.00236715722615405,3
L_3S-1mg_mL,lambda,water,138,590000.0,0.006083333333333334,0.0029528686617141197,3
L_3S-1mg_mL,lambda,water,139,655000.0,0.0053033333333333335,0.0030238110611169695,3
L_3S-1mg_mL,lambda,water,140,721000.0,0.0027533333333333333,0.002066938154211038,3
L_3S-1mg_mL,lambda,water,141,786000.0,0.002312666666666667,0.0032800380079098675,3
L_3S-1mg_mL,lambda,water,142,852000.0,0.003796666666666667,0.0023312085563787148,3
L_3S-1mg_mL,lambda,water,143,918000.0,0.0029966666666666666,0.001630040899282387,3
L_3S-1mg_mL,lambda,water,144,983000.0,0.004073333333333333,0.0014233879770931513,3
L_3S-1mg_mL,lambda,water,145,1050000.0,0.00344,0.0035169731304063156,3
L_3S-1mg_mL,lambda,water,146,1180000.0,0.00398,0.0029689055222421614,3
L_3S-1mg_mL,lambda,water,147,1310000.0,0.00413,0.0029141722666994135,3
L_3S-1mg_mL,lambda,water,148,1440000.0,0.004792,0.0035809233446137878,3
L_3S-1mg_mL,lambda,water,149,1570000.0,0.002813333333333333,0.0016096065771900078,3
L_3S-1mg_mL,lambda,water,150,1700000.0,0.002503333333333333,0.0010171692746703143,3
L_3S-1mg_mL,lambda,water,151,1840000.0,0.0023166666666666665,0.0020085401000063037,3
L_3S-1mg_mL,lambda,water,152,1970000.0,0.00324,0.0025557190768940156,3
L_3S-1mg_mL,lambda,water,153,2100000.0,0.00457,0.0024525700805481587,3
L_3S-1mg_mL,lambda,water,154,2360000.0,0.0023453333333333334,0.002119656890473865,3
L_3S-1mg_mL,lambda,water,155,2620000.0,0.003211,0.002683667825942697,3
L_3S-1mg_mL,lambda,water,156,2880000.0,0.004033333333333333,0.0015409196388304401,3
L_3S-1mg_mL,lambda,water,157,3150000.0,0.0032933333333333334,0.0007903374806583155,3
L_3S-1mg_mL,lambda,water,158,3410000.0,0.003576666666666667,0.0011809459485231885,3
L_3S-1mg_mL,lambda,water,159,3670000.0,0.003076,0.002374747986629318,3
L_3S-1mg_mL,lambda,water,160,3930000.0,0.0011193333333333333,0.0007202925331650559,3
L_3S-1mg_mL,lambda,water,161,4190000.0,0.0,0.0,3
L_3S-1mg_mL,lambda,water,162,4720000.0,0.0,0.0,3
L_3S-1mg_mL,lambda,water,163,5240000.0,0.0,0.0,3
L_3S-1mg_mL,lambda,water,164,5770000.0,0.0,0.0,3
L_3S-1mg_mL,lambda,water,165,6290000.0,0.0,0.0,3
L_3S-1mg_mL,lambda,water,166,6820000.0,0.0,0.0,3
L_3S-1mg_mL,lambda,water,167,7340000.0,0.0,0.0,3
L_3S-1mg_mL,lambda,water,168,7860000.0,0.0,0.0,3
L_3S-1mg_mL,lambda,water,169,8390000.0,0.0,0.0,3
L_3S-1mg_mL,lambda,water,170,9440000.0,0.0,0.0,3
L_3S-1mg_mL,lambda,water,171,10500000.0,0.0,0.0,3
L_3S-1mg_mL,lambda,water,172,11500000.0,0.0,0.0,3
L_3S-1mg_mL,lambda,water,173,12600000.0,0.0,0.0,3
L_3S-1mg_mL,lambda,water,174,13600000.0,0.0,0.0,3
L_3S-1mg_mL,lambda,water,175,14700000.0,0.0,0.0,3
L_3S-1mg_mL,lambda,water,176,15700000.0,0.0,0.0,3
L_3S-1mg_mL,lambda,water,177,16800000.0,0.0,0.0,3
L_3S-1mg_mL,lambda,water,178,18900000.0,0.0,0.0,3
L_3S-1mg_mL,lambda,water,179,21000000.0,0.0,0.0,3
L_3S-1mg_mL,lambda,water,180,23100000.0,0.0,0.0,3
L_3S-1mg_mL,lambda,water,181,25200000.0,0.0,0.0,3
L_3S-1mg_mL,lambda,water,182,27300000.0,0.0,0.0,3
L_3S-1mg_mL,lambda,water,183,29400000.0,0.0,0.0,3
L_3S-1mg_mL,lambda,water,184,31500000.0,0.0,0.0,3
L_3S-1mg_mL,lambda,water,185,33600000.0,0.0,0.0,3
L_3S-1mg_mL,lambda,water,186,37700000.0,0.0,0.0,3
L_3S-1mg_mL,lambda,water,187,41900000.0,0.0,0.0,3
L_3S-1mg_mL,lambda,water,188,46100000.0,0.0,0.0,3
L_3S-1mg_mL,lambda,water,189,50300000.0,0.0,0.0,3
L_3S-1mg_mL,lambda,water,190,54500000.0,0.0,0.0,3
L_3S-1mg_mL,lambda,water,191,58700000.0,0.0,0.0,3
L_3S-1mg_mL,lambda,water,192,62900000.0,0.0,0.0,3
L_3S-35ug_mL,lambda,water,1,0.5,0.5705,0.13505739520663063,2
L_3S-35ug_mL,lambda,water,2,1.0,0.571,0.14142135623730953,2
L_3S-35ug_mL,lambda,water,3,1.5,0.5645,0.13222896808188442,2
L_3S-35ug_mL,lambda,water,4,2.0,0.5675,0.14071424945612293,2
L_3S-35ug_mL,lambda,water,5,2.5,0.562,0.13576450198781714,2
L_3S-35ug_mL,lambda,water,6,3.0,0.5695,0.13647160876900372,2
L_3S-35ug_mL,lambda,water,7,3.5,0.5655,0.14071424945612293,2
L_3S-35ug_mL,lambda,water,8,4.0,0.5630000000000001,0.13435028842544405,2
L_3S-35ug_mL,lambda,water,9,4.5,0.561,0.14000714267493644,2
L_3S-35ug_mL,lambda,water,10,5.5,0.5605,0.13505739520663057,2
L_3S-35ug_mL,lambda,water,11,6.5,0.5645,0.14071424945612293,2
L_3S-35ug_mL,lambda,water,12,7.5,0.5565,0.14071424945612293,2
L_3S-35ug_mL,lambda,water,13,8.5,0.558,0.13859292911256335,2
L_3S-35ug_mL,lambda,water,14,9.5,0.5565,0.13788582233137675,2
L_3S-35ug_mL,lambda,water,15,10.5,0.555,0.13576450198781714,2
L_3S-35ug_mL,lambda,water,16,11.5,0.554,0.1442497833620557,2
L_3S-35ug_mL,lambda,water,17,12.5,0.554,0.14000714267493644,2
L_3S-35ug_mL,lambda,water,18,14.5,0.5475,0.13930003589374984,2
L_3S-35ug_mL,lambda,water,19,16.5,0.547,0.13435028842544405,2
L_3S-35ug_mL,lambda,water,20,18.5,0.544,0.13859292911256335,2
L_3S-35ug_mL,lambda,water,21,20.5,0.545,0.13576450198781714,2
L_3S-35ug_mL,lambda,water,22,22.5,0.5415,0.14071424945612293,2
L_3S-35ug_mL,lambda,water,23,24.5,0.5405,0.14071424945612293,2
L_3S-35ug_mL,lambda,water,24,26.5,0.5395,0.13647160876900366,2
L_3S-35ug_mL,lambda,water,25,28.5,0.5375,0.13647160876900366,2
L_3S-35ug_mL,lambda,water,26,32.5,0.5355,0.13788582233137675,2
L_3S-35ug_mL,lambda,water,27,36.5,0.5315,0.13647160876900366,2
L_3S-35ug_mL,lambda,water,28,40.5,0.528,0.13859292911256335,2
L_3S-35ug_mL,lambda,water,29,44.5,0.5245,0.13788582233137675,2
L_3S-35ug_mL,lambda,water,30,48.5,0.5245,0.13930003589374984,2
L_3S-35ug_mL,lambda,water,31,52.5,0.521,0.13717871555019023,2
L_3S-35ug_mL,lambda,water,32,56.5,0.5175,0.13788582233137675,2
L_3S-35ug_mL,lambda,water,33,60.5,0.5165,0.13647160876900366,2
L_3S-35ug_mL,lambda,water,34,68.5,0.5105,0.13647160876900366,2
L_3S-35ug_mL,lambda,water,35,76.5,0.506,0.13859292911256335,2
L_3S-35ug_mL,lambda,water,36,84.5,0.5025,0.13647160876900358,2
L_3S-35ug_mL,lambda,water,37,92.5,0.4995,0.13647160876900363,2
L_3S-35ug_mL,lambda,water,38,101.0,0.4945,0.13647160876900363,2
L_3S-35ug_mL,lambda,water,39,109.0,0.4905,0.13505739520663054,2
L_3S-35ug_mL,lambda,water,40,117.0,0.4865,0.13647160876900363,2
L_3S-35ug_mL,lambda,water,41,125.0,0.483,0.1357645019878171,2
L_3S-35ug_mL,lambda,water,42,141.0,0.476,0.1357645019878171,2
L_3S-35ug_mL,lambda,water,43,157.0,0.4695,0.13505739520663054,2
L_3S-35ug_mL,lambda,water,44,173.0,0.4635,0.13364318164425754,2
L_3S-35ug_mL,lambda,water,45,189.0,0.4575,0.13222896808188442,2
L_3S-35ug_mL,lambda,water,46,205.0,0.452,0.13293607486307096,2
L_3S-35ug_mL,lambda,water,47,221.0,0.447,0.13293607486307096,2
L_3S-35ug_mL,lambda,water,48,237.0,0.441,0.13293607486307096,2
L_3S-35ug_mL,lambda,water,49,253.0,0.43600000000000005,0.13152186130069785,2
L_3S-35ug_mL,lambda,water,50,285.0,0.4265,0.13081475451951127,2
L_3S-35ug_mL,lambda,water,51,317.0,0.41700000000000004,0.13010764773832476,2
L_3S-35ug_mL,lambda,water,52,349.0,0.4085,0.12940054095713818,2
L_3S-35ug_mL,lambda,water,53,381.0,0.401,0.12869343417595167,2
L_3S-35ug_mL,lambda,water,54,413.0,0.394,0.12869343417595167,2
L_3S-35ug_mL,lambda,water,55,445.0,0.38649999999999995,0.12798632739476506,2
L_3S-35ug_mL,lambda,water,56,477.0,0.37949999999999995,0.12798632739476506,2
L_3S-35ug_mL,lambda,water,57,509.0,0.3725,0.12798632739476515,2
L_3S-35ug_mL,lambda,water,58,573.0,0.36,0.12586500705120543,2
L_3S-35ug_mL,lambda,water,59,637.0,0.34850000000000003,0.12374368670764584,2
L_3S-35ug_mL,lambda,water,60,701.0,0.3375,0.12374368670764584,2
L_3S-35ug_mL,lambda,water,61,765.0,0.32699999999999996,0.12303657992645924,2
L_3S-35ug_mL,lambda,water,62,829.0,0.317,0.12162236636408617,2
L_3S-35ug_mL,lambda,water,63,893.0,0.3075,0.12091525958289963,2
L_3S-35ug_mL,lambda,water,64,957.0,0.299,0.12020815280171307,2
L_3S-35ug_mL,lambda,water,65,1020.0,0.29,0.12020815280171307,2
L_3S-35ug_mL,lambda,water,66,1150.0,0.27449999999999997,0.1195010460205265,2
L_3S-35ug_mL,lambda,water,67,1280.0,0.26049999999999995,0.1180868324581534,2
L_3S-35ug_mL,lambda,water,68,1400.0,0.247,0.11737972567696689,2
L_3S-35ug_mL,lambda,water,69,1530.0,0.235,0.11596551211459379,2
L_3S-35ug_mL,lambda,water,70,1660.0,0.22349999999999998,0.11525840533340724,2
L_3S-35ug_mL,lambda,water,71,1790.0,0.2135,0.11525840533340723,2
L_3S-35ug_mL,lambda,water,72,1920.0,0.204,0.11455129855222068,2
L_3S-35ug_mL,lambda,water,73,2040.0,0.1955,0.11384419177103416,2
L_3S-35ug_mL,lambda,water,74,2300.0,0.17935,0.11405632380539012,2
L_3S-35ug_mL,lambda,water,75,2560.0,0.16599999999999998,0.1131370849898476,2
L_3S-35ug_mL,lambda,water,76,2810.0,0.1555,0.11242997820866105,2
L_3S-35ug_mL,lambda,water,77,3070.0,0.1464,0.11115718600252528,2
L_3S-35ug_mL,lambda,water,78,3320.0,0.13905,0.11023794718698275,2
L_3S-35ug_mL,lambda,water,79,3580.0,0.1328,0.10917728701520293,2
L_3S-35ug_mL,lambda,water,80,3840.0,0.12865,0.1079752054871858,2
L_3S-35ug_mL,lambda,water,81,4090.0,0.1252,0.10578317446550752,2
L_3S-35ug_mL,lambda,water,82,4600.0,0.1202,0.10295474734076132,2
L_3S-35ug_mL,lambda,water,83,5120.0,0.1173,0.09998489885977782,2
L_3S-35ug_mL,lambda,water,84,5630.0,0.1154,0.09560083681642122,2
L_3S-35ug_mL,lambda,water,85,6140.0,0.11499999999999999,0.09333809511662428,2
L_3S-35ug_mL,lambda,water,86,6650.0,0.11455,0.09114606409494598,2
L_3S-35ug_mL,lambda,water,87,7160.0,0.11424999999999999,0.0901561146012848,2
L_3S-35ug_mL,lambda,water,88,7680.0,0.11324999999999999,0.0901561146012848,2
L_3S-35ug_mL,lambda,water,89,8190.0,0.1119,0.09065108934811537,2
L_3S-35ug_mL,lambda,water,90,9210.0,0.10844999999999999,0.09128748545118327,2
L_3S-35ug_mL,lambda,water,91,10200.0,0.10595,0.09199459223236983,2
L_3S-35ug_mL,lambda,water,92,11300.0,0.10385,0.09213601358860715,2
L_3S-35ug_mL,lambda,water,93,12300.0,0.10200000000000001,0.09050966799187808,2
L_3S-35ug_mL,lambda,water,94,13300.0,0.1024,0.09135819612930195,2
L_3S-35ug_mL,lambda,water,95,14300.0,0.10305,0.09326738443850563,2
L_3S-35ug_mL,lambda,water,96,15400.0,0.10270000000000001,0.09234814562296312,2
L_3S-35ug_mL,lambda,water,97,16400.0,0.1003,0.09149961748553925,2
L_3S-35ug_mL,lambda,water,98,18400.0,0.0978,0.08796408357960651,2
L_3S-35ug_mL,lambda,water,99,20500.0,0.09605,0.08619631662664015,2
L_3S-35ug_mL,lambda,water,100,22500.0,0.0952,0.0845699710299111,2
L_3S-35ug_mL,lambda,water,101,24600.0,0.09534999999999999,0.08152941187080892,2
L_3S-35ug_mL,lambda,water,102,26600.0,0.09185,0.07940809152724927,2
L_3S-35ug_mL,lambda,water,103,28700.0,0.0885,0.07848885271170676,2
L_3S-35ug_mL,lambda,water,104,30700.0,0.08839999999999999,0.07863027406794408,2
L_3S-35ug_mL,lambda,water,105,32800.0,0.08589999999999999,0.07792316728675752,2
L_3S-35ug_mL,lambda,water,106,36900.0,0.08370000000000001,0.07679179643685907,2
L_3S-35ug_mL,lambda,water,107,41000.0,0.07965,0.06837722574073915,2
L_3S-35ug_mL,lambda,water,108,45100.0,0.0731,0.05925554826343269,2
L_3S-35ug_mL,lambda,water,109,49100.0,0.0685,0.05303300858899107,2
L_3S-35ug_mL,lambda,water,110,53200.0,0.066,0.04949747468305833,2
L_3S-35ug_mL,lambda,water,111,57300.0,0.06225,0.04376990975544729,2
L_3S-35ug_mL,lambda,water,112,61400.0,0.05645,0.03995153313703993,2
L_3S-35ug_mL,lambda,water,113,65500.0,0.05355,0.03655742058734451,2
L_3S-35ug_mL,lambda,water,114,73700.0,0.0477,0.03026417023478423,2
L_3S-35ug_mL,lambda,water,115,81900.0,0.0424,0.022344574285494904,2
L_3S-35ug_mL,lambda,water,116,90100.0,0.0359,0.014707821048680191,2
L_3S-35ug_mL,lambda,water,117,98300.0,0.029449999999999997,0.005868986283848342,2
L_3S-35ug_mL,lambda,water,118,106000.0,0.0278,0.002404163056034258,2
L_3S-35ug_mL,lambda,water,119,115000.0,0.02325,0.0013435028842544395,2
L_3S-35ug_mL,lambda,water,120,123000.0,0.021699999999999997,0.0035355339059327394,2
L_3S-35ug_mL,lambda,water,121,131000.0,0.0205,0.005515432893255071,2
L_3S-35ug_mL,lambda,water,122,147000.0,0.0181,0.007495331880577404,2
L_3S-35ug_mL,lambda,water,123,164000.0,0.0162,0.00806101730552664,2
L_3S-35ug_mL,lambda,water,124,180000.0,0.014249999999999999,0.008414570696119915,2
L_3S-35ug_mL,lambda,water,125,197000.0,0.01554,0.009701505037879431,2
L_3S-35ug_mL,lambda,water,126,213000.0,0.013665,0.01122178461743051,2
L_3S-35ug_mL,lambda,water,127,229000.0,0.01311,0.009885352800987934,2
L_3S-35ug_mL,lambda,water,128,246000.0,0.012635,0.009142890680742057,2
L_3S-35ug_mL,lambda,water,129,262000.0,0.012155000000000001,0.007841814203358813,2
L_3S-35ug_mL,lambda,water,130,295000.0,0.01145,0.006576093065034893,2
L_3S-35ug_mL,lambda,water,131,328000.0,0.01268,0.004836610383315985,2
L_3S-35ug_mL,lambda,water,132,360000.0,0.01069,0.0035496760415564686,2
L_3S-35ug_mL,lambda,water,133,393000.0,0.00844,0.006590235200658624,2
L_3S-35ug_mL,lambda,water,134,426000.0,0.007225,0.008167083322704624,2
L_3S-35ug_mL,lambda,water,135,459000.0,0.00784,0.00758018469431979,2
L_3S-35ug_mL,lambda,water,136,492000.0,0.007645,0.004744686501761733,2
L_3S-35ug_mL,lambda,water,137,524000.0,0.008505,0.0032456201256462532,2
L_3S-35ug_mL,lambda,water,138,590000.0,0.009305,0.0009263098833543769,2
L_3S-35ug_mL,lambda,water,139,655000.0,0.009430000000000001,0.001513208511739212,2
L_3S-35ug_mL,lambda,water,140,721000.0,0.01006,0.0004808326112068524,2
L_3S-35ug_mL,lambda,water,141,786000.0,0.00822,0.0013152186130069787,2
L_3S-35ug_mL,lambda,water,142,852000.0,0.006869999999999999,0.0005515432893255076,2
L_3S-35ug_mL,lambda,water,143,918000.0,0.005375,0.0003464823227814086,2
L_3S-35ug_mL,lambda,water,144,983000.0,0.004314999999999999,0.0016475588001646558,2
L_3S-35ug_mL,lambda,water,145,1050000.0,0.0035250000000000004,0.00096873629022557,2
L_3S-35ug_mL,lambda,water,146,1180000.0,0.004365,0.0008273149339882608,2
L_3S-35ug_mL,lambda,water,147,1310000.0,0.003445,0.00020506096654409884,2
L_3S-35ug_mL,lambda,water,148,1440000.0,0.00415,0.0017960512242138306,2
L_3S-35ug_mL,lambda,water,149,1570000.0,0.002805,0.0008697413408594534,2
L_3S-35ug_mL,lambda,water,150,1700000.0,0.002725,0.0002757716446627533,2
L_3S-35ug_mL,lambda,water,151,1840000.0,0.0070149999999999995,0.007191275964667188,2
L_3S-35ug_mL,lambda,water,152,1970000.0,0.006885,0.0062437528778772145,2
L_3S-35ug_mL,lambda,water,153,2100000.0,0.004535,0.0024819448019647817,2
L_3S-35ug_mL,lambda,water,154,2360000.0,0.00929,0.008358002153624993,2
L_3S-35ug_mL,lambda,water,155,2620000.0,0.004795000000000001,0.0016334166645409253,2
L_3S-35ug_mL,lambda,water,156,2880000.0,0.00533,0.004200214280248092,2
L_3S-35ug_mL,lambda,water,157,3150000.0,0.00796,0.007834743135546947,2
L_3S-35ug_mL,lambda,water,158,3410000.0,0.00583,0.006180113267570427,2
L_3S-35ug_mL,lambda,water,159,3670000.0,0.0045899999999999995,0.0054447222151364156,2
L_3S-35ug_mL,lambda,water,160,3930000.0,0.004445,0.004744686501761733,2
L_3S-35ug_mL,lambda,water,161,4190000.0,0.0,0.0,2
L_3S-35ug_mL,lambda,water,162,4720000.0,0.0,0.0,2
L_3S-35ug_mL,lambda,water,163,5240000.0,0.0,0.0,2
L_3S-35ug_mL,lambda,water,164,5770000.0,0.0,0.0,2
L_3S-35ug_mL,lambda,water,165,6290000.0,0.0,0.0,2
L_3S-35ug_mL,lambda,water,166,6820000.0,0.0,0.0,2
L_3S-35ug_mL,lambda,water,167,7340000.0,0.0,0.0,2
L_3S-35ug_mL,lambda,water,168,7860000.0,0.0,0.0,2
L_3S-35ug_mL,lambda,water,169,8390000.0,0.0,0.0,2
L_3S-35ug_mL,lambda,water,170,9440000.0,0.0,0.0,2
L_3S-35ug_mL,lambda,water,171,10500000.0,0.0,0.0,2
L_3S-35ug_mL,lambda,water,172,11500000.0,0.0,0.0,2
L_3S-35ug_mL,lambda,water,173,12600000.0,0.0,0.0,2
L_3S-35ug_mL,lambda,water,174,13600000.0,0.0,0.0,2
L_3S-35ug_mL,lambda,water,175,14700000.0,0.0,0.0,2
L_3S-35ug_mL,lambda,water,176,15700000.0,0.0,0.0,2
L_3S-35ug_mL,lambda,water,177,16800000.0,0.0,0.0,2
L_3S-35ug_mL,lambda,water,178,18900000.0,0.0,0.0,2
L_3S-35ug_mL,lambda,water,179,21000000.0,0.0,0.0,2
L_3S-35ug_mL,lambda,water,180,23100000.0,0.0,0.0,2
L_3S-35ug_mL,lambda,water,181,25200000.0,0.0,0.0,2
L_3S-35ug_mL,lambda,water,182,27300000.0,0.0,0.0,2
L_3S-35ug_mL,lambda,water,183,29400000.0,0.0,0.0,2
L_3S-35ug_mL,lambda,water,184,31500000.0,0.0,0.0,2
L_3S-35ug_mL,lambda,water,185,33600000.0,0.0,0.0,2
L_3S-35ug_mL,lambda,water,186,37700000.0,0.0,0.0,2
L_3S-35ug_mL,lambda,water,187,41900000.0,0.0,0.0,2
L_3S-35ug_mL,lambda,water,188,46100000.0,0.0,0.0,2
L_3S-35ug_mL,lambda,water,189,50300000.0,0.0,0.0,2
L_3S-35ug_mL,lambda,water,190,54500000.0,0.0,0.0,2
L_3S-35ug_mL,lambda,water,191,58700000.0,0.0,0.0,2
L_3S-35ug_mL,lambda,water,192,62900000.0,0.0,0.0,2
aMEM-Ctrl,,medium,1,0.5,0.336,,1
aMEM-Ctrl,,medium,2,1.0,0.334,,1
aMEM-Ctrl,,medium,3,1.5,0.329,,1
aMEM-Ctrl,,medium,4,2.0,0.324,,1
aMEM-Ctrl,,medium,5,2.5,0.321,,1
aMEM-Ctrl,,medium,6,3.0,0.314,,1
aMEM-Ctrl,,medium,7,3.5,0.315,,1
aMEM-Ctrl,,medium,8,4.0,0.314,,1
aMEM-Ctrl,,medium,9,4.5,0.314,,1
aMEM-Ctrl,,medium,10,5.5,0.313,,1
aMEM-Ctrl,,medium,11,6.5,0.312,,1
aMEM-Ctrl,,medium,12,7.5,0.311,,1
aMEM-Ctrl,,medium,13,8.5,0.312,,1
aMEM-Ctrl,,medium,14,9.5,0.307,,1
aMEM-Ctrl,,medium,15,10.5,0.306,,1
aMEM-Ctrl,,medium,16,11.5,0.307,,1
aMEM-Ctrl,,medium,17,12.5,0.307,,1
aMEM-Ctrl,,medium,18,14.5,0.305,,1
aMEM-Ctrl,,medium,19,16.5,0.305,,1
aMEM-Ctrl,,medium,20,18.5,0.303,,1
aMEM-Ctrl,,medium,21,20.5,0.303,,1
aMEM-Ctrl,,medium,22,22.5,0.302,,1
aMEM-Ctrl,,medium,23,24.5,0.301,,1
aMEM-Ctrl,,medium,24,26.5,0.3,,1
aMEM-Ctrl,,medium,25,28.5,0.299,,1
aMEM-Ctrl,,medium,26,32.5,0.299,,1
aMEM-Ctrl,,medium,27,36.5,0.296,,1
aMEM-Ctrl,,medium,28,40.5,0.295,,1
aMEM-Ctrl,,medium,29,44.5,0.294,,1
aMEM-Ctrl,,medium,30,48.5,0.292,,1
aMEM-Ctrl,,medium,31,52.5,0.293,,1
aMEM-Ctrl,,medium,32,56.5,0.29,,1
aMEM-Ctrl,,medium,33,60.5,0.289,,1
aMEM-Ctrl,,medium,34,68.5,0.286,,1
aMEM-Ctrl,,medium,35,76.5,0.284,,1
aMEM-Ctrl,,medium,36,84.5,0.281,,1
aMEM-Ctrl,,medium,37,92.5,0.279,,1
aMEM-Ctrl,,medium,38,101.0,0.276,,1
aMEM-Ctrl,,medium,39,109.0,0.276,,1
aMEM-Ctrl,,medium,40,117.0,0.272,,1
aMEM-Ctrl,,medium,41,125.0,0.27,,1
aMEM-Ctrl,,medium,42,141.0,0.267,,1
aMEM-Ctrl,,medium,43,157.0,0.262,,1
aMEM-Ctrl,,medium,44,173.0,0.26,,1
aMEM-Ctrl,,medium,45,189.0,0.256,,1
aMEM-Ctrl,,medium,46,205.0,0.252,,1
aMEM-Ctrl,,medium,47,221.0,0.249,,1
aMEM-Ctrl,,medium,48,237.0,0.245,,1
aMEM-Ctrl,,medium,49,253.0,0.243,,1
aMEM-Ctrl,,medium,50,285.0,0.237,,1
aMEM-Ctrl,,medium,51,317.0,0.231,,1
aMEM-Ctrl,,medium,52,349.0,0.226,,1
aMEM-Ctrl,,medium,53,381.0,0.221,,1
aMEM-Ctrl,,medium,54,413.0,0.216,,1
aMEM-Ctrl,,medium,55,445.0,0.212,,1
aMEM-Ctrl,,medium,56,477.0,0.208,,1
aMEM-Ctrl,,medium,57,509.0,0.203,,1
aMEM-Ctrl,,medium,58,573.0,0.195,,1
aMEM-Ctrl,,medium,59,637.0,0.188,,1
aMEM-Ctrl,,medium,60,701.0,0.181,,1
aMEM-Ctrl,,medium,61,765.0,0.175,,1
aMEM-Ctrl,,medium,62,829.0,0.169,,1
aMEM-Ctrl,,medium,63,893.0,0.163,,1
aMEM-Ctrl,,medium,64,957.0,0.157,,1
aMEM-Ctrl,,medium,65,1020.0,0.153,,1
aMEM-Ctrl,,medium,66,1150.0,0.144,,1
aMEM-Ctrl,,medium,67,1280.0,0.136,,1
aMEM-Ctrl,,medium,68,1400.0,0.128,,1
aMEM-Ctrl,,medium,69,1530.0,0.121,,1
aMEM-Ctrl,,medium,70,1660.0,0.115,,1
aMEM-Ctrl,,medium,71,1790.0,0.109,,1
aMEM-Ctrl,,medium,72,1920.0,0.104,,1
aMEM-Ctrl,,medium,73,2040.0,0.0999,,1
aMEM-Ctrl,,medium,74,2300.0,0.092,,1
aMEM-Ctrl,,medium,75,2560.0,0.0856,,1
aMEM-Ctrl,,medium,76,2810.0,0.0805,,1
aMEM-Ctrl,,medium,77,3070.0,0.0766,,1
aMEM-Ctrl,,medium,78,3320.0,0.0736,,1
aMEM-Ctrl,,medium,79,3580.0,0.0714,,1
aMEM-Ctrl,,medium,80,3840.0,0.0693,,1
aMEM-Ctrl,,medium,81,4090.0,0.0677,,1
aMEM-Ctrl,,medium,82,4600.0,0.066,,1
aMEM-Ctrl,,medium,83,5120.0,0.0645,,1
aMEM-Ctrl,,medium,84,5630.0,0.063,,1
aMEM-Ctrl,,medium,85,6140.0,0.0621,,1
aMEM-Ctrl,,medium,86,6650.0,0.0612,,1
aMEM-Ctrl,,medium,87,7160.0,0.0599,,1
aMEM-Ctrl,,medium,88,7680.0,0.0591,,1
aMEM-Ctrl,,medium,89,8190.0,0.0592,,1
aMEM-Ctrl,,medium,90,9210.0,0.0579,,1
aMEM-Ctrl,,medium,91,10200.0,0.0549,,1
aMEM-Ctrl,,medium,92,11300.0,0.0533,,1
aMEM-Ctrl,,medium,93,12300.0,0.0517,,1
aMEM-Ctrl,,medium,94,13300.0,0.0512,,1
aMEM-Ctrl,,medium,95,14300.0,0.0524,,1
aMEM-Ctrl,,medium,96,15400.0,0.0533,,1
aMEM-Ctrl,,medium,97,16400.0,0.0532,,1
aMEM-Ctrl,,medium,98,18400.0,0.0516,,1
aMEM-Ctrl,,medium,99,20500.0,0.0504,,1
aMEM-Ctrl,,medium,100,22500.0,0.0516,,1
aMEM-Ctrl,,medium,101,24600.0,0.0507,,1
aMEM-Ctrl,,medium,102,26600.0,0.0504,,1
aMEM-Ctrl,,medium,103,28700.0,0.0479,,1
aMEM-Ctrl,,medium,104,30700.0,0.0455,,1
aMEM-Ctrl,,medium,105,32800.0,0.0454,,1
aMEM-Ctrl,,medium,106,36900.0,0.0464,,1
aMEM-Ctrl,,medium,107,41000.0,0.047,,1
aMEM-Ctrl,,medium,108,45100.0,0.0444,,1
aMEM-Ctrl,,medium,109,49100.0,0.0422,,1
aMEM-Ctrl,,medium,110,53200.0,0.0398,,1
aMEM-Ctrl,,medium,111,57300.0,0.042,,1
aMEM-Ctrl,,medium,112,61400.0,0.0422,,1
aMEM-Ctrl,,medium,113,65500.0,0.0412,,1
aMEM-Ctrl,,medium,114,73700.0,0.039,,1
aMEM-Ctrl,,medium,115,81900.0,0.0403,,1
aMEM-Ctrl,,medium,116,90100.0,0.0405,,1
aMEM-Ctrl,,medium,117,98300.0,0.0397,,1
aMEM-Ctrl,,medium,118,106000.0,0.0358,,1
aMEM-Ctrl,,medium,119,115000.0,0.0338,,1
aMEM-Ctrl,,medium,120,123000.0,0.035,,1
aMEM-Ctrl,,medium,121,131000.0,0.0354,,1
aMEM-Ctrl,,medium,122,147000.0,0.033,,1
aMEM-Ctrl,,medium,123,164000.0,0.0338,,1
aMEM-Ctrl,,medium,124,180000.0,0.031,,1
aMEM-Ctrl,,medium,125,197000.0,0.0278,,1
aMEM-Ctrl,,medium,126,213000.0,0.0269,,1
aMEM-Ctrl,,medium,127,229000.0,0.0279,,1
aMEM-Ctrl,,medium,128,246000.0,0.0291,,1
aMEM-Ctrl,,medium,129,262000.0,0.0269,,1
aMEM-Ctrl,,medium,130,295000.0,0.0259,,1
aMEM-Ctrl,,medium,131,328000.0,0.0254,,1
aMEM-Ctrl,,medium,132,360000.0,0.0235,,1
aMEM-Ctrl,,medium,133,393000.0,0.0225,,1
aMEM-Ctrl,,medium,134,426000.0,0.0215,,1
aMEM-Ctrl,,medium,135,459000.0,0.0204,,1
aMEM-Ctrl,,medium,136,492000.0,0.0198,,1
aMEM-Ctrl,,medium,137,524000.0,0.0184,,1
aMEM-Ctrl,,medium,138,590000.0,0.0149,,1
aMEM-Ctrl,,medium,139,655000.0,0.0108,,1
aMEM-Ctrl,,medium,140,721000.0,0.00909,,1
aMEM-Ctrl,,medium,141,786000.0,0.00791,,1
aMEM-Ctrl,,medium,142,852000.0,0.0064,,1
aMEM-Ctrl,,medium,143,918000.0,0.00699,,1
aMEM-Ctrl,,medium,144,983000.0,0.00573,,1
aMEM-Ctrl,,medium,145,1050000.0,0.00477,,1
aMEM-Ctrl,,medium,146,1180000.0,0.0036,,1
aMEM-Ctrl,,medium,147,1310000.0,0.0028,,1
aMEM-Ctrl,,medium,148,1440000.0,0.00253,,1
aMEM-Ctrl,,medium,149,1570000.0,0.00241,,1
aMEM-Ctrl,,medium,150,1700000.0,0.00245,,1
aMEM-Ctrl,,medium,151,1840000.0,0.00106,,1
aMEM-Ctrl,,medium,152,1970000.0,0.000576,,1
aMEM-Ctrl,,medium,153,2100000.0,0.00251,,1
aMEM-Ctrl,,medium,154,2360000.0,0.00397,,1
aMEM-Ctrl,,medium,155,2620000.0,0.00457,,1
aMEM-Ctrl,,medium,156,2880000.0,0.00523,,1
aMEM-Ctrl,,medium,157,3150000.0,0.00441,,1
aMEM-Ctrl,,medium,158,3410000.0,0.00303,,1
aMEM-Ctrl,,medium,159,3670000.0,0.00177,,1
aMEM-Ctrl,,medium,160,3930000.0,0.00282,,1
aMEM-Ctrl,,medium,161,4190000.0,0.0,,1
aMEM-Ctrl,,medium,162,4720000.0,0.0,,1
aMEM-Ctrl,,medium,163,5240000.0,0.0,,1
aMEM-Ctrl,,medium,164,5770000.0,0.0,,1
aMEM-Ctrl,,medium,165,6290000.0,0.0,,1
aMEM-Ctrl,,medium,166,6820000.0,0.0,,1
aMEM-Ctrl,,medium,167,7340000.0,0.0,,1
aMEM-Ctrl,,medium,168,7860000.0,0.0,,1
aMEM-Ctrl,,medium,169,8390000.0,0.0,,1
aMEM-Ctrl,,medium,170,9440000.0,0.0,,1
aMEM-Ctrl,,medium,171,10500000.0,0.0,,1
aMEM-Ctrl,,medium,172,11500000.0,0.0,,1
aMEM-Ctrl,,medium,173,12600000.0,0.0,,1
aMEM-Ctrl,,medium,174,13600000.0,0.0,,1
aMEM-Ctrl,,medium,175,14700000.0,0.0,,1
aMEM-Ctrl,,medium,176,15700000.0,0.0,,1
aMEM-Ctrl,,medium,177,16800000.0,0.0,,1
aMEM-Ctrl,,medium,178,18900000.0,0.0,,1
aMEM-Ctrl,,medium,179,21000000.0,0.0,,1
aMEM-Ctrl,,medium,180,23100000.0,0.0,,1
aMEM-Ctrl,,medium,181,25200000.0,0.0,,1
aMEM-Ctrl,,medium,182,27300000.0,0.0,,1
aMEM-Ctrl,,medium,183,29400000.0,0.0,,1
aMEM-Ctrl,,medium,184,31500000.0,0.0,,1
aMEM-Ctrl,,medium,185,33600000.0,0.0,,1
aMEM-Ctrl,,medium,186,37700000.0,0.0,,1
aMEM-Ctrl,,medium,187,41900000.0,0.0,,1
aMEM-Ctrl,,medium,188,46100000.0,0.0,,1
aMEM-Ctrl,,medium,189,50300000.0,0.0,,1
aMEM-Ctrl,,medium,190,54500000.0,0.0,,1
aMEM-Ctrl,,medium,191,58700000.0,0.0,,1
aMEM-Ctrl,,medium,192,62900000.0,0.0,,1
aMEM_10pct-Ctrl,,medium,1,0.5,0.757,0.003605551275463969,3
aMEM_10pct-Ctrl,,medium,2,1.0,0.75,0.0009999999999999731,3
aMEM_10pct-Ctrl,,medium,3,1.5,0.7326666666666667,0.002081665999466177,3
aMEM_10pct-Ctrl,,medium,4,2.0,0.7173333333333334,0.0032145502536642797,3
aMEM_10pct-Ctrl,,medium,5,2.5,0.7040000000000001,0.0036055512754639618,3
aMEM_10pct-Ctrl,,medium,6,3.0,0.6890000000000001,0.0026457513110645457,3
aMEM_10pct-Ctrl,,medium,7,3.5,0.674,0.004582575694955844,3
aMEM_10pct-Ctrl,,medium,8,4.0,0.6623333333333333,0.001527525231651936,3
aMEM_10pct-Ctrl,,medium,9,4.5,0.6483333333333333,0.002081665999466097,3
aMEM_10pct-Ctrl,,medium,10,5.5,0.6233333333333334,0.0011547005383792366,3
aMEM_10pct-Ctrl,,medium,11,6.5,0.5996666666666667,0.002081665999466139,3
aMEM_10pct-Ctrl,,medium,12,7.5,0.578,0.004358898943540646,3
aMEM_10pct-Ctrl,,medium,13,8.5,0.557,0.002645751311064593,3
aMEM_10pct-Ctrl,,medium,14,9.5,0.537,0.0036055512754640234,3
aMEM_10pct-Ctrl,,medium,15,10.5,0.5186666666666667,0.003055050463303899,3
aMEM_10pct-Ctrl,,medium,16,11.5,0.5,0.002645751311064593,3
aMEM_10pct-Ctrl,,medium,17,12.5,0.484,0.0036055512754639926,3
aMEM_10pct-Ctrl,,medium,18,14.5,0.453,0.0040000000000000036,3
aMEM_10pct-Ctrl,,medium,19,16.5,0.425,0.0036055512754639926,3
aMEM_10pct-Ctrl,,medium,20,18.5,0.3986666666666667,0.0028867513459481273,3
aMEM_10pct-Ctrl,,medium,21,20.5,0.37600000000000006,0.0034641016151377574,3
aMEM_10pct-Ctrl,,medium,22,22.5,0.355,0.0034641016151377574,3
aMEM_10pct-Ctrl,,medium,23,24.5,0.3353333333333333,0.003214550253664324,3
aMEM_10pct-Ctrl,,medium,24,26.5,0.3173333333333333,0.003214550253664324,3
aMEM_10pct-Ctrl,,medium,25,28.5,0.3013333333333333,0.003214550253664324,3
aMEM_10pct-Ctrl,,medium,26,32.5,0.27133333333333337,0.003214550253664324,3
aMEM_10pct-Ctrl,,medium,27,36.5,0.246,0.0034641016151377574,3
aMEM_10pct-Ctrl,,medium,28,40.5,0.22366666666666668,0.0037859388972001874,3
aMEM_10pct-Ctrl,,medium,29,44.5,0.205,0.0034641016151377517,3
aMEM_10pct-Ctrl,,medium,30,48.5,0.18899999999999997,0.0036055512754639926,3
aMEM_10pct-Ctrl,,medium,31,52.5,0.17300000000000001,0.0026457513110645734,3
aMEM_10pct-Ctrl,,medium,32,56.5,0.16033333333333333,0.002309401076758503,3
aMEM_10pct-Ctrl,,medium,33,60.5,0.14866666666666664,0.0020816659994661356,3
aMEM_10pct-Ctrl,,medium,34,68.5,0.12833333333333333,0.0015275252316519473,3
aMEM_10pct-Ctrl,,medium,35,76.5,0.11166666666666668,0.0015275252316519483,3
aMEM_10pct-Ctrl,,medium,36,84.5,0.09803333333333332,0.0012583057392117926,3
aMEM_10pct-Ctrl,,medium,37,92.5,0.08696666666666668,0.0015947831618540924,3
aMEM_10pct-Ctrl,,medium,38,101.0,0.07706666666666667,0.0012055427546683445,3
aMEM_10pct-Ctrl,,medium,39,109.0,0.06836666666666667,0.0011150485789118432,3
aMEM_10pct-Ctrl,,medium,40,117.0,0.06093333333333333,0.0018175074506954082,3
aMEM_10pct-Ctrl,,medium,41,125.0,0.055233333333333336,0.0017473789896108208,3
aMEM_10pct-Ctrl,,medium,42,141.0,0.04543333333333333,0.0019553345834749957,3
aMEM_10pct-Ctrl,,medium,43,157.0,0.03746666666666667,0.0019139836293274152,3
aMEM_10pct-Ctrl,,medium,44,173.0,0.031733333333333336,0.0017897858344878385,3
aMEM_10pct-Ctrl,,medium,45,189.0,0.027433333333333334,0.001973153144926499,3
aMEM_10pct-Ctrl,,medium,46,205.0,0.0241,0.0017691806012954138,3
aMEM_10pct-Ctrl,,medium,47,221.0,0.020666666666666667,0.001250333288900737,3
aMEM_10pct-Ctrl,,medium,48,237.0,0.0184,0.0010440306508910546,3
aMEM_10pct-Ctrl,,medium,49,253.0,0.016233333333333332,0.0014433756729740623,3
aMEM_10pct-Ctrl,,medium,50,285.0,0.012566666666666665,0.001096965511460289,3
aMEM_10pct-Ctrl,,medium,51,317.0,0.010386666666666667,0.0010072404545754376,3
aMEM_10pct-Ctrl,,medium,52,349.0,0.00843,0.0009800000000000008,3
aMEM_10pct-Ctrl,,medium,53,381.0,0.007003333333333334,0.0005852634734316953,3
aMEM_10pct-Ctrl,,medium,54,413.0,0.006003333333333333,0.0001955334583474994,3
aMEM_10pct-Ctrl,,medium,55,445.0,0.005046666666666667,0.00031134118476895017,3
aMEM_10pct-Ctrl,,medium,56,477.0,0.0046366666666666665,0.0003178574103797699,3
aMEM_10pct-Ctrl,,medium,57,509.0,0.004363333333333334,0.0003555746522649405,3
aMEM_10pct-Ctrl,,medium,58,573.0,0.00318,0.00032449961479175896,3
aMEM_10pct-Ctrl,,medium,59,637.0,0.00247,0.00020663978319771835,3
aMEM_10pct-Ctrl,,medium,60,701.0,0.0021966666666666666,0.0009009069504301394,3
aMEM_10pct-Ctrl,,medium,61,765.0,0.002043333333333333,0.0006700994951000437,3
aMEM_10pct-Ctrl,,medium,62,829.0,0.0016766666666666666,0.00044523402086243746,3
aMEM_10pct-Ctrl,,medium,63,893.0,0.0013946666666666667,0.0006654211698866615,3
aMEM_10pct-Ctrl,,medium,64,957.0,0.0012333333333333335,0.00014011899704655792,3
aMEM_10pct-Ctrl,,medium,65,1020.0,0.0012233333333333334,0.0001059874206372309,3
aMEM_10pct-Ctrl,,medium,66,1150.0,0.0016133333333333336,0.00020526405757787542,3
aMEM_10pct-Ctrl,,medium,67,1280.0,0.0011106666666666667,0.0002196390979159524,3
aMEM_10pct-Ctrl,,medium,68,1400.0,0.0010936666666666666,0.00024396789406258635,3
aMEM_10pct-Ctrl,,medium,69,1530.0,0.0010833333333333333,4.041451884327381e-05,3
aMEM_10pct-Ctrl,,medium,70,1660.0,0.0011010000000000002,0.0003715817541268679,3
aMEM_10pct-Ctrl,,medium,71,1790.0,0.0010116666666666666,8.607167555783562e-05,3
aMEM_10pct-Ctrl,,medium,72,1920.0,0.0009526666666666667,0.0004599634043414033,3
aMEM_10pct-Ctrl,,medium,73,2040.0,0.0008090000000000001,0.00012297967311714566,3
aMEM_10pct-Ctrl,,medium,74,2300.0,0.0009153333333333334,0.00015810545004310683,3
aMEM_10pct-Ctrl,,medium,75,2560.0,0.0009403333333333334,0.0002164262769012426,3
aMEM_10pct-Ctrl,,medium,76,2810.0,0.0007530000000000001,0.0001093023330034634,3
aMEM_10pct-Ctrl,,medium,77,3070.0,0.0009216666666666667,0.00036666651515148384,3
aMEM_10pct-Ctrl,,medium,78,3320.0,0.00043066666666666665,0.0001466606059353817,3
aMEM_10pct-Ctrl,,medium,79,3580.0,0.0008936666666666667,0.00037483374092166965,3
aMEM_10pct-Ctrl,,medium,80,3840.0,0.0010996666666666665,0.00036811728203567585,3
aMEM_10pct-Ctrl,,medium,81,4090.0,0.0010503333333333335,0.0001926923281641835,3
aMEM_10pct-Ctrl,,medium,82,4600.0,0.0008163333333333333,0.00016028204307823543,3
aMEM_10pct-Ctrl,,medium,83,5120.0,0.0007396666666666667,0.0003542884888524228,3
aMEM_10pct-Ctrl,,medium,84,5630.0,0.0007993333333333333,0.00023153689410833282,3
aMEM_10pct-Ctrl,,medium,85,6140.0,0.000731,0.00018006943105369107,3
aMEM_10pct-Ctrl,,medium,86,6650.0,0.0006650000000000001,0.00019490253974743378,3
aMEM_10pct-Ctrl,,medium,87,7160.0,0.0007623333333333333,0.0003631753479152093,3
aMEM_10pct-Ctrl,,medium,88,7680.0,0.0005700000000000001,0.0004481640324702553,3
aMEM_10pct-Ctrl,,medium,89,8190.0,0.0004763333333333334,0.00018839939844206863,3
aMEM_10pct-Ctrl,,medium,90,9210.0,0.000459,0.00010258654882585729,3
aMEM_10pct-Ctrl,,medium,91,10200.0,0.0005826666666666667,0.00017990089864515225,3
aMEM_10pct-Ctrl,,medium,92,11300.0,0.000728,0.00014028898745090435,3
aMEM_10pct-Ctrl,,medium,93,12300.0,0.000513,8.089499366462675e-05,3
aMEM_10pct-Ctrl,,medium,94,13300.0,0.000689,0.00020825945356693897,3
aMEM_10pct-Ctrl,,medium,95,14300.0,0.0006833333333333332,0.0001618775257203214,3
aMEM_10pct-Ctrl,,medium,96,15400.0,0.0005033333333333334,0.0001579567451340187,3
aMEM_10pct-Ctrl,,medium,97,16400.0,0.0006316666666666667,9.272180613713974e-05,3
aMEM_10pct-Ctrl,,medium,98,18400.0,0.000648,0.00022251516802231707,3
aMEM_10pct-Ctrl,,medium,99,20500.0,0.0006503333333333334,0.00010924437437842438,3
aMEM_10pct-Ctrl,,medium,100,22500.0,0.00049,0.0001277380131362626,3
aMEM_10pct-Ctrl,,medium,101,24600.0,0.0006226666666666667,4.601449047129968e-05,3
aMEM_10pct-Ctrl,,medium,102,26600.0,0.000612,0.00011608617488745165,3
aMEM_10pct-Ctrl,,medium,103,28700.0,0.0007126666666666667,0.00027707279428578575,3
aMEM_10pct-Ctrl,,medium,104,30700.0,0.0005663333333333333,0.0001663199727433038,3
aMEM_10pct-Ctrl,,medium,105,32800.0,0.0005016666666666666,0.00011788695149732784,3
aMEM_10pct-Ctrl,,medium,106,36900.0,0.0005669999999999999,0.00014473078456223468,3
aMEM_10pct-Ctrl,,medium,107,41000.0,0.00038766666666666664,9.072118458956172e-05,3
aMEM_10pct-Ctrl,,medium,108,45100.0,0.0004613333333333333,3.527510926040249e-05,3
aMEM_10pct-Ctrl,,medium,109,49100.0,0.0004326666666666667,0.00013066113933887666,3
aMEM_10pct-Ctrl,,medium,110,53200.0,0.000403,0.00010717742299570371,3
aMEM_10pct-Ctrl,,medium,111,57300.0,0.00030166666666666666,8.936628745412517e-05,3
aMEM_10pct-Ctrl,,medium,112,61400.0,0.000306,0.0001724760852988031,3
aMEM_10pct-Ctrl,,medium,113,65500.0,0.0003366666666666667,5.050082507576815e-05,3
aMEM_10pct-Ctrl,,medium,114,73700.0,0.000389,0.00011177208953938367,3
aMEM_10pct-Ctrl,,medium,115,81900.0,0.0004163333333333334,7.162634524623834e-05,3
aMEM_10pct-Ctrl,,medium,116,90100.0,0.0003626666666666667,0.00018551100596280893,3
aMEM_10pct-Ctrl,,medium,117,98300.0,0.0004116666666666667,0.00011556095072875324,3
aMEM_10pct-Ctrl,,medium,118,106000.0,0.000268,0.00012186467905016614,3
aMEM_10pct-Ctrl,,medium,119,115000.0,0.0003543333333333334,0.0001763415246994687,3
aMEM_10pct-Ctrl,,medium,120,123000.0,0.00028986666666666665,0.00017335701120327763,3
aMEM_10pct-Ctrl,,medium,121,131000.0,0.00023466666666666666,0.0001835056765697817,3
aMEM_10pct-Ctrl,,medium,122,147000.0,0.00017640000000000003,0.0002220168462076696,3
aMEM_10pct-Ctrl,,medium,123,164000.0,0.00014986666666666666,0.00013760179262398194,3
aMEM_10pct-Ctrl,,medium,124,180000.0,0.0001955,0.00015666764184093666,3
aMEM_10pct-Ctrl,,medium,125,197000.0,0.00015610000000000003,0.00015272429407268512,3
aMEM_10pct-Ctrl,,medium,126,213000.0,0.00015876666666666669,0.00015689156552642765,3
aMEM_10pct-Ctrl,,medium,127,229000.0,0.00014606666666666665,0.0001631129772070062,3
aMEM_10pct-Ctrl,,medium,128,246000.0,0.0001819,0.00021575293740758202,3
aMEM_10pct-Ctrl,,medium,129,262000.0,0.00015563333333333334,0.00019259076647994665,3
aMEM_10pct-Ctrl,,medium,130,295000.0,0.00023533333333333335,8.087232736439168e-05,3
aMEM_10pct-Ctrl,,medium,131,328000.0,0.00020166666666666664,9.32541330630087e-05,3
aMEM_10pct-Ctrl,,medium,132,360000.0,0.0002863333333333333,0.000129804981928019,3
aMEM_10pct-Ctrl,,medium,133,393000.0,0.000223,0.00010212247548899313,3
aMEM_10pct-Ctrl,,medium,134,426000.0,0.0001731333333333333,0.0001072933051654824,3
aMEM_10pct-Ctrl,,medium,135,459000.0,0.00020069999999999997,0.0001449574765232894,3
aMEM_10pct-Ctrl,,medium,136,492000.0,0.00021866666666666668,4.3015501081974315e-05,3
aMEM_10pct-Ctrl,,medium,137,524000.0,0.00016363333333333334,5.8282959201925694e-05,3
aMEM_10pct-Ctrl,,medium,138,590000.0,0.0004413333333333333,0.00029350354909835985,3
aMEM_10pct-Ctrl,,medium,139,655000.0,0.0006153333333333333,0.0006920623767647923,3
aMEM_10pct-Ctrl,,medium,140,721000.0,0.000578,0.0007118981668750103,3
aMEM_10pct-Ctrl,,medium,141,786000.0,0.000548,0.0006538287237495764,3
aMEM_10pct-Ctrl,,medium,142,852000.0,0.0005443333333333333,0.0006890677276823618,3
aMEM_10pct-Ctrl,,medium,143,918000.0,0.0006623333333333334,0.0006495431728017264,3
aMEM_10pct-Ctrl,,medium,144,983000.0,0.0004906666666666666,0.0005607863526632343,3
aMEM_10pct-Ctrl,,medium,145,1050000.0,0.00025883333333333335,0.0002341539735587106,3
aMEM_10pct-Ctrl,,medium,146,1180000.0,0.0004306333333333333,0.0003954956426224356,3
aMEM_10pct-Ctrl,,medium,147,1310000.0,0.00048266666666666667,0.0005033381898220453,3
aMEM_10pct-Ctrl,,medium,148,1440000.0,0.00046699999999999997,0.000398692864245148,3
aMEM_10pct-Ctrl,,medium,149,1570000.0,0.0004953333333333334,0.0004593281325298216,3
aMEM_10pct-Ctrl,,medium,150,1700000.0,0.00043233333333333334,0.0003405059960313964,3
aMEM_10pct-Ctrl,,medium,151,1840000.0,0.00036993333333333334,0.0004146097120586219,3
aMEM_10pct-Ctrl,,medium,152,1970000.0,0.00041653333333333334,0.0005487819724930232,3
aMEM_10pct-Ctrl,,medium,153,2100000.0,0.0007956666666666666,0.000459837290063924,3
aMEM_10pct-Ctrl,,medium,154,2360000.0,0.0007453333333333334,0.0009741382516528817,3
aMEM_10pct-Ctrl,,medium,155,2620000.0,0.0008773333333333334,0.0010009042578255592,3
aMEM_10pct-Ctrl,,medium,156,2880000.0,0.000892,0.0009378080827120227,3
aMEM_10pct-Ctrl,,medium,157,3150000.0,0.0009286666666666666,0.0008935716721860274,3
aMEM_10pct-Ctrl,,medium,158,3410000.0,0.000892,0.0006198782138452682,3
aMEM_10pct-Ctrl,,medium,159,3670000.0,0.0009903333333333333,0.0010216419790383192,3
aMEM_10pct-Ctrl,,medium,160,3930000.0,0.000829,0.0010668462869598415,3
aMEM_10pct-Ctrl,,medium,161,4190000.0,0.0,0.0,3
aMEM_10pct-Ctrl,,medium,162,4720000.0,0.0,0.0,3
aMEM_10pct-Ctrl,,medium,163,5240000.0,0.0,0.0,3
aMEM_10pct-Ctrl,,medium,164,5770000.0,0.0,0.0,3
aMEM_10pct-Ctrl,,medium,165,6290000.0,0.0,0.0,3
aMEM_10pct-Ctrl,,medium,166,6820000.0,0.0,0.0,3
aMEM_10pct-Ctrl,,medium,167,7340000.0,0.0,0.0,3
aMEM_10pct-Ctrl,,medium,168,7860000.0,0.0,0.0,3
aMEM_10pct-Ctrl,,medium,169,8390000.0,0.0,0.0,3
aMEM_10pct-Ctrl,,medium,170,9440000.0,0.0,0.0,3
aMEM_10pct-Ctrl,,medium,171,10500000.0,0.0,0.0,3
aMEM_10pct-Ctrl,,medium,172,11500000.0,0.0,0.0,3
aMEM_10pct-Ctrl,,medium,173,12600000.0,0.0,0.0,3
aMEM_10pct-Ctrl,,medium,174,13600000.0,0.0,0.0,3
aMEM_10pct-Ctrl,,medium,175,14700000.0,0.0,0.0,3
aMEM_10pct-Ctrl,,medium,176,15700000.0,0.0,0.0,3
aMEM_10pct-Ctrl,,medium,177,16800000.0,0.0,0.0,3
aMEM_10pct-Ctrl,,medium,178,18900000.0,0.0,0.0,3
aMEM_10pct-Ctrl,,medium,179,21000000.0,0.0,0.0,3
aMEM_10pct-Ctrl,,medium,180,23100000.0,0.0,0.0,3
aMEM_10pct-Ctrl,,medium,181,25200000.0,0.0,0.0,3
aMEM_10pct-Ctrl,,medium,182,27300000.0,0.0,0.0,3
aMEM_10pct-Ctrl,,medium,183,29400000.0,0.0,0.0,3
aMEM_10pct-Ctrl,,medium,184,31500000.0,0.0,0.0,3
aMEM_10pct-Ctrl,,medium,185,33600000.0,0.0,0.0,3
aMEM_10pct-Ctrl,,medium,186,37700000.0,0.0,0.0,3
aMEM_10pct-Ctrl,,medium,187,41900000.0,0.0,0.0,3
aMEM_10pct-Ctrl,,medium,188,46100000.0,0.0,0.0,3
aMEM_10pct-Ctrl,,medium,189,50300000.0,0.0,0.0,3
aMEM_10pct-Ctrl,,medium,190,54500000.0,0.0,0.0,3
aMEM_10pct-Ctrl,,medium,191,58700000.0,0.0,0.0,3
aMEM_10pct-Ctrl,,medium,192,62900000.0,0.0,0.0,3
aMEM_10pct-L_3s,lambda,medium,1,0.5,0.843,0.004582575694955868,3
aMEM_10pct-L_3s,lambda,medium,2,1.0,0.8406666666666666,0.003214550253664373,3
aMEM_10pct-L_3s,lambda,medium,3,1.5,0.8266666666666667,0.003055050463303899,3
aMEM_10pct-L_3s,lambda,medium,4,2.0,0.8133333333333334,0.001527525231651912,3
aMEM_10pct-L_3s,lambda,medium,5,2.5,0.8003333333333335,0.002081665999466139,3
aMEM_10pct-L_3s,lambda,medium,6,3.0,0.7883333333333334,0.0032145502536643153,3
aMEM_10pct-L_3s,lambda,medium,7,3.5,0.7756666666666666,0.003055050463303899,3
aMEM_10pct-L_3s,lambda,medium,8,4.0,0.765,0.0010000000000000009,3
aMEM_10pct-L_3s,lambda,medium,9,4.5,0.7523333333333334,0.0032145502536643153,3
aMEM_10pct-L_3s,lambda,medium,10,5.5,0.7306666666666667,0.0025166114784236186,3
aMEM_10pct-L_3s,lambda,medium,11,6.5,0.71,0.0026457513110646137,3
aMEM_10pct-L_3s,lambda,medium,12,7.5,0.69,0.002999999999999975,3
aMEM_10pct-L_3s,lambda,medium,13,8.5,0.6709999999999999,0.0020000000000000018,3
aMEM_10pct-L_3s,lambda,medium,14,9.5,0.6536666666666667,0.0037859388972001956,3
aMEM_10pct-L_3s,lambda,medium,15,10.5,0.636,0.0034641016151377574,3
aMEM_10pct-L_3s,lambda,medium,16,11.5,0.6206666666666667,0.0025166114784235544,3
aMEM_10pct-L_3s,lambda,medium,17,12.5,0.605,0.0020000000000000018,3
aMEM_10pct-L_3s,lambda,medium,18,14.5,0.5756666666666667,0.002081665999466139,3
aMEM_10pct-L_3s,lambda,medium,19,16.5,0.5486666666666667,0.0028867513459481233,3
aMEM_10pct-L_3s,lambda,medium,20,18.5,0.525,0.002645751311064572,3
aMEM_10pct-L_3s,lambda,medium,21,20.5,0.503,0.002645751311064572,3
aMEM_10pct-L_3s,lambda,medium,22,22.5,0.48166666666666663,0.0020816659994661326,3
aMEM_10pct-L_3s,lambda,medium,23,24.5,0.4633333333333334,0.0015275252316519542,3
aMEM_10pct-L_3s,lambda,medium,24,26.5,0.44533333333333336,0.0023094010767585093,3
aMEM_10pct-L_3s,lambda,medium,25,28.5,0.429,0.002645751311064593,3
aMEM_10pct-L_3s,lambda,medium,26,32.5,0.3993333333333333,0.0023094010767585093,3
aMEM_10pct-L_3s,lambda,medium,27,36.5,0.37233333333333335,0.0023094010767585093,3
aMEM_10pct-L_3s,lambda,medium,28,40.5,0.3486666666666666,0.0020816659994661326,3
aMEM_10pct-L_3s,lambda,medium,29,44.5,0.32866666666666666,0.002081665999466129,3
aMEM_10pct-L_3s,lambda,medium,30,48.5,0.3093333333333333,0.0025166114784235917,3
aMEM_10pct-L_3s,lambda,medium,31,52.5,0.29266666666666663,0.002516611478423578,3
aMEM_10pct-L_3s,lambda,medium,32,56.5,0.2773333333333334,0.0025166114784235917,3
aMEM_10pct-L_3s,lambda,medium,33,60.5,0.263,0.0030000000000000027,3
aMEM_10pct-L_3s,lambda,medium,34,68.5,0.23766666666666666,0.0023094010767585093,3
aMEM_10pct-L_3s,lambda,medium,35,76.5,0.21566666666666667,0.0023094010767585093,3
aMEM_10pct-L_3s,lambda,medium,36,84.5,0.19699999999999998,0.0020000000000000018,3
aMEM_10pct-L_3s,lambda,medium,37,92.5,0.18066666666666667,0.002516611478423589,3
aMEM_10pct-L_3s,lambda,medium,38,101.0,0.166,0.002645751311064593,3
aMEM_10pct-L_3s,lambda,medium,39,109.0,0.15366666666666665,0.002516611478423589,3
aMEM_10pct-L_3s,lambda,medium,40,117.0,0.142,0.0019999999999999844,3
aMEM_10pct-L_3s,lambda,medium,41,125.0,0.13166666666666668,0.0015275252316519518,3
aMEM_10pct-L_3s,lambda,medium,42,141.0,0.114,0.0020000000000000018,3
aMEM_10pct-L_3s,lambda,medium,43,157.0,0.0994,0.0026,3
aMEM_10pct-L_3s,lambda,medium,44,173.0,0.08686666666666666,0.0017502380790433434,3
aMEM_10pct-L_3s,lambda,medium,45,189.0,0.07646666666666667,0.001750238079043345,3
aMEM_10pct-L_3s,lambda,medium,46,205.0,0.06773333333333333,0.0013203534880225627,3
aMEM_10pct-L_3s,lambda,medium,47,221.0,0.06023333333333333,0.0018448125469362274,3
aMEM_10pct-L_3s,lambda,medium,48,237.0,0.05406666666666667,0.0015695009822658073,3
aMEM_10pct-L_3s,lambda,medium,49,253.0,0.04876666666666666,0.0011930353445448825,3
aMEM_10pct-L_3s,lambda,medium,50,285.0,0.03946666666666667,0.001350308606701941,3
aMEM_10pct-L_3s,lambda,medium,51,317.0,0.0324,0.001081665382639196,3
aMEM_10pct-L_3s,lambda,medium,52,349.0,0.027200000000000002,0.0008544003745317532,3
aMEM_10pct-L_3s,lambda,medium,53,381.0,0.0226,0.0010583005244258373,3
aMEM_10pct-L_3s,lambda,medium,54,413.0,0.019066666666666666,0.0011590225767142486,3
aMEM_10pct-L_3s,lambda,medium,55,445.0,0.016,0.0012489995996796794,3
aMEM_10pct-L_3s,lambda,medium,56,477.0,0.0134,0.0014106735979665889,3
aMEM_10pct-L_3s,lambda,medium,57,509.0,0.011466666666666667,0.0010016652800877812,3
aMEM_10pct-L_3s,lambda,medium,58,573.0,0.008296666666666667,0.0013555195805790988,3
aMEM_10pct-L_3s,lambda,medium,59,637.0,0.006430000000000001,0.001074057726567804,3
aMEM_10pct-L_3s,lambda,medium,60,701.0,0.00411,0.0006954854419756032,3
aMEM_10pct-L_3s,lambda,medium,61,765.0,0.0024233333333333333,0.0006206716791777544,3
aMEM_10pct-L_3s,lambda,medium,62,829.0,0.0018199999999999998,0.0007217340230306452,3
aMEM_10pct-L_3s,lambda,medium,63,893.0,0.0017000000000000001,0.00015394804318340672,3
aMEM_10pct-L_3s,lambda,medium,64,957.0,0.0013673333333333332,0.0006026618731372788,3
aMEM_10pct-L_3s,lambda,medium,65,1020.0,0.0009573333333333334,0.0004364966590173782,3
aMEM_10pct-L_3s,lambda,medium,66,1150.0,0.0006980000000000002,0.0003669495878182724,3
aMEM_10pct-L_3s,lambda,medium,67,1280.0,0.0005121666666666666,0.0004855616164127198,3
aMEM_10pct-L_3s,lambda,medium,68,1400.0,0.0007653333333333333,0.0003311152870728461,3
aMEM_10pct-L_3s,lambda,medium,69,1530.0,0.000774,0.00018630083198955394,3
aMEM_10pct-L_3s,lambda,medium,70,1660.0,0.0008636666666666667,0.0004214265455964223,3
aMEM_10pct-L_3s,lambda,medium,71,1790.0,0.00023649999999999998,0.00012389612584742107,3
aMEM_10pct-L_3s,lambda,medium,72,1920.0,0.0003965333333333333,0.00035016803585326473,3
aMEM_10pct-L_3s,lambda,medium,73,2040.0,0.0004229,0.00037121305203346506,3
aMEM_10pct-L_3s,lambda,medium,74,2300.0,0.000416,0.00028889617512179003,3
aMEM_10pct-L_3s,lambda,medium,75,2560.0,0.0004686666666666667,0.0004309180123101532,3
aMEM_10pct-L_3s,lambda,medium,76,2810.0,0.0007707666666666667,0.0008863746743524058,3
aMEM_10pct-L_3s,lambda,medium,77,3070.0,0.0007099,0.0007098678961609688,3
aMEM_10pct-L_3s,lambda,medium,78,3320.0,0.00046166666666666665,0.0003208057563905818,3
aMEM_10pct-L_3s,lambda,medium,79,3580.0,0.00072,0.0005337452575901728,3
aMEM_10pct-L_3s,lambda,medium,80,3840.0,0.0007923333333333333,0.0005211183486822675,3
aMEM_10pct-L_3s,lambda,medium,81,4090.0,0.0007293333333333332,0.00012055842290496886,3
aMEM_10pct-L_3s,lambda,medium,82,4600.0,0.00038633333333333336,0.00015685768496740392,3
aMEM_10pct-L_3s,lambda,medium,83,5120.0,0.0005933333333333333,0.00021875633324165342,3
aMEM_10pct-L_3s,lambda,medium,84,5630.0,0.000539,0.00023700632902941642,3
aMEM_10pct-L_3s,lambda,medium,85,6140.0,0.000257,4.635730794599704e-05,3
aMEM_10pct-L_3s,lambda,medium,86,6650.0,0.00024299999999999997,6.322183167229498e-05,3
aMEM_10pct-L_3s,lambda,medium,87,7160.0,0.000661,0.0002841214529035075,3
aMEM_10pct-L_3s,lambda,medium,88,7680.0,0.0004696666666666667,5.7326549986313754e-05,3
aMEM_10pct-L_3s,lambda,medium,89,8190.0,0.0003903333333333334,0.00020974349413827677,3
aMEM_10pct-L_3s,lambda,medium,90,9210.0,0.0007453333333333334,0.00021525411339468834,3
aMEM_10pct-L_3s,lambda,medium,91,10200.0,0.0005476666666666667,0.0002282812592687655,3
aMEM_10pct-L_3s,lambda,medium,92,11300.0,0.0006979999999999999,0.00023858541447456505,3
aMEM_10pct-L_3s,lambda,medium,93,12300.0,0.0003316666666666667,0.00022300298951658326,3
aMEM_10pct-L_3s,lambda,medium,94,13300.0,0.0005626666666666667,0.000283974177229785,3
aMEM_10pct-L_3s,lambda,medium,95,14300.0,0.0005576666666666667,0.0002415809043226168,3
aMEM_10pct-L_3s,lambda,medium,96,15400.0,0.00039333333333333337,0.0001936216241366995,3
aMEM_10pct-L_3s,lambda,medium,97,16400.0,0.00033399999999999993,0.0003025838726700417,3
aMEM_10pct-L_3s,lambda,medium,98,18400.0,0.0003966666666666667,7.023769168568492e-05,3
aMEM_10pct-L_3s,lambda,medium,99,20500.0,0.00022233333333333336,0.000118812176704803,3
aMEM_10pct-L_3s,lambda,medium,100,22500.0,0.0005904333333333333,0.0004689024027805076,3
aMEM_10pct-L_3s,lambda,medium,101,24600.0,0.0005466666666666667,0.00025455123911176185,3
aMEM_10pct-L_3s,lambda,medium,102,26600.0,0.00032033333333333333,0.000140118997046558,3
aMEM_10pct-L_3s,lambda,medium,103,28700.0,0.00018765966666666668,0.00016316020801755964,3
aMEM_10pct-L_3s,lambda,medium,104,30700.0,0.00034284,0.0002932394189054398,3
aMEM_10pct-L_3s,lambda,medium,105,32800.0,0.00019126666666666666,0.0001950046495172188,3
aMEM_10pct-L_3s,lambda,medium,106,36900.0,0.00026366666666666666,0.00012341123665749943,3
aMEM_10pct-L_3s,lambda,medium,107,41000.0,0.00023866666666666665,0.0001447975598321095,3
aMEM_10pct-L_3s,lambda,medium,108,45100.0,0.00022266666666666667,5.577036249956901e-05,3
aMEM_10pct-L_3s,lambda,medium,109,49100.0,0.0001953333333333333,4.366157731156003e-05,3
aMEM_10pct-L_3s,lambda,medium,110,53200.0,0.000125,1.4730919862656243e-05,3
aMEM_10pct-L_3s,lambda,medium,111,57300.0,0.00025383333333333334,0.00016859443446725437,3
aMEM_10pct-L_3s,lambda,medium,112,61400.0,0.00022876666666666668,0.00018033874606787455,3
aMEM_10pct-L_3s,lambda,medium,113,65500.0,0.00016576166666666667,0.00023204125798730995,3
aMEM_10pct-L_3s,lambda,medium,114,73700.0,0.00022633333333333335,0.00012681219710001612,3
aMEM_10pct-L_3s,lambda,medium,115,81900.0,0.00021893333333333333,0.00020228695789233008,3
aMEM_10pct-L_3s,lambda,medium,116,90100.0,8.46e-05,4.64e-05,3
aMEM_10pct-L_3s,lambda,medium,117,98300.0,0.00028566666666666665,5.315386470740704e-05,3
aMEM_10pct-L_3s,lambda,medium,118,106000.0,0.00020866666666666668,6.838372125976571e-05,3
aMEM_10pct-L_3s,lambda,medium,119,115000.0,0.00017866666666666668,6.445411804790545e-05,3
aMEM_10pct-L_3s,lambda,medium,120,123000.0,0.00021433333333333333,9.600173609541305e-05,3
aMEM_10pct-L_3s,lambda,medium,121,131000.0,0.0001313,0.00010661880697137818,3
aMEM_10pct-L_3s,lambda,medium,122,147000.0,0.00012526666666666668,0.00011269078637285895,3
aMEM_10pct-L_3s,lambda,medium,123,164000.0,0.0001389,5.696428705776981e-05,3
aMEM_10pct-L_3s,lambda,medium,124,180000.0,5.9233333333333334e-05,5.149022560965658e-05,3
aMEM_10pct-L_3s,lambda,medium,125,197000.0,0.00012763333333333334,9.99670112253704e-05,3
aMEM_10pct-L_3s,lambda,medium,126,213000.0,0.00016793333333333334,0.00010146533069641734,3
aMEM_10pct-L_3s,lambda,medium,127,229000.0,0.00011433333333333333,0.00010176607162180003,3
aMEM_10pct-L_3s,lambda,medium,128,246000.0,0.0001459,0.00010088344760167548,3
aMEM_10pct-L_3s,lambda,medium,129,262000.0,0.00015096666666666666,0.00014996540712222046,3
aMEM_10pct-L_3s,lambda,medium,130,295000.0,0.00023533333333333335,5.704676444228309e-05,3
aMEM_10pct-L_3s,lambda,medium,131,328000.0,0.00022633333333333335,0.00013308017633491975,3
aMEM_10pct-L_3s,lambda,medium,132,360000.0,0.00015033333333333335,3.350124375800595e-05,3
aMEM_10pct-L_3s,lambda,medium,133,393000.0,0.000197,0.00013523313203501574,3
aMEM_10pct-L_3s,lambda,medium,134,426000.0,0.00017133333333333334,4.26653645634645e-05,3
aMEM_10pct-L_3s,lambda,medium,135,459000.0,0.00017266666666666667,6.553116307020143e-05,3
aMEM_10pct-L_3s,lambda,medium,136,492000.0,0.0001606,9.587637873845674e-05,3
aMEM_10pct-L_3s,lambda,medium,137,524000.0,0.00025266666666666666,7.710598766200543e-05,3
aMEM_10pct-L_3s,lambda,medium,138,590000.0,0.00015820000000000002,0.00011092754391944321,3
aMEM_10pct-L_3s,lambda,medium,139,655000.0,0.00012966666666666666,2.6083200212652834e-05,3
aMEM_10pct-L_3s,lambda,medium,140,721000.0,0.00014066666666666665,3.098924544633723e-05,3
aMEM_10pct-L_3s,lambda,medium,141,786000.0,0.00021633333333333335,5.1733290377989036e-05,3
aMEM_10pct-L_3s,lambda,medium,142,852000.0,0.00014156666666666665,4.0317035274599905e-05,3
aMEM_10pct-L_3s,lambda,medium,143,918000.0,0.00015866666666666666,5.305029060555026e-05,3
aMEM_10pct-L_3s,lambda,medium,144,983000.0,5.095999999999999e-05,3.8661438152246745e-05,3
aMEM_10pct-L_3s,lambda,medium,145,1050000.0,0.00019300000000000003,0.00010250365847129556,3
aMEM_10pct-L_3s,lambda,medium,146,1180000.0,0.0002577666666666667,0.00020457703520516016,3
aMEM_10pct-L_3s,lambda,medium,147,1310000.0,0.00035200000000000005,0.0001400428505850977,3
aMEM_10pct-L_3s,lambda,medium,148,1440000.0,0.00035733333333333336,0.00012587824805475063,3
aMEM_10pct-L_3s,lambda,medium,149,1570000.0,0.00023066666666666664,3.1785741037976975e-05,3
aMEM_10pct-L_3s,lambda,medium,150,1700000.0,0.00026700000000000004,6.17980582219215e-05,3
aMEM_10pct-L_3s,lambda,medium,151,1840000.0,0.00023236666666666666,0.0001393158402096952,3
aMEM_10pct-L_3s,lambda,medium,152,1970000.0,0.00027233333333333336,0.00010777909506640578,3
aMEM_10pct-L_3s,lambda,medium,153,2100000.0,0.0005563333333333333,0.00027961103936242096,3
aMEM_10pct-L_3s,lambda,medium,154,2360000.0,0.0004036666666666667,0.00032298039156167566,3
aMEM_10pct-L_3s,lambda,medium,155,2620000.0,0.0003412,0.00029796798485743394,3
aMEM_10pct-L_3s,lambda,medium,156,2880000.0,0.00046033333333333326,0.0001045434518912272,3
aMEM_10pct-L_3s,lambda,medium,157,3150000.0,0.00037499999999999995,0.00012079735096433198,3
aMEM_10pct-L_3s,lambda,medium,158,3410000.0,0.00038166666666666666,0.0002494921508451385,3
aMEM_10pct-L_3s,lambda,medium,159,3670000.0,0.000311,0.00018166177363441107,3
aMEM_10pct-L_3s,lambda,medium,160,3930000.0,0.0004893333333333334,0.0002932138014032309,3
aMEM_10pct-L_3s,lambda,medium,161,4190000.0,0.0,0.0,3
aMEM_10pct-L_3s,lambda,medium,162,4720000.0,0.0,0.0,3
aMEM_10pct-L_3s,lambda,medium,163,5240000.0,0.0,0.0,3
aMEM_10pct-L_3s,lambda,medium,164,5770000.0,0.0,0.0,3
aMEM_10pct-L_3s,lambda,medium,165,6290000.0,0.0,0.0,3
aMEM_10pct-L_3s,lambda,medium,166,6820000.0,0.0,0.0,3
aMEM_10pct-L_3s,lambda,medium,167,7340000.0,0.0,0.0,3
aMEM_10pct-L_3s,lambda,medium,168,7860000.0,0.0,0.0,3
aMEM_10pct-L_3s,lambda,medium,169,8390000.0,0.0,0.0,3
aMEM_10pct-L_3s,lambda,medium,170,9440000.0,0.0,0.0,3
aMEM_10pct-L_3s,lambda,medium,171,10500000.0,0.0,0.0,3
aMEM_10pct-L_3s,lambda,medium,172,11500000.0,0.0,0.0,3
aMEM_10pct-L_3s,lambda,medium,173,12600000.0,0.0,0.0,3
aMEM_10pct-L_3s,lambda,medium,174,13600000.0,0.0,0.0,3
aMEM_10pct-L_3s,lambda,medium,175,14700000.0,0.0,0.0,3
aMEM_10pct-L_3s,lambda,medium,176,15700000.0,0.0,0.0,3
aMEM_10pct-L_3s,lambda,medium,177,16800000.0,0.0,0.0,3
aMEM_10pct-L_3s,lambda,medium,178,18900000.0,0.0,0.0,3
aMEM_10pct-L_3s,lambda,medium,179,21000000.0,0.0,0.0,3
aMEM_10pct-L_3s,lambda,medium,180,23100000.0,0.0,0.0,3
aMEM_10pct-L_3s,lambda,medium,181,25200000.0,0.0,0.0,3
aMEM_10pct-L_3s,lambda,medium,182,27300000.0,0.0,0.0,3
aMEM_10pct-L_3s,lambda,medium,183,29400000.0,0.0,0.0,3
aMEM_10pct-L_3s,lambda,medium,184,31500000.0,0.0,0.0,3
aMEM_10pct-L_3s,lambda,medium,185,33600000.0,0.0,0.0,3
aMEM_10pct-L_3s,lambda,medium,186,37700000.0,0.0,0.0,3
aMEM_10pct-L_3s,lambda,medium,187,41900000.0,0.0,0.0,3
aMEM_10pct-L_3s,lambda,medium,188,46100000.0,0.0,0.0,3
aMEM_10pct-L_3s,lambda,medium,189,50300000.0,0.0,0.0,3
aMEM_10pct-L_3s,lambda,medium,190,54500000.0,0.0,0.0,3
aMEM_10pct-L_3s,lambda,medium,191,58700000.0,0.0,0.0,3
aMEM_10pct-L_3s,lambda,medium,192,62900000.0,0.0,0.0,3
aMEM_10pct-i_2s,iota,medium,1,0.5,0.826,0.0020000000000000018,3
aMEM_10pct-i_2s,iota,medium,2,1.0,0.8203333333333332,0.002309401076758497,3
aMEM_10pct-i_2s,iota,medium,3,1.5,0.8006666666666667,0.0015275252316519874,3
aMEM_10pct-i_2s,iota,medium,4,2.0,0.7879999999999999,0.0040000000000000036,3
aMEM_10pct-i_2s,iota,medium,5,2.5,0.773,0.0034641016151377574,3
aMEM_10pct-i_2s,iota,medium,6,3.0,0.7586666666666666,0.003055050463303899,3
aMEM_10pct-i_2s,iota,medium,7,3.5,0.7463333333333333,0.0057735026918962545,3
aMEM_10pct-i_2s,iota,medium,8,4.0,0.7326666666666667,0.0028867513459481715,3
aMEM_10pct-i_2s,iota,medium,9,4.5,0.719,0.0036055512754639618,3
aMEM_10pct-i_2s,iota,medium,10,5.5,0.6963333333333334,0.004163331998932258,3
aMEM_10pct-i_2s,iota,medium,11,6.5,0.6723333333333334,0.004041451884327344,3
aMEM_10pct-i_2s,iota,medium,12,7.5,0.6503333333333333,0.005131601439446943,3
aMEM_10pct-i_2s,iota,medium,13,8.5,0.6286666666666667,0.0037859388972001956,3
aMEM_10pct-i_2s,iota,medium,14,9.5,0.6096666666666667,0.006350852961085841,3
aMEM_10pct-i_2s,iota,medium,15,10.5,0.5903333333333333,0.004509249752822954,3
aMEM_10pct-i_2s,iota,medium,16,11.5,0.5736666666666667,0.006429100507328652,3
aMEM_10pct-i_2s,iota,medium,17,12.5,0.557,0.006244997998398352,3
aMEM_10pct-i_2s,iota,medium,18,14.5,0.5256666666666666,0.005507570547286148,3
aMEM_10pct-i_2s,iota,medium,19,16.5,0.4963333333333333,0.005131601439446895,3
aMEM_10pct-i_2s,iota,medium,20,18.5,0.4713333333333333,0.006110100926607768,3
aMEM_10pct-i_2s,iota,medium,21,20.5,0.44733333333333336,0.006806859285554057,3
aMEM_10pct-i_2s,iota,medium,22,22.5,0.425,0.006244997998398403,3
aMEM_10pct-i_2s,iota,medium,23,24.5,0.4046666666666667,0.00602771377334167,3
aMEM_10pct-i_2s,iota,medium,24,26.5,0.38533333333333336,0.004932882862316257,3
aMEM_10pct-i_2s,iota,medium,25,28.5,0.36866666666666664,0.0055075705472861025,3
aMEM_10pct-i_2s,iota,medium,26,32.5,0.3363333333333334,0.004932882862316257,3
aMEM_10pct-i_2s,iota,medium,27,36.5,0.3096666666666667,0.0055075705472861025,3
aMEM_10pct-i_2s,iota,medium,28,40.5,0.286,0.005291502622129186,3
aMEM_10pct-i_2s,iota,medium,29,44.5,0.26466666666666666,0.005686240703077326,3
aMEM_10pct-i_2s,iota,medium,30,48.5,0.246,0.005291502622129186,3
aMEM_10pct-i_2s,iota,medium,31,52.5,0.229,0.005291502622129157,3
aMEM_10pct-i_2s,iota,medium,32,56.5,0.214,0.005291502622129186,3
aMEM_10pct-i_2s,iota,medium,33,60.5,0.20066666666666666,0.005507570547286103,3
aMEM_10pct-i_2s,iota,medium,34,68.5,0.17699999999999996,0.005291502622129186,3
aMEM_10pct-i_2s,iota,medium,35,76.5,0.157,0.005196152422706636,3
aMEM_10pct-i_2s,iota,medium,36,84.5,0.1396666666666667,0.00472581562625261,3
aMEM_10pct-i_2s,iota,medium,37,92.5,0.12566666666666668,0.004725815626252615,3
aMEM_10pct-i_2s,iota,medium,38,101.0,0.113,0.0036055512754639926,3
aMEM_10pct-i_2s,iota,medium,39,109.0,0.10259999999999998,0.0041327956639543644,3
aMEM_10pct-i_2s,iota,medium,40,117.0,0.09306666666666667,0.0037447741364911875,3
aMEM_10pct-i_2s,iota,medium,41,125.0,0.0851,0.0037040518354904254,3
aMEM_10pct-i_2s,iota,medium,42,141.0,0.07073333333333333,0.0033724372986511245,3
aMEM_10pct-i_2s,iota,medium,43,157.0,0.05976666666666667,0.0028112867753634363,3
aMEM_10pct-i_2s,iota,medium,44,173.0,0.05093333333333333,0.002592939130279257,3
aMEM_10pct-i_2s,iota,medium,45,189.0,0.043533333333333334,0.002490649179096354,3
aMEM_10pct-i_2s,iota,medium,46,205.0,0.03743333333333334,0.002482606157515387,3
aMEM_10pct-i_2s,iota,medium,47,221.0,0.0328,0.0020297783130184465,3
aMEM_10pct-i_2s,iota,medium,48,237.0,0.028633333333333334,0.0017243356208503423,3
aMEM_10pct-i_2s,iota,medium,49,253.0,0.02563333333333333,0.0018147543451754922,3
aMEM_10pct-i_2s,iota,medium,50,285.0,0.0202,0.0014422205101855944,3
aMEM_10pct-i_2s,iota,medium,51,317.0,0.0161,0.0011789826122551583,3
aMEM_10pct-i_2s,iota,medium,52,349.0,0.012833333333333334,0.001530795000427338,3
aMEM_10pct-i_2s,iota,medium,53,381.0,0.01039,0.0016876907299620987,3
aMEM_10pct-i_2s,iota,medium,54,413.0,0.00903,0.0018883590760234135,3
aMEM_10pct-i_2s,iota,medium,55,445.0,0.007806666666666667,0.002159660467141383,3
aMEM_10pct-i_2s,iota,medium,56,477.0,0.006483333333333333,0.0019301899733791313,3
aMEM_10pct-i_2s,iota,medium,57,509.0,0.00586,0.0016000937472535788,3
aMEM_10pct-i_2s,iota,medium,58,573.0,0.00481,0.0014945233353815522,3
aMEM_10pct-i_2s,iota,medium,59,637.0,0.003783333333333333,0.0012175932544710214,3
aMEM_10pct-i_2s,iota,medium,60,701.0,0.0025033333333333335,0.001133151946269049,3
aMEM_10pct-i_2s,iota,medium,61,765.0,0.0019633333333333334,0.0008357830659527228,3
aMEM_10pct-i_2s,iota,medium,62,829.0,0.0017166666666666667,0.00044959240800232985,3
aMEM_10pct-i_2s,iota,medium,63,893.0,0.0014966666666666668,0.00019731531449264982,3
aMEM_10pct-i_2s,iota,medium,64,957.0,0.0014163333333333335,0.0005821257023472966,3
aMEM_10pct-i_2s,iota,medium,65,1020.0,0.0013013333333333334,0.0005220012771376458,3
aMEM_10pct-i_2s,iota,medium,66,1150.0,0.00118,0.00022715633383201092,3
aMEM_10pct-i_2s,iota,medium,67,1280.0,0.0011736666666666668,0.00018504143680087798,3
aMEM_10pct-i_2s,iota,medium,68,1400.0,0.0009846666666666667,0.00038614159751745647,3
aMEM_10pct-i_2s,iota,medium,69,1530.0,0.0014966666666666668,0.00037501111094650694,3
aMEM_10pct-i_2s,iota,medium,70,1660.0,0.0011446666666666667,0.0004243410577982447,3
aMEM_10pct-i_2s,iota,medium,71,1790.0,0.0012193333333333333,0.0005521470214837108,3
aMEM_10pct-i_2s,iota,medium,72,1920.0,0.0011583333333333333,0.0004000104165310364,3
aMEM_10pct-i_2s,iota,medium,73,2040.0,0.0009086666666666667,0.0005030957496673306,3
aMEM_10pct-i_2s,iota,medium,74,2300.0,0.0009939999999999999,0.00027193381547722223,3
aMEM_10pct-i_2s,iota,medium,75,2560.0,0.0007336666666666666,0.00013900119903559585,3
aMEM_10pct-i_2s,iota,medium,76,2810.0,0.001083,0.00017842925769054799,3
aMEM_10pct-i_2s,iota,medium,77,3070.0,0.0012259999999999999,0.0005083187976063839,3
aMEM_10pct-i_2s,iota,medium,78,3320.0,0.0011726666666666667,0.0002612304219139366,3
aMEM_10pct-i_2s,iota,medium,79,3580.0,0.0009606666666666666,0.00019863114895034298,3
aMEM_10pct-i_2s,iota,medium,80,3840.0,0.0010763333333333334,0.0007335000568052692,3
aMEM_10pct-i_2s,iota,medium,81,4090.0,0.000865,0.00046550080558469497,3
aMEM_10pct-i_2s,iota,medium,82,4600.0,0.0007756666666666667,0.00042331587890526075,3
aMEM_10pct-i_2s,iota,medium,83,5120.0,0.0009016666666666666,0.00036818247287633514,3
aMEM_10pct-i_2s,iota,medium,84,5630.0,0.0008443333333333333,0.0005327328911690486,3
aMEM_10pct-i_2s,iota,medium,85,6140.0,0.0008653333333333334,0.000583105765134708,3
aMEM_10pct-i_2s,iota,medium,86,6650.0,0.0005556666666666667,0.000169284769939098,3
aMEM_10pct-i_2s,iota,medium,87,7160.0,0.0007503333333333333,0.00015677159606680455,3
aMEM_10pct-i_2s,iota,medium,88,7680.0,0.0007379999999999999,7.33212111192935e-05,3
aMEM_10pct-i_2s,iota,medium,89,8190.0,0.0006996666666666667,0.0002036721221309714,3
aMEM_10pct-i_2s,iota,medium,90,9210.0,0.0006810000000000001,0.00016655629678880354,3
aMEM_10pct-i_2s,iota,medium,91,10200.0,0.0005946666666666666,0.000448011532589657,3
aMEM_10pct-i_2s,iota,medium,92,11300.0,0.000626,0.00012586103447850727,3
aMEM_10pct-i_2s,iota,medium,93,12300.0,0.0005406666666666666,0.00034428670223134286,3
aMEM_10pct-i_2s,iota,medium,94,13300.0,0.0006619999999999999,0.00015860643114325472,3
aMEM_10pct-i_2s,iota,medium,95,14300.0,0.0006456666666666667,5.428013755816517e-05,3
aMEM_10pct-i_2s,iota,medium,96,15400.0,0.0004823333333333333,0.00010327310072489029,3
aMEM_10pct-i_2s,iota,medium,97,16400.0,0.0005686666666666666,0.00015865791292379126,3
aMEM_10pct-i_2s,iota,medium,98,18400.0,0.00065,0.000372499664429379,3
aMEM_10pct-i_2s,iota,medium,99,20500.0,0.0009096666666666667,0.00013795047420481503,3
aMEM_10pct-i_2s,iota,medium,100,22500.0,0.00056,0.00012663332894621385,3
aMEM_10pct-i_2s,iota,medium,101,24600.0,0.0004266666666666667,0.00022440216873580643,3
aMEM_10pct-i_2s,iota,medium,102,26600.0,0.000566,0.0001959285584084158,3
aMEM_10pct-i_2s,iota,medium,103,28700.0,0.0005906666666666667,0.00019434333879331532,3
aMEM_10pct-i_2s,iota,medium,104,30700.0,0.0005746666666666667,0.00011456148276507831,3
aMEM_10pct-i_2s,iota,medium,105,32800.0,0.0004763333333333334,0.00015016435440321163,3
aMEM_10pct-i_2s,iota,medium,106,36900.0,0.0003296666666666667,0.00013978674233750972,3
aMEM_10pct-i_2s,iota,medium,107,41000.0,0.0003873333333333333,0.00028494970316414323,3
aMEM_10pct-i_2s,iota,medium,108,45100.0,0.00031213333333333335,0.0002779842681400035,3
aMEM_10pct-i_2s,iota,medium,109,49100.0,0.00037566666666666667,0.00023065197448392534,3
aMEM_10pct-i_2s,iota,medium,110,53200.0,0.00037600000000000003,0.00023296137018827815,3
aMEM_10pct-i_2s,iota,medium,111,57300.0,0.0004476666666666667,0.00013909109724685232,3
aMEM_10pct-i_2s,iota,medium,112,61400.0,0.00041033333333333335,0.00025488297968544963,3
aMEM_10pct-i_2s,iota,medium,113,65500.0,0.0002756666666666667,0.0002034559739435865,3
aMEM_10pct-i_2s,iota,medium,114,73700.0,0.00042500000000000003,0.0003518962915405617,3
aMEM_10pct-i_2s,iota,medium,115,81900.0,0.0002499,0.000238008256159319,3
aMEM_10pct-i_2s,iota,medium,116,90100.0,0.00023433333333333333,0.0001713952546989949,3
aMEM_10pct-i_2s,iota,medium,117,98300.0,0.0002956666666666667,0.00021371086386361675,3
aMEM_10pct-i_2s,iota,medium,118,106000.0,0.000302,0.0002300586881645638,3
aMEM_10pct-i_2s,iota,medium,119,115000.0,0.00022436666666666668,0.00022486485570967583,3
aMEM_10pct-i_2s,iota,medium,120,123000.0,0.00029266666666666666,0.00013625466352875168,3
aMEM_10pct-i_2s,iota,medium,121,131000.0,0.00032219999999999997,0.00022946790625270454,3
aMEM_10pct-i_2s,iota,medium,122,147000.0,0.00033873333333333335,0.00034578087473620243,3
aMEM_10pct-i_2s,iota,medium,123,164000.0,0.0002890666666666667,0.0002500400234629115,3
aMEM_10pct-i_2s,iota,medium,124,180000.0,0.0002591,0.000271178594287971,3
aMEM_10pct-i_2s,iota,medium,125,197000.0,0.00032166666666666666,0.00023053488528492454,3
aMEM_10pct-i_2s,iota,medium,126,213000.0,0.0002667,0.0002666161472979459,3
aMEM_10pct-i_2s,iota,medium,127,229000.0,0.00028703333333333334,0.00030648197880680253,3
aMEM_10pct-i_2s,iota,medium,128,246000.0,0.0002976333333333333,0.00030278738965375246,3
aMEM_10pct-i_2s,iota,medium,129,262000.0,0.00021766666666666668,0.00013900479608032717,3
aMEM_10pct-i_2s,iota,medium,130,295000.0,0.00022473333333333334,0.00015429456676543517,3
aMEM_10pct-i_2s,iota,medium,131,328000.0,0.00022016666666666666,0.00017830054215658834,3
aMEM_10pct-i_2s,iota,medium,132,360000.0,0.000171,5.384236250388722e-05,3
aMEM_10pct-i_2s,iota,medium,133,393000.0,0.00022966666666666665,9.251126057585277e-05,3
aMEM_10pct-i_2s,iota,medium,134,426000.0,0.000186,6.799999999999999e-05,3
aMEM_10pct-i_2s,iota,medium,135,459000.0,0.00020066666666666667,6.291528696058958e-05,3
aMEM_10pct-i_2s,iota,medium,136,492000.0,0.00016700000000000002,1.8357559750685826e-05,3
aMEM_10pct-i_2s,iota,medium,137,524000.0,0.00016989999999999998,0.00016888377660391184,3
aMEM_10pct-i_2s,iota,medium,138,590000.0,0.00024166666666666664,0.00019213623638796856,3
aMEM_10pct-i_2s,iota,medium,139,655000.0,0.00022023333333333336,0.0001453714667097135,3
aMEM_10pct-i_2s,iota,medium,140,721000.0,0.00018486666666666664,0.0001726981567166637,3
aMEM_10pct-i_2s,iota,medium,141,786000.0,0.000241,9.628603221651622e-05,3
aMEM_10pct-i_2s,iota,medium,142,852000.0,0.00017703333333333334,0.00011949352841611688,3
aMEM_10pct-i_2s,iota,medium,143,918000.0,0.0002441666666666667,0.00019424490555310152,3
aMEM_10pct-i_2s,iota,medium,144,983000.0,0.000168,4.687216658103187e-05,3
aMEM_10pct-i_2s,iota,medium,145,1050000.0,0.00014076666666666665,0.00012147947700469134,3
aMEM_10pct-i_2s,iota,medium,146,1180000.0,0.00017299999999999998,4.582575694955841e-06,3
aMEM_10pct-i_2s,iota,medium,147,1310000.0,0.000242,9.738583059151881e-05,3
aMEM_10pct-i_2s,iota,medium,148,1440000.0,0.0001402,0.00012633732623417357,3
aMEM_10pct-i_2s,iota,medium,149,1570000.0,7.929999999999999e-05,3.1747283348343364e-05,3
aMEM_10pct-i_2s,iota,medium,150,1700000.0,0.00014854666666666667,0.00012306655326827567,3
aMEM_10pct-i_2s,iota,medium,151,1840000.0,0.00021610000000000002,0.0001457625809321446,3
aMEM_10pct-i_2s,iota,medium,152,1970000.0,0.00016633333333333333,5.216640042530568e-05,3
aMEM_10pct-i_2s,iota,medium,153,2100000.0,0.0003482333333333333,0.00025226427280400474,3
aMEM_10pct-i_2s,iota,medium,154,2360000.0,0.0005149999999999999,0.00025982494106609557,3
aMEM_10pct-i_2s,iota,medium,155,2620000.0,0.0005073333333333333,0.00018321117142066788,3
aMEM_10pct-i_2s,iota,medium,156,2880000.0,0.000484,0.00012932517156377562,3
aMEM_10pct-i_2s,iota,medium,157,3150000.0,0.0004279333333333333,0.00029871192365443555,3
aMEM_10pct-i_2s,iota,medium,158,3410000.0,0.0005600000000000001,0.00031093568466806766,3
aMEM_10pct-i_2s,iota,medium,159,3670000.0,0.00023526666666666668,0.0001517689471971567,3
aMEM_10pct-i_2s,iota,medium,160,3930000.0,0.00044966666666666663,0.000199480157743404,3
aMEM_10pct-i_2s,iota,medium,161,4190000.0,0.0,0.0,3
aMEM_10pct-i_2s,iota,medium,162,4720000.0,0.0,0.0,3
aMEM_10pct-i_2s,iota,medium,163,5240000.0,0.0,0.0,3
aMEM_10pct-i_2s,iota,medium,164,5770000.0,0.0,0.0,3
aMEM_10pct-i_2s,iota,medium,165,6290000.0,0.0,0.0,3
aMEM_10pct-i_2s,iota,medium,166,6820000.0,0.0,0.0,3
aMEM_10pct-i_2s,iota,medium,167,7340000.0,0.0,0.0,3
aMEM_10pct-i_2s,iota,medium,168,7860000.0,0.0,0.0,3
aMEM_10pct-i_2s,iota,medium,169,8390000.0,0.0,0.0,3
aMEM_10pct-i_2s,iota,medium,170,9440000.0,0.0,0.0,3
aMEM_10pct-i_2s,iota,medium,171,10500000.0,0.0,0.0,3
aMEM_10pct-i_2s,iota,medium,172,11500000.0,0.0,0.0,3
aMEM_10pct-i_2s,iota,medium,173,12600000.0,0.0,0.0,3
aMEM_10pct-i_2s,iota,medium,174,13600000.0,0.0,0.0,3
aMEM_10pct-i_2s,iota,medium,175,14700000.0,0.0,0.0,3
aMEM_10pct-i_2s,iota,medium,176,15700000.0,0.0,0.0,3
aMEM_10pct-i_2s,iota,medium,177,16800000.0,0.0,0.0,3
aMEM_10pct-i_2s,iota,medium,178,18900000.0,0.0,0.0,3
aMEM_10pct-i_2s,iota,medium,179,21000000.0,0.0,0.0,3
aMEM_10pct-i_2s,iota,medium,180,23100000.0,0.0,0.0,3
aMEM_10pct-i_2s,iota,medium,181,25200000.0,0.0,0.0,3
aMEM_10pct-i_2s,iota,medium,182,27300000.0,0.0,0.0,3
aMEM_10pct-i_2s,iota,medium,183,29400000.0,0.0,0.0,3
aMEM_10pct-i_2s,iota,medium,184,31500000.0,0.0,0.0,3
aMEM_10pct-i_2s,iota,medium,185,33600000.0,0.0,0.0,3
aMEM_10pct-i_2s,iota,medium,186,37700000.0,0.0,0.0,3
aMEM_10pct-i_2s,iota,medium,187,41900000.0,0.0,0.0,3
aMEM_10pct-i_2s,iota,medium,188,46100000.0,0.0,0.0,3
aMEM_10pct-i_2s,iota,medium,189,50300000.0,0.0,0.0,3
aMEM_10pct-i_2s,iota,medium,190,54500000.0,0.0,0.0,3
aMEM_10pct-i_2s,iota,medium,191,58700000.0,0.0,0.0,3
aMEM_10pct-i_2s,iota,medium,192,62900000.0,0.0,0.0,3
aMEM_10pct-k_1s,kappa,medium,1,0.5,0.7596666666666666,0.006806859285554077,3
aMEM_10pct-k_1s,kappa,medium,2,1.0,0.7566666666666667,0.0055075705472861225,3
aMEM_10pct-k_1s,kappa,medium,3,1.5,0.7426666666666666,0.0051316014394469115,3
aMEM_10pct-k_1s,kappa,medium,4,2.0,0.73,0.007937253933193769,3
aMEM_10pct-k_1s,kappa,medium,5,2.5,0.7173333333333334,0.0073711147958320416,3
aMEM_10pct-k_1s,kappa,medium,6,3.0,0.7033333333333333,0.004618802153516994,3
aMEM_10pct-k_1s,kappa,medium,7,3.5,0.6920000000000001,0.005291502622129107,3
aMEM_10pct-k_1s,kappa,medium,8,4.0,0.6796666666666668,0.008736894948054151,3
aMEM_10pct-k_1s,kappa,medium,9,4.5,0.6686666666666667,0.007571877794400388,3
aMEM_10pct-k_1s,kappa,medium,10,5.5,0.647,0.007937253933193758,3
aMEM_10pct-k_1s,kappa,medium,11,6.5,0.624,0.008717797887081354,3
aMEM_10pct-k_1s,kappa,medium,12,7.5,0.604,0.0079372539331938,3
aMEM_10pct-k_1s,kappa,medium,13,8.5,0.5856666666666667,0.008082903768654783,3
aMEM_10pct-k_1s,kappa,medium,14,9.5,0.5666666666666667,0.009712534856222258,3
aMEM_10pct-k_1s,kappa,medium,15,10.5,0.5503333333333335,0.009609023536933114,3
aMEM_10pct-k_1s,kappa,medium,16,11.5,0.5343333333333334,0.008326663997864522,3
aMEM_10pct-k_1s,kappa,medium,17,12.5,0.519,0.008544003745317566,3
aMEM_10pct-k_1s,kappa,medium,18,14.5,0.48966666666666664,0.010066445913694336,3
aMEM_10pct-k_1s,kappa,medium,19,16.5,0.46366666666666667,0.009504384952922162,3
aMEM_10pct-k_1s,kappa,medium,20,18.5,0.43966666666666665,0.00950438495292217,3
aMEM_10pct-k_1s,kappa,medium,21,20.5,0.417,0.010148891565092192,3
aMEM_10pct-k_1s,kappa,medium,22,22.5,0.39666666666666667,0.009073771725877467,3
aMEM_10pct-k_1s,kappa,medium,23,24.5,0.37766666666666665,0.009712534856222312,3
aMEM_10pct-k_1s,kappa,medium,24,26.5,0.36033333333333334,0.009018499505645804,3
aMEM_10pct-k_1s,kappa,medium,25,28.5,0.3446666666666667,0.009073771725877451,3
aMEM_10pct-k_1s,kappa,medium,26,32.5,0.316,0.009539392014169465,3
aMEM_10pct-k_1s,kappa,medium,27,36.5,0.29033333333333333,0.009609023536933029,3
aMEM_10pct-k_1s,kappa,medium,28,40.5,0.26766666666666666,0.00950438495292217,3
aMEM_10pct-k_1s,kappa,medium,29,44.5,0.249,0.009539392014169465,3
aMEM_10pct-k_1s,kappa,medium,30,48.5,0.2316666666666667,0.009073771725877451,3
aMEM_10pct-k_1s,kappa,medium,31,52.5,0.21533333333333335,0.009018499505645792,3
aMEM_10pct-k_1s,kappa,medium,32,56.5,0.20233333333333334,0.00901849950564579,3
aMEM_10pct-k_1s,kappa,medium,33,60.5,0.18966666666666665,0.00808290376865477,3
aMEM_10pct-k_1s,kappa,medium,34,68.5,0.16766666666666666,0.007505553499465118,3
aMEM_10pct-k_1s,kappa,medium,35,76.5,0.149,0.007549834435270756,3
aMEM_10pct-k_1s,kappa,medium,36,84.5,0.133,0.006557438524302007,3
aMEM_10pct-k_1s,kappa,medium,37,92.5,0.12,0.005291502622129176,3
aMEM_10pct-k_1s,kappa,medium,38,101.0,0.10866666666666668,0.006110100926607791,3
aMEM_10pct-k_1s,kappa,medium,39,109.0,0.09860000000000001,0.00517397332811061,3
aMEM_10pct-k_1s,kappa,medium,40,117.0,0.08983333333333333,0.004986314604327861,3
aMEM_10pct-k_1s,kappa,medium,41,125.0,0.08233333333333333,0.004301550108197435,3
aMEM_10pct-k_1s,kappa,medium,42,141.0,0.0693,0.003207802986469089,3
aMEM_10pct-k_1s,kappa,medium,43,157.0,0.05906666666666666,0.0029263173671584776,3
aMEM_10pct-k_1s,kappa,medium,44,173.0,0.05076666666666666,0.0026633312473917582,3
aMEM_10pct-k_1s,kappa,medium,45,189.0,0.0444,0.0025119713374160938,3
aMEM_10pct-k_1s,kappa,medium,46,205.0,0.0392,0.0023430749027719983,3
aMEM_10pct-k_1s,kappa,medium,47,221.0,0.03443333333333334,0.0024583192089989714,3
aMEM_10pct-k_1s,kappa,medium,48,237.0,0.030633333333333332,0.002454248017893326,3
aMEM_10pct-k_1s,kappa,medium,49,253.0,0.0276,0.0025238858928247924,3
aMEM_10pct-k_1s,kappa,medium,50,285.0,0.022833333333333334,0.002294195574342636,3
aMEM_10pct-k_1s,kappa,medium,51,317.0,0.019100000000000002,0.0016822603841260718,3
aMEM_10pct-k_1s,kappa,medium,52,349.0,0.015966666666666667,0.001803699901129157,3
aMEM_10pct-k_1s,kappa,medium,53,381.0,0.013633333333333336,0.001501110699893027,3
aMEM_10pct-k_1s,kappa,medium,54,413.0,0.011466666666666667,0.0013051181300301263,3
aMEM_10pct-k_1s,kappa,medium,55,445.0,0.009976666666666667,0.0010240279944090077,3
aMEM_10pct-k_1s,kappa,medium,56,477.0,0.00872,0.0009364293886887577,3
aMEM_10pct-k_1s,kappa,medium,57,509.0,0.0077866666666666666,0.0008083522334560188,3
aMEM_10pct-k_1s,kappa,medium,58,573.0,0.006010000000000001,0.0011151681487560521,3
aMEM_10pct-k_1s,kappa,medium,59,637.0,0.004776666666666666,0.0006401041581909413,3
aMEM_10pct-k_1s,kappa,medium,60,701.0,0.003923333333333333,0.000938740290673269,3
aMEM_10pct-k_1s,kappa,medium,61,765.0,0.00332,0.0009497894503520242,3
aMEM_10pct-k_1s,kappa,medium,62,829.0,0.002843333333333333,0.0008015817695864429,3
aMEM_10pct-k_1s,kappa,medium,63,893.0,0.00284,0.0010678483038334611,3
aMEM_10pct-k_1s,kappa,medium,64,957.0,0.0025266666666666666,0.0007044383105235926,3
aMEM_10pct-k_1s,kappa,medium,65,1020.0,0.002426666666666667,0.0005757024694521758,3
aMEM_10pct-k_1s,kappa,medium,66,1150.0,0.0018633333333333334,0.0003980368492154129,3
aMEM_10pct-k_1s,kappa,medium,67,1280.0,0.0016566666666666667,0.0005426171148547872,3
aMEM_10pct-k_1s,kappa,medium,68,1400.0,0.0014246666666666667,0.0009422405920641148,3
aMEM_10pct-k_1s,kappa,medium,69,1530.0,0.0017566666666666666,0.0005746593193652507,3
aMEM_10pct-k_1s,kappa,medium,70,1660.0,0.0017666666666666666,0.0009052255704150946,3
aMEM_10pct-k_1s,kappa,medium,71,1790.0,0.0021666666666666666,0.0008043216603656357,3
aMEM_10pct-k_1s,kappa,medium,72,1920.0,0.0016366666666666665,0.0006408067831517808,3
aMEM_10pct-k_1s,kappa,medium,73,2040.0,0.0016699999999999998,0.00040853396431630995,3
aMEM_10pct-k_1s,kappa,medium,74,2300.0,0.0012966666666666667,0.0006066575090883928,3
aMEM_10pct-k_1s,kappa,medium,75,2560.0,0.0012563333333333333,0.0007153952287605315,3
aMEM_10pct-k_1s,kappa,medium,76,2810.0,0.001436333333333333,0.0007589863854729763,3
aMEM_10pct-k_1s,kappa,medium,77,3070.0,0.00161,0.0004386342439892262,3
aMEM_10pct-k_1s,kappa,medium,78,3320.0,0.001726666666666667,0.00037978063843926193,3
aMEM_10pct-k_1s,kappa,medium,79,3580.0,0.0014600000000000001,0.00038974350539810153,3
aMEM_10pct-k_1s,kappa,medium,80,3840.0,0.0013193333333333332,0.0005571726243574188,3
aMEM_10pct-k_1s,kappa,medium,81,4090.0,0.0013300000000000002,0.00044192759587968706,3
aMEM_10pct-k_1s,kappa,medium,82,4600.0,0.0009916666666666665,0.0002460860283180118,3
aMEM_10pct-k_1s,kappa,medium,83,5120.0,0.001155,0.00017327723451163456,3
aMEM_10pct-k_1s,kappa,medium,84,5630.0,0.0010073333333333334,0.0005393573336233905,3
aMEM_10pct-k_1s,kappa,medium,85,6140.0,0.001165,0.0007975644174610599,3
aMEM_10pct-k_1s,kappa,medium,86,6650.0,0.0011563333333333332,0.0009733860145560615,3
aMEM_10pct-k_1s,kappa,medium,87,7160.0,0.0016366666666666667,0.0004691836882643442,3
aMEM_10pct-k_1s,kappa,medium,88,7680.0,0.0013656666666666667,0.0006218973655944632,3
aMEM_10pct-k_1s,kappa,medium,89,8190.0,0.0009776666666666666,0.0004980926955229652,3
aMEM_10pct-k_1s,kappa,medium,90,9210.0,0.0010133333333333333,0.00028172563485301324,3
aMEM_10pct-k_1s,kappa,medium,91,10200.0,0.0009473333333333333,0.0004709409021664325,3
aMEM_10pct-k_1s,kappa,medium,92,11300.0,0.0010876666666666667,0.0005703650877581247,3
aMEM_10pct-k_1s,kappa,medium,93,12300.0,0.001036,0.00043119717067717413,3
aMEM_10pct-k_1s,kappa,medium,94,13300.0,0.0011463333333333334,0.0006597896129322842,3
aMEM_10pct-k_1s,kappa,medium,95,14300.0,0.0010763333333333334,0.0005747698089960305,3
aMEM_10pct-k_1s,kappa,medium,96,15400.0,0.001057,0.000569279369027194,3
aMEM_10pct-k_1s,kappa,medium,97,16400.0,0.00099,0.0006039503290834438,3
aMEM_10pct-k_1s,kappa,medium,98,18400.0,0.0010373333333333335,0.0005025677400443978,3
aMEM_10pct-k_1s,kappa,medium,99,20500.0,0.0012563333333333335,0.0006411944582833926,3
aMEM_10pct-k_1s,kappa,medium,100,22500.0,0.0010693333333333334,0.0004324365078636786,3
aMEM_10pct-k_1s,kappa,medium,101,24600.0,0.0009913333333333334,0.0005304878258106715,3
aMEM_10pct-k_1s,kappa,medium,102,26600.0,0.0009166666666666666,0.0003031325342706278,3
aMEM_10pct-k_1s,kappa,medium,103,28700.0,0.0009939999999999999,0.0002892801410397886,3
aMEM_10pct-k_1s,kappa,medium,104,30700.0,0.0013366666666666666,0.00025006665778014737,3
aMEM_10pct-k_1s,kappa,medium,105,32800.0,0.0008283333333333334,0.00043643365284236883,3
aMEM_10pct-k_1s,kappa,medium,106,36900.0,0.0007356666666666666,0.00040528302867666845,3
aMEM_10pct-k_1s,kappa,medium,107,41000.0,0.000736,0.0006407464397091879,3
aMEM_10pct-k_1s,kappa,medium,108,45100.0,0.0007156666666666666,0.0005068533647252756,3
aMEM_10pct-k_1s,kappa,medium,109,49100.0,0.000533,0.00040893398000166234,3
aMEM_10pct-k_1s,kappa,medium,110,53200.0,0.000844,0.0003476506867532409,3
aMEM_10pct-k_1s,kappa,medium,111,57300.0,0.0007556666666666666,0.00031477981722679324,3
aMEM_10pct-k_1s,kappa,medium,112,61400.0,0.000778,0.00037025936855128997,3
aMEM_10pct-k_1s,kappa,medium,113,65500.0,0.0005636666666666666,0.00031588816586465107,3
aMEM_10pct-k_1s,kappa,medium,114,73700.0,0.000377,0.00024361650190411977,3
aMEM_10pct-k_1s,kappa,medium,115,81900.0,0.00040099999999999994,0.00012539138726403817,3
aMEM_10pct-k_1s,kappa,medium,116,90100.0,0.00037466666666666665,0.0003548595966482143,3
aMEM_10pct-k_1s,kappa,medium,117,98300.0,0.00040599999999999995,0.00014473078456223474,3
aMEM_10pct-k_1s,kappa,medium,118,106000.0,0.000422,0.0001669640679906907,3
aMEM_10pct-k_1s,kappa,medium,119,115000.0,0.00034533333333333334,0.00014130227646196408,3
aMEM_10pct-k_1s,kappa,medium,120,123000.0,0.0002866666666666667,9.798639361326312e-05,3
aMEM_10pct-k_1s,kappa,medium,121,131000.0,0.00024166666666666664,0.00010366452302178085,3
aMEM_10pct-k_1s,kappa,medium,122,147000.0,0.000187,3.0643106892089125e-05,3
aMEM_10pct-k_1s,kappa,medium,123,164000.0,0.00013486666666666665,3.8843961349652954e-05,3
aMEM_10pct-k_1s,kappa,medium,124,180000.0,0.00015110000000000001,7.248468803823329e-05,3
aMEM_10pct-k_1s,kappa,medium,125,197000.0,0.0001322,8.563714147494648e-05,3
aMEM_10pct-k_1s,kappa,medium,126,213000.0,9.756666666666668e-05,3.4166406503074526e-05,3
aMEM_10pct-k_1s,kappa,medium,127,229000.0,0.00010776666666666667,6.557258065177345e-05,3
aMEM_10pct-k_1s,kappa,medium,128,246000.0,0.0001157,3.084752826402789e-05,3
aMEM_10pct-k_1s,kappa,medium,129,262000.0,0.000155,5.002999100539595e-05,3
aMEM_10pct-k_1s,kappa,medium,130,295000.0,0.00010409999999999998,0.00012549545808514346,3
aMEM_10pct-k_1s,kappa,medium,131,328000.0,8.256666666666666e-05,6.655827020989452e-05,3
aMEM_10pct-k_1s,kappa,medium,132,360000.0,0.00022663333333333333,0.00016681487743403867,3
aMEM_10pct-k_1s,kappa,medium,133,393000.0,0.0001918,0.00010623050409369241,3
aMEM_10pct-k_1s,kappa,medium,134,426000.0,0.00029966666666666667,0.0001572079302495053,3
aMEM_10pct-k_1s,kappa,medium,135,459000.0,0.0003156666666666666,0.00017545464751135358,3
aMEM_10pct-k_1s,kappa,medium,136,492000.0,0.0003385666666666667,0.00030179622816286713,3
aMEM_10pct-k_1s,kappa,medium,137,524000.0,0.00022026666666666666,0.00012810079364833514,3
aMEM_10pct-k_1s,kappa,medium,138,590000.0,0.000257,0.00016544787698849448,3
aMEM_10pct-k_1s,kappa,medium,139,655000.0,0.0002202333333333333,0.00018875159160476856,3
aMEM_10pct-k_1s,kappa,medium,140,721000.0,0.000292,8.412490713219244e-05,3
aMEM_10pct-k_1s,kappa,medium,141,786000.0,0.000306,0.0002664451162997738,3
aMEM_10pct-k_1s,kappa,medium,142,852000.0,0.00022226666666666668,0.0001292726318032295,3
aMEM_10pct-k_1s,kappa,medium,143,918000.0,0.000246,5.655970296951708e-05,3
aMEM_10pct-k_1s,kappa,medium,144,983000.0,0.00018313333333333333,0.00014315604539569165,3
aMEM_10pct-k_1s,kappa,medium,145,1050000.0,0.00030166666666666666,0.0001776353943709793,3
aMEM_10pct-k_1s,kappa,medium,146,1180000.0,0.00025633333333333335,9.46273392489366e-05,3
aMEM_10pct-k_1s,kappa,medium,147,1310000.0,0.00029800000000000003,0.00014377412840980815,3
aMEM_10pct-k_1s,kappa,medium,148,1440000.0,0.0004523333333333333,0.00033868766339111516,3
aMEM_10pct-k_1s,kappa,medium,149,1570000.0,0.00032,0.00021392288330143643,3
aMEM_10pct-k_1s,kappa,medium,150,1700000.0,0.0003593333333333333,0.00015898532427030283,3
aMEM_10pct-k_1s,kappa,medium,151,1840000.0,0.0004023333333333333,0.0002934779946321927,3
aMEM_10pct-k_1s,kappa,medium,152,1970000.0,0.0002986666666666667,7.718376340483362e-05,3
aMEM_10pct-k_1s,kappa,medium,153,2100000.0,0.00037933333333333336,0.00010163332786706009,3
aMEM_10pct-k_1s,kappa,medium,154,2360000.0,0.000454,5.950630218724736e-05,3
aMEM_10pct-k_1s,kappa,medium,155,2620000.0,0.0003916666666666667,0.0002170860044621332,3
aMEM_10pct-k_1s,kappa,medium,156,2880000.0,0.0004229,0.00037118193652170095,3
aMEM_10pct-k_1s,kappa,medium,157,3150000.0,0.00031766666666666667,5.186842327788009e-05,3
aMEM_10pct-k_1s,kappa,medium,158,3410000.0,0.000451,0.00018232114523554304,3
aMEM_10pct-k_1s,kappa,medium,159,3670000.0,0.00043766666666666666,0.00024584615785757833,3
aMEM_10pct-k_1s,kappa,medium,160,3930000.0,0.00029866666666666664,6.388531390964073e-05,3
aMEM_10pct-k_1s,kappa,medium,161,4190000.0,0.0,0.0,3
aMEM_10pct-k_1s,kappa,medium,162,4720000.0,0.0,0.0,3
aMEM_10pct-k_1s,kappa,medium,163,5240000.0,0.0,0.0,3
aMEM_10pct-k_1s,kappa,medium,164,5770000.0,0.0,0.0,3
aMEM_10pct-k_1s,kappa,medium,165,6290000.0,0.0,0.0,3
aMEM_10pct-k_1s,kappa,medium,166,6820000.0,0.0,0.0,3
aMEM_10pct-k_1s,kappa,medium,167,7340000.0,0.0,0.0,3
aMEM_10pct-k_1s,kappa,medium,168,7860000.0,0.0,0.0,3
aMEM_10pct-k_1s,kappa,medium,169,8390000.0,0.0,0.0,3
aMEM_10pct-k_1s,kappa,medium,170,9440000.0,0.0,0.0,3
aMEM_10pct-k_1s,kappa,medium,171,10500000.0,0.0,0.0,3
aMEM_10pct-k_1s,kappa,medium,172,11500000.0,0.0,0.0,3
aMEM_10pct-k_1s,kappa,medium,173,12600000.0,0.0,0.0,3
aMEM_10pct-k_1s,kappa,medium,174,13600000.0,0.0,0.0,3
aMEM_10pct-k_1s,kappa,medium,175,14700000.0,0.0,0.0,3
aMEM_10pct-k_1s,kappa,medium,176,15700000.0,0.0,0.0,3
aMEM_10pct-k_1s,kappa,medium,177,16800000.0,0.0,0.0,3
aMEM_10pct-k_1s,kappa,medium,178,18900000.0,0.0,0.0,3
aMEM_10pct-k_1s,kappa,medium,179,21000000.0,0.0,0.0,3
aMEM_10pct-k_1s,kappa,medium,180,23100000.0,0.0,0.0,3
aMEM_10pct-k_1s,kappa,medium,181,25200000.0,0.0,0.0,3
aMEM_10pct-k_1s,kappa,medium,182,27300000.0,0.0,0.0,3
aMEM_10pct-k_1s,kappa,medium,183,29400000.0,0.0,0.0,3
aMEM_10pct-k_1s,kappa,medium,184,31500000.0,0.0,0.0,3
aMEM_10pct-k_1s,kappa,medium,185,33600000.0,0.0,0.0,3
aMEM_10pct-k_1s,kappa,medium,186,37700000.0,0.0,0.0,3
aMEM_10pct-k_1s,kappa,medium,187,41900000.0,0.0,0.0,3
aMEM_10pct-k_1s,kappa,medium,188,46100000.0,0.0,0.0,3
aMEM_10pct-k_1s,kappa,medium,189,50300000.0,0.0,0.0,3
aMEM_10pct-k_1s,kappa,medium,190,54500000.0,0.0,0.0,3
aMEM_10pct-k_1s,kappa,medium,191,58700000.0,0.0,0.0,3
aMEM_10pct-k_1s,kappa,medium,192,62900000.0,0.0,0.0,3
i_2S-1mg_mL,iota,water,1,0.5,0.9023333333333333,0.062083277404896504,3
i_2S-1mg_mL,iota,water,2,1.0,0.9129999999999999,0.06323764701504951,3
i_2S-1mg_mL,iota,water,3,1.5,0.91,0.06322183167229492,3
i_2S-1mg_mL,iota,water,4,2.0,0.9086666666666666,0.06350852961085887,3
i_2S-1mg_mL,iota,water,5,2.5,0.9063333333333333,0.06379916404885985,3
i_2S-1mg_mL,iota,water,6,3.0,0.9053333333333334,0.06381483631047985,3
i_2S-1mg_mL,iota,water,7,3.5,0.9033333333333333,0.06379916404885985,3
i_2S-1mg_mL,iota,water,8,4.0,0.9026666666666667,0.06351640208114225,3
i_2S-1mg_mL,iota,water,9,4.5,0.9006666666666666,0.06351640208114225,3
i_2S-1mg_mL,iota,water,10,5.5,0.8976666666666667,0.06350852961085879,3
i_2S-1mg_mL,iota,water,11,6.5,0.894,0.06408587988004846,3
i_2S-1mg_mL,iota,water,12,7.5,0.8929999999999999,0.063221831672295,3
i_2S-1mg_mL,iota,water,13,8.5,0.89,0.06495382975621992,3
i_2S-1mg_mL,iota,water,14,9.5,0.8876666666666666,0.06524824390995766,3
i_2S-1mg_mL,iota,water,15,10.5,0.8849999999999999,0.06409368143584829,3
i_2S-1mg_mL,iota,water,16,11.5,0.883,0.06495382975621987,3
i_2S-1mg_mL,iota,water,17,12.5,0.8816666666666667,0.06437649674635401,3
i_2S-1mg_mL,iota,water,18,14.5,0.878,0.06581793068761736,3
i_2S-1mg_mL,iota,water,19,16.5,0.874,0.06581793068761736,3
i_2S-1mg_mL,iota,water,20,18.5,0.8703333333333333,0.06553116307020143,3
i_2S-1mg_mL,iota,water,21,20.5,0.8673333333333333,0.0655311630702014,3
i_2S-1mg_mL,iota,water,22,22.5,0.8639999999999999,0.06581793068761736,3
i_2S-1mg_mL,iota,water,23,24.5,0.8603333333333333,0.06639528095680698,3
i_2S-1mg_mL,iota,water,24,26.5,0.858,0.06668583057891686,3
i_2S-1mg_mL,iota,water,25,28.5,0.855,0.06668583057891693,3
i_2S-1mg_mL,iota,water,26,32.5,0.8496666666666668,0.06698009654616312,3
i_2S-1mg_mL,iota,water,27,36.5,0.8443333333333335,0.06726316475853138,3
i_2S-1mg_mL,iota,water,28,40.5,0.8390000000000001,0.0675573830162181,3
i_2S-1mg_mL,iota,water,29,44.5,0.8343333333333334,0.06813467056743823,3
i_2S-1mg_mL,iota,water,30,48.5,0.8293333333333334,0.06813467056743823,3
i_2S-1mg_mL,iota,water,31,52.5,0.8250000000000001,0.0684324484437025,3
i_2S-1mg_mL,iota,water,32,56.5,0.82,0.0684324484437025,3
i_2S-1mg_mL,iota,water,33,60.5,0.8163333333333332,0.06900966115938643,3
i_2S-1mg_mL,iota,water,34,68.5,0.8079999999999999,0.06931089380465377,3
i_2S-1mg_mL,iota,water,35,76.5,0.7999999999999999,0.06931089380465377,3
i_2S-1mg_mL,iota,water,36,84.5,0.7926666666666667,0.07046512139586038,3
i_2S-1mg_mL,iota,water,37,92.5,0.7853333333333333,0.07076957915187378,3
i_2S-1mg_mL,iota,water,38,101.0,0.778,0.07107742257566749,3
i_2S-1mg_mL,iota,water,39,109.0,0.7713333333333333,0.07165426249242493,3
i_2S-1mg_mL,iota,water,40,117.0,0.7646666666666667,0.07223111056416984,3
i_2S-1mg_mL,iota,water,41,125.0,0.758,0.07192357054540609,3
i_2S-1mg_mL,iota,water,42,141.0,0.7463333333333333,0.07254194189111103,3
i_2S-1mg_mL,iota,water,43,157.0,0.7343333333333333,0.073432508695627,3
i_2S-1mg_mL,iota,water,44,173.0,0.723,0.07458552138317465,3
i_2S-1mg_mL,iota,water,45,189.0,0.7126666666666667,0.07490215840236737,3
i_2S-1mg_mL,iota,water,46,205.0,0.7023333333333334,0.07516204716034103,3
i_2S-1mg_mL,iota,water,47,221.0,0.6926666666666668,0.07579797710581293,3
i_2S-1mg_mL,iota,water,48,237.0,0.6829999999999999,0.07637407937252011,3
i_2S-1mg_mL,iota,water,49,253.0,0.6743333333333333,0.07695020034628461,3
i_2S-1mg_mL,iota,water,50,285.0,0.6573333333333333,0.07784814277382174,3
i_2S-1mg_mL,iota,water,51,317.0,0.641,0.0781728853247723,3
i_2S-1mg_mL,iota,water,52,349.0,0.6256666666666666,0.07932422916948727,3
i_2S-1mg_mL,iota,water,53,381.0,0.6113333333333334,0.07965132348764412,3
i_2S-1mg_mL,iota,water,54,413.0,0.598,0.07998124780221923,3
i_2S-1mg_mL,iota,water,55,445.0,0.5850000000000001,0.08088881257627663,3
i_2S-1mg_mL,iota,water,56,477.0,0.5723333333333334,0.08146369334454052,3
i_2S-1mg_mL,iota,water,57,509.0,0.5603333333333333,0.08146369334454052,3
i_2S-1mg_mL,iota,water,58,573.0,0.5383333333333333,0.08237313477908523,3
i_2S-1mg_mL,iota,water,59,637.0,0.5183333333333333,0.0832846524476949,3
i_2S-1mg_mL,iota,water,60,701.0,0.4996666666666667,0.0838590086593762,3
i_2S-1mg_mL,iota,water,61,765.0,0.482,0.08443340571124675,3
i_2S-1mg_mL,iota,water,62,829.0,0.4656666666666666,0.08477224388520883,3
i_2S-1mg_mL,iota,water,63,893.0,0.4503333333333333,0.0850078427754365,3
i_2S-1mg_mL,iota,water,64,957.0,0.43566666666666665,0.0855823190462454,3
i_2S-1mg_mL,iota,water,65,1020.0,0.422,0.08524670081592602,3
i_2S-1mg_mL,iota,water,66,1150.0,0.39633333333333337,0.08573408501484886,3
i_2S-1mg_mL,iota,water,67,1280.0,0.37366666666666665,0.08540686935682239,3
i_2S-1mg_mL,iota,water,68,1400.0,0.35366666666666663,0.08540686935682244,3
i_2S-1mg_mL,iota,water,69,1530.0,0.3353333333333333,0.08573408501484886,3
i_2S-1mg_mL,iota,water,70,1660.0,0.31866666666666665,0.08630952052545146,3
i_2S-1mg_mL,iota,water,71,1790.0,0.303,0.08688498144098324,3
i_2S-1mg_mL,iota,water,72,1920.0,0.289,0.08688498144098324,3
i_2S-1mg_mL,iota,water,73,2040.0,0.27699999999999997,0.08688498144098322,3
i_2S-1mg_mL,iota,water,74,2300.0,0.25433333333333336,0.08663909817936316,3
i_2S-1mg_mL,iota,water,75,2560.0,0.23500000000000001,0.08697125962063562,3
i_2S-1mg_mL,iota,water,76,2810.0,0.21866666666666668,0.08639637338067689,3
i_2S-1mg_mL,iota,water,77,3070.0,0.20566666666666666,0.08639637338067688,3
i_2S-1mg_mL,iota,water,78,3320.0,0.19466666666666665,0.08558231904624534,3
i_2S-1mg_mL,iota,water,79,3580.0,0.18533333333333332,0.08511364951248025,3
i_2S-1mg_mL,iota,water,80,3840.0,0.17733333333333334,0.08431093246627827,3
i_2S-1mg_mL,iota,water,81,4090.0,0.171,0.0828190799272728,3
i_2S-1mg_mL,iota,water,82,4600.0,0.16,0.07926537705707329,3
i_2S-1mg_mL,iota,water,83,5120.0,0.15266666666666667,0.0768656837173347,3
i_2S-1mg_mL,iota,water,84,5630.0,0.1462,0.07551503161622858,3
i_2S-1mg_mL,iota,water,85,6140.0,0.14183333333333334,0.07416254670204722,3
i_2S-1mg_mL,iota,water,86,6650.0,0.13943333333333333,0.07365638691473629,3
i_2S-1mg_mL,iota,water,87,7160.0,0.13816666666666666,0.0721012020241919,3
i_2S-1mg_mL,iota,water,88,7680.0,0.13699999999999998,0.0713582510996451,3
i_2S-1mg_mL,iota,water,89,8190.0,0.13570000000000002,0.06984031786869244,3
i_2S-1mg_mL,iota,water,90,9210.0,0.13316666666666666,0.06683250207296845,3
i_2S-1mg_mL,iota,water,91,10200.0,0.13216666666666665,0.06247466153036232,3
i_2S-1mg_mL,iota,water,92,11300.0,0.13053333333333333,0.055952241539846584,3
i_2S-1mg_mL,iota,water,93,12300.0,0.13046666666666665,0.05157376594096395,3
i_2S-1mg_mL,iota,water,94,13300.0,0.12896666666666667,0.05285644079327829,3
i_2S-1mg_mL,iota,water,95,14300.0,0.12806666666666666,0.052769909354985,3
i_2S-1mg_mL,iota,water,96,15400.0,0.12763333333333335,0.05402798657486074,3
i_2S-1mg_mL,iota,water,97,16400.0,0.12626666666666667,0.05438164518781437,3
i_2S-1mg_mL,iota,water,98,18400.0,0.1235,0.05418662196520466,3
i_2S-1mg_mL,iota,water,99,20500.0,0.12096666666666667,0.053011350985740134,3
i_2S-1mg_mL,iota,water,100,22500.0,0.11523333333333334,0.05091407794837624,3
i_2S-1mg_mL,iota,water,101,24600.0,0.11269999999999998,0.051356499101866335,3
i_2S-1mg_mL,iota,water,102,26600.0,0.11186666666666667,0.05042839808414833,3
i_2S-1mg_mL,iota,water,103,28700.0,0.11366666666666668,0.048966553210669575,3
i_2S-1mg_mL,iota,water,104,30700.0,0.11093333333333333,0.04786505336185612,3
i_2S-1mg_mL,iota,water,105,32800.0,0.10886666666666667,0.04519760318128975,3
i_2S-1mg_mL,iota,water,106,36900.0,0.10283333333333333,0.042597926397106856,3
i_2S-1mg_mL,iota,water,107,41000.0,0.09846666666666666,0.04301631473445085,3
i_2S-1mg_mL,iota,water,108,45100.0,0.0994,0.03881120972090408,3
i_2S-1mg_mL,iota,water,109,49100.0,0.09683333333333333,0.03933501408838356,3
i_2S-1mg_mL,iota,water,110,53200.0,0.0934,0.03776519561712875,3
i_2S-1mg_mL,iota,water,111,57300.0,0.0883,0.03360461277860526,3
i_2S-1mg_mL,iota,water,112,61400.0,0.08170000000000001,0.029928080459661964,3
i_2S-1mg_mL,iota,water,113,65500.0,0.08126666666666667,0.028588342612563832,3
i_2S-1mg_mL,iota,water,114,73700.0,0.07086666666666668,0.021824832950868914,3
i_2S-1mg_mL,iota,water,115,81900.0,0.06493333333333333,0.01986764538976205,3
i_2S-1mg_mL,iota,water,116,90100.0,0.058499999999999996,0.011850738373620433,3
i_2S-1mg_mL,iota,water,117,98300.0,0.05206666666666667,0.006470188044665571,3
i_2S-1mg_mL,iota,water,118,106000.0,0.04776666666666667,0.008675444272965696,3
i_2S-1mg_mL,iota,water,119,115000.0,0.04323333333333334,0.0077982904109383695,3
i_2S-1mg_mL,iota,water,120,123000.0,0.0365,0.007299315036357868,3
i_2S-1mg_mL,iota,water,121,131000.0,0.032966666666666665,0.00947065643624207,3
i_2S-1mg_mL,iota,water,122,147000.0,0.024499999999999997,0.015252212954191269,3
i_2S-1mg_mL,iota,water,123,164000.0,0.018446666666666667,0.011630070220481617,3
i_2S-1mg_mL,iota,water,124,180000.0,0.01532,0.014508786992715829,3
i_2S-1mg_mL,iota,water,125,197000.0,0.015783333333333333,0.012737968179161596,3
i_2S-1mg_mL,iota,water,126,213000.0,0.012536666666666668,0.008459328184515207,3
i_2S-1mg_mL,iota,water,127,229000.0,0.012756666666666666,0.007352525643160542,3
i_2S-1mg_mL,iota,water,128,246000.0,0.010543333333333333,0.006718290953310472,3
i_2S-1mg_mL,iota,water,129,262000.0,0.012646666666666667,0.004177383551139796,3
i_2S-1mg_mL,iota,water,130,295000.0,0.014119999999999999,0.008998066458967726,3
i_2S-1mg_mL,iota,water,131,328000.0,0.015336666666666665,0.012662583991165995,3
i_2S-1mg_mL,iota,water,132,360000.0,0.012866666666666665,0.01083493116421758,3
i_2S-1mg_mL,iota,water,133,393000.0,0.012436666666666667,0.007113791769045067,3
i_2S-1mg_mL,iota,water,134,426000.0,0.009463333333333332,0.003466588140136255,3
i_2S-1mg_mL,iota,water,135,459000.0,0.008153333333333334,0.0004772141378179544,3
i_2S-1mg_mL,iota,water,136,492000.0,0.008866666666666667,0.0028360771028541052,3
i_2S-1mg_mL,iota,water,137,524000.0,0.00698,0.0035884815730333627,3
i_2S-1mg_mL,iota,water,138,590000.0,0.006756666666666667,0.0030304510115382716,3
i_2S-1mg_mL,iota,water,139,655000.0,0.010246666666666666,0.005556728653923397,3
i_2S-1mg_mL,iota,water,140,721000.0,0.016546666666666664,0.01680816864900318,3
i_2S-1mg_mL,iota,water,141,786000.0,0.01976,0.02164141400186226,3
i_2S-1mg_mL,iota,water,142,852000.0,0.012790000000000001,0.013743809515560089,3
i_2S-1mg_mL,iota,water,143,918000.0,0.006843333333333334,0.006474907978754087,3
i_2S-1mg_mL,iota,water,144,983000.0,0.007966666666666667,0.0019652565566188377,3
i_2S-1mg_mL,iota,water,145,1050000.0,0.012700000000000001,0.01127874106449829,3
i_2S-1mg_mL,iota,water,146,1180000.0,0.01165,0.011568884993809906,3
i_2S-1mg_mL,iota,water,147,1310000.0,0.004626666666666667,0.00560715019714412,3
i_2S-1mg_mL,iota,water,148,1440000.0,0.009009999999999999,0.013245040581289284,3
i_2S-1mg_mL,iota,water,149,1570000.0,0.01215,0.005847726053775091,3
i_2S-1mg_mL,iota,water,150,1700000.0,0.01214,0.011402898754264196,3
i_2S-1mg_mL,iota,water,151,1840000.0,0.004403666666666667,0.005229208384959747,3
i_2S-1mg_mL,iota,water,152,1970000.0,0.003668,0.00350449026250609,3
i_2S-1mg_mL,iota,water,153,2100000.0,0.006823333333333334,0.003593136976700629,3
i_2S-1mg_mL,iota,water,154,2360000.0,0.02066666666666667,0.01291601073603353,3
i_2S-1mg_mL,iota,water,155,2620000.0,0.014396666666666667,0.008187248214958023,3
i_2S-1mg_mL,iota,water,156,2880000.0,0.007553333333333333,0.0028111444881637323,3
i_2S-1mg_mL,iota,water,157,3150000.0,0.00443,0.00182,3
i_2S-1mg_mL,iota,water,158,3410000.0,0.009996666666666668,0.005545992547176145,3
i_2S-1mg_mL,iota,water,159,3670000.0,0.010363333333333334,0.0067017186850339625,3
i_2S-1mg_mL,iota,water,160,3930000.0,0.005296666666666667,0.0022244624818893517,3
i_2S-1mg_mL,iota,water,161,4190000.0,0.0,0.0,3
i_2S-1mg_mL,iota,water,162,4720000.0,0.0,0.0,3
i_2S-1mg_mL,iota,water,163,5240000.0,0.0,0.0,3
i_2S-1mg_mL,iota,water,164,5770000.0,0.0,0.0,3
i_2S-1mg_mL,iota,water,165,6290000.0,0.0,0.0,3
i_2S-1mg_mL,iota,water,166,6820000.0,0.0,0.0,3
i_2S-1mg_mL,iota,water,167,7340000.0,0.0,0.0,3
i_2S-1mg_mL,iota,water,168,7860000.0,0.0,0.0,3
i_2S-1mg_mL,iota,water,169,8390000.0,0.0,0.0,3
i_2S-1mg_mL,iota,water,170,9440000.0,0.0,0.0,3
i_2S-1mg_mL,iota,water,171,10500000.0,0.0,0.0,3
i_2S-1mg_mL,iota,water,172,11500000.0,0.0,0.0,3
i_2S-1mg_mL,iota,water,173,12600000.0,0.0,0.0,3
i_2S-1mg_mL,iota,water,174,13600000.0,0.0,0.0,3
i_2S-1mg_mL,iota,water,175,14700000.0,0.0,0.0,3
i_2S-1mg_mL,iota,water,176,15700000.0,0.0,0.0,3
i_2S-1mg_mL,iota,water,177,16800000.0,0.0,0.0,3
i_2S-1mg_mL,iota,water,178,18900000.0,0.0,0.0,3
i_2S-1mg_mL,iota,water,179,21000000.0,0.0,0.0,3
i_2S-1mg_mL,iota,water,180,23100000.0,0.0,0.0,3
i_2S-1mg_mL,iota,water,181,25200000.0,0.0,0.0,3
i_2S-1mg_mL,iota,water,182,27300000.0,0.0,0.0,3
i_2S-1mg_mL,iota,water,183,29400000.0,0.0,0.0,3
i_2S-1mg_mL,iota,water,184,31500000.0,0.0,0.0,3
i_2S-1mg_mL,iota,water,185,33600000.0,0.0,0.0,3
i_2S-1mg_mL,iota,water,186,37700000.0,0.0,0.0,3
i_2S-1mg_mL,iota,water,187,41900000.0,0.0,0.0,3
i_2S-1mg_mL,iota,water,188,46100000.0,0.0,0.0,3
i_2S-1mg_mL,iota,water,189,50300000.0,0.0,0.0,3
i_2S-1mg_mL,iota,water,190,54500000.0,0.0,0.0,3
i_2S-1mg_mL,iota,water,191,58700000.0,0.0,0.0,3
i_2S-1mg_mL,iota,water,192,62900000.0,0.0,0.0,3
i_2S-20ug_mL,iota,water,1,0.5,0.294,,1
i_2S-20ug_mL,iota,water,2,1.0,0.3,,1
i_2S-20ug_mL,iota,water,3,1.5,0.299,,1
i_2S-20ug_mL,iota,water,4,2.0,0.298,,1
i_2S-20ug_mL,iota,water,5,2.5,0.299,,1
i_2S-20ug_mL,iota,water,6,3.0,0.297,,1
i_2S-20ug_mL,iota,water,7,3.5,0.296,,1
i_2S-20ug_mL,iota,water,8,4.0,0.299,,1
i_2S-20ug_mL,iota,water,9,4.5,0.298,,1
i_2S-20ug_mL,iota,water,10,5.5,0.295,,1
i_2S-20ug_mL,iota,water,11,6.5,0.295,,1
i_2S-20ug_mL,iota,water,12,7.5,0.293,,1
i_2S-20ug_mL,iota,water,13,8.5,0.295,,1
i_2S-20ug_mL,iota,water,14,9.5,0.294,,1
i_2S-20ug_mL,iota,water,15,10.5,0.293,,1
i_2S-20ug_mL,iota,water,16,11.5,0.293,,1
i_2S-20ug_mL,iota,water,17,12.5,0.293,,1
i_2S-20ug_mL,iota,water,18,14.5,0.292,,1
i_2S-20ug_mL,iota,water,19,16.5,0.291,,1
i_2S-20ug_mL,iota,water,20,18.5,0.291,,1
i_2S-20ug_mL,iota,water,21,20.5,0.29,,1
i_2S-20ug_mL,iota,water,22,22.5,0.289,,1
i_2S-20ug_mL,iota,water,23,24.5,0.288,,1
i_2S-20ug_mL,iota,water,24,26.5,0.287,,1
i_2S-20ug_mL,iota,water,25,28.5,0.287,,1
i_2S-20ug_mL,iota,water,26,32.5,0.285,,1
i_2S-20ug_mL,iota,water,27,36.5,0.284,,1
i_2S-20ug_mL,iota,water,28,40.5,0.283,,1
i_2S-20ug_mL,iota,water,29,44.5,0.281,,1
i_2S-20ug_mL,iota,water,30,48.5,0.28,,1
i_2S-20ug_mL,iota,water,31,52.5,0.279,,1
i_2S-20ug_mL,iota,water,32,56.5,0.278,,1
i_2S-20ug_mL,iota,water,33,60.5,0.277,,1
i_2S-20ug_mL,iota,water,34,68.5,0.274,,1
i_2S-20ug_mL,iota,water,35,76.5,0.272,,1
i_2S-20ug_mL,iota,water,36,84.5,0.269,,1
i_2S-20ug_mL,iota,water,37,92.5,0.267,,1
i_2S-20ug_mL,iota,water,38,101.0,0.266,,1
i_2S-20ug_mL,iota,water,39,109.0,0.264,,1
i_2S-20ug_mL,iota,water,40,117.0,0.261,,1
i_2S-20ug_mL,iota,water,41,125.0,0.259,,1
i_2S-20ug_mL,iota,water,42,141.0,0.256,,1
i_2S-20ug_mL,iota,water,43,157.0,0.252,,1
i_2S-20ug_mL,iota,water,44,173.0,0.248,,1
i_2S-20ug_mL,iota,water,45,189.0,0.246,,1
i_2S-20ug_mL,iota,water,46,205.0,0.242,,1
i_2S-20ug_mL,iota,water,47,221.0,0.239,,1
i_2S-20ug_mL,iota,water,48,237.0,0.236,,1
i_2S-20ug_mL,iota,water,49,253.0,0.233,,1
i_2S-20ug_mL,iota,water,50,285.0,0.227,,1
i_2S-20ug_mL,iota,water,51,317.0,0.222,,1
i_2S-20ug_mL,iota,water,52,349.0,0.217,,1
i_2S-20ug_mL,iota,water,53,381.0,0.211,,1
i_2S-20ug_mL,iota,water,54,413.0,0.207,,1
i_2S-20ug_mL,iota,water,55,445.0,0.202,,1
i_2S-20ug_mL,iota,water,56,477.0,0.197,,1
i_2S-20ug_mL,iota,water,57,509.0,0.193,,1
i_2S-20ug_mL,iota,water,58,573.0,0.185,,1
i_2S-20ug_mL,iota,water,59,637.0,0.177,,1
i_2S-20ug_mL,iota,water,60,701.0,0.169,,1
i_2S-20ug_mL,iota,water,61,765.0,0.162,,1
i_2S-20ug_mL,iota,water,62,829.0,0.156,,1
i_2S-20ug_mL,iota,water,63,893.0,0.149,,1
i_2S-20ug_mL,iota,water,64,957.0,0.143,,1
i_2S-20ug_mL,iota,water,65,1020.0,0.137,,1
i_2S-20ug_mL,iota,water,66,1150.0,0.126,,1
i_2S-20ug_mL,iota,water,67,1280.0,0.117,,1
i_2S-20ug_mL,iota,water,68,1400.0,0.108,,1
i_2S-20ug_mL,iota,water,69,1530.0,0.101,,1
i_2S-20ug_mL,iota,water,70,1660.0,0.0937,,1
i_2S-20ug_mL,iota,water,71,1790.0,0.0879,,1
i_2S-20ug_mL,iota,water,72,1920.0,0.083,,1
i_2S-20ug_mL,iota,water,73,2040.0,0.0788,,1
i_2S-20ug_mL,iota,water,74,2300.0,0.0722,,1
i_2S-20ug_mL,iota,water,75,2560.0,0.0679,,1
i_2S-20ug_mL,iota,water,76,2810.0,0.0649,,1
i_2S-20ug_mL,iota,water,77,3070.0,0.063,,1
i_2S-20ug_mL,iota,water,78,3320.0,0.0618,,1
i_2S-20ug_mL,iota,water,79,3580.0,0.0612,,1
i_2S-20ug_mL,iota,water,80,3840.0,0.0608,,1
i_2S-20ug_mL,iota,water,81,4090.0,0.0609,,1
i_2S-20ug_mL,iota,water,82,4600.0,0.061,,1
i_2S-20ug_mL,iota,water,83,5120.0,0.0613,,1
i_2S-20ug_mL,iota,water,84,5630.0,0.0609,,1
i_2S-20ug_mL,iota,water,85,6140.0,0.0597,,1
i_2S-20ug_mL,iota,water,86,6650.0,0.0582,,1
i_2S-20ug_mL,iota,water,87,7160.0,0.0576,,1
i_2S-20ug_mL,iota,water,88,7680.0,0.0576,,1
i_2S-20ug_mL,iota,water,89,8190.0,0.0575,,1
i_2S-20ug_mL,iota,water,90,9210.0,0.0558,,1
i_2S-20ug_mL,iota,water,91,10200.0,0.0544,,1
i_2S-20ug_mL,iota,water,92,11300.0,0.0541,,1
i_2S-20ug_mL,iota,water,93,12300.0,0.0531,,1
i_2S-20ug_mL,iota,water,94,13300.0,0.0526,,1
i_2S-20ug_mL,iota,water,95,14300.0,0.0529,,1
i_2S-20ug_mL,iota,water,96,15400.0,0.0529,,1
i_2S-20ug_mL,iota,water,97,16400.0,0.0521,,1
i_2S-20ug_mL,iota,water,98,18400.0,0.0492,,1
i_2S-20ug_mL,iota,water,99,20500.0,0.0498,,1
i_2S-20ug_mL,iota,water,100,22500.0,0.049,,1
i_2S-20ug_mL,iota,water,101,24600.0,0.0477,,1
i_2S-20ug_mL,iota,water,102,26600.0,0.0463,,1
i_2S-20ug_mL,iota,water,103,28700.0,0.0462,,1
i_2S-20ug_mL,iota,water,104,30700.0,0.0452,,1
i_2S-20ug_mL,iota,water,105,32800.0,0.0443,,1
i_2S-20ug_mL,iota,water,106,36900.0,0.0417,,1
i_2S-20ug_mL,iota,water,107,41000.0,0.0413,,1
i_2S-20ug_mL,iota,water,108,45100.0,0.0394,,1
i_2S-20ug_mL,iota,water,109,49100.0,0.0402,,1
i_2S-20ug_mL,iota,water,110,53200.0,0.039,,1
i_2S-20ug_mL,iota,water,111,57300.0,0.0391,,1
i_2S-20ug_mL,iota,water,112,61400.0,0.0375,,1
i_2S-20ug_mL,iota,water,113,65500.0,0.0379,,1
i_2S-20ug_mL,iota,water,114,73700.0,0.0358,,1
i_2S-20ug_mL,iota,water,115,81900.0,0.0367,,1
i_2S-20ug_mL,iota,water,116,90100.0,0.0359,,1
i_2S-20ug_mL,iota,water,117,98300.0,0.0362,,1
i_2S-20ug_mL,iota,water,118,106000.0,0.0355,,1
i_2S-20ug_mL,iota,water,119,115000.0,0.0349,,1
i_2S-20ug_mL,iota,water,120,123000.0,0.0338,,1
i_2S-20ug_mL,iota,water,121,131000.0,0.0337,,1
i_2S-20ug_mL,iota,water,122,147000.0,0.0332,,1
i_2S-20ug_mL,iota,water,123,164000.0,0.0316,,1
i_2S-20ug_mL,iota,water,124,180000.0,0.031,,1
i_2S-20ug_mL,iota,water,125,197000.0,0.032,,1
i_2S-20ug_mL,iota,water,126,213000.0,0.0329,,1
i_2S-20ug_mL,iota,water,127,229000.0,0.0319,,1
i_2S-20ug_mL,iota,water,128,246000.0,0.0318,,1
i_2S-20ug_mL,iota,water,129,262000.0,0.0304,,1
i_2S-20ug_mL,iota,water,130,295000.0,0.0291,,1
i_2S-20ug_mL,iota,water,131,328000.0,0.0275,,1
i_2S-20ug_mL,iota,water,132,360000.0,0.0247,,1
i_2S-20ug_mL,iota,water,133,393000.0,0.0209,,1
i_2S-20ug_mL,iota,water,134,426000.0,0.0219,,1
i_2S-20ug_mL,iota,water,135,459000.0,0.0211,,1
i_2S-20ug_mL,iota,water,136,492000.0,0.0182,,1
i_2S-20ug_mL,iota,water,137,524000.0,0.0157,,1
i_2S-20ug_mL,iota,water,138,590000.0,0.0107,,1
i_2S-20ug_mL,iota,water,139,655000.0,0.0092,,1
i_2S-20ug_mL,iota,water,140,721000.0,0.00814,,1
i_2S-20ug_mL,iota,water,141,786000.0,0.00507,,1
i_2S-20ug_mL,iota,water,142,852000.0,0.00238,,1
i_2S-20ug_mL,iota,water,143,918000.0,0.00252,,1
i_2S-20ug_mL,iota,water,144,983000.0,0.00175,,1
i_2S-20ug_mL,iota,water,145,1050000.0,0.00142,,1
i_2S-20ug_mL,iota,water,146,1180000.0,0.00105,,1
i_2S-20ug_mL,iota,water,147,1310000.0,0.000924,,1
i_2S-20ug_mL,iota,water,148,1440000.0,0.00165,,1
i_2S-20ug_mL,iota,water,149,1570000.0,0.00124,,1
i_2S-20ug_mL,iota,water,150,1700000.0,0.0019,,1
i_2S-20ug_mL,iota,water,151,1840000.0,0.00194,,1
i_2S-20ug_mL,iota,water,152,1970000.0,0.00192,,1
i_2S-20ug_mL,iota,water,153,2100000.0,0.00335,,1
i_2S-20ug_mL,iota,water,154,2360000.0,0.00361,,1
i_2S-20ug_mL,iota,water,155,2620000.0,0.0029,,1
i_2S-20ug_mL,iota,water,156,2880000.0,0.00777,,1
i_2S-20ug_mL,iota,water,157,3150000.0,0.0135,,1
i_2S-20ug_mL,iota,water,158,3410000.0,0.0154,,1
i_2S-20ug_mL,iota,water,159,3670000.0,0.0152,,1
i_2S-20ug_mL,iota,water,160,3930000.0,0.0107,,1
i_2S-20ug_mL,iota,water,161,4190000.0,0.0,,1
i_2S-20ug_mL,iota,water,162,4720000.0,0.0,,1
i_2S-20ug_mL,iota,water,163,5240000.0,0.0,,1
i_2S-20ug_mL,iota,water,164,5770000.0,0.0,,1
i_2S-20ug_mL,iota,water,165,6290000.0,0.0,,1
i_2S-20ug_mL,iota,water,166,6820000.0,0.0,,1
i_2S-20ug_mL,iota,water,167,7340000.0,0.0,,1
i_2S-20ug_mL,iota,water,168,7860000.0,0.0,,1
i_2S-20ug_mL,iota,water,169,8390000.0,0.0,,1
i_2S-20ug_mL,iota,water,170,9440000.0,0.0,,1
i_2S-20ug_mL,iota,water,171,10500000.0,0.0,,1
i_2S-20ug_mL,iota,water,172,11500000.0,0.0,,1
i_2S-20ug_mL,iota,water,173,12600000.0,0.0,,1
i_2S-20ug_mL,iota,water,174,13600000.0,0.0,,1
i_2S-20ug_mL,iota,water,175,14700000.0,0.0,,1
i_2S-20ug_mL,iota,water,176,15700000.0,0.0,,1
i_2S-20ug_mL,iota,water,177,16800000.0,0.0,,1
i_2S-20ug_mL,iota,water,178,18900000.0,0.0,,1
i_2S-20ug_mL,iota,water,179,21000000.0,0.0,,1
i_2S-20ug_mL,iota,water,180,23100000.0,0.0,,1
i_2S-20ug_mL,iota,water,181,25200000.0,0.0,,1
i_2S-20ug_mL,iota,water,182,27300000.0,0.0,,1
i_2S-20ug_mL,iota,water,183,29400000.0,0.0,,1
i_2S-20ug_mL,iota,water,184,31500000.0,0.0,,1
i_2S-20ug_mL,iota,water,185,33600000.0,0.0,,1
i_2S-20ug_mL,iota,water,186,37700000.0,0.0,,1
i_2S-20ug_mL,iota,water,187,41900000.0,0.0,,1
i_2S-20ug_mL,iota,water,188,46100000.0,0.0,,1
i_2S-20ug_mL,iota,water,189,50300000.0,0.0,,1
i_2S-20ug_mL,iota,water,190,54500000.0,0.0,,1
i_2S-20ug_mL,iota,water,191,58700000.0,0.0,,1
i_2S-20ug_mL,iota,water,192,62900000.0,0.0,,1
k_1s-100ug_mL,kappa,water,1,0.5,0.08113333333333334,0.009088637595004731,3
k_1s-100ug_mL,kappa,water,2,1.0,0.0872,0.007947326594522219,3
k_1s-100ug_mL,kappa,water,3,1.5,0.08736666666666666,0.008113158036999735,3
k_1s-100ug_mL,kappa,water,4,2.0,0.08739999999999999,0.00972471079261487,3
k_1s-100ug_mL,kappa,water,5,2.5,0.08639999999999999,0.008926925562588714,3
k_1s-100ug_mL,kappa,water,6,3.0,0.08686666666666666,0.0090046284394934,3
k_1s-100ug_mL,kappa,water,7,3.5,0.0863,0.008809653795694818,3
k_1s-100ug_mL,kappa,water,8,4.0,0.08656666666666667,0.00892263040438936,3
k_1s-100ug_mL,kappa,water,9,4.5,0.08660000000000001,0.008615683373940796,3
k_1s-100ug_mL,kappa,water,10,5.5,0.08623333333333333,0.008829684781085529,3
k_1s-100ug_mL,kappa,water,11,6.5,0.08600000000000001,0.009099999999999997,3
k_1s-100ug_mL,kappa,water,12,7.5,0.08523333333333333,0.00884835201228644,3
k_1s-100ug_mL,kappa,water,13,8.5,0.08543333333333332,0.009146766277397344,3
k_1s-100ug_mL,kappa,water,14,9.5,0.08546666666666668,0.009749529903197041,3
k_1s-100ug_mL,kappa,water,15,10.5,0.08543333333333335,0.008955631375471706,3
k_1s-100ug_mL,kappa,water,16,11.5,0.08576666666666666,0.008680053763274348,3
k_1s-100ug_mL,kappa,water,17,12.5,0.08496666666666668,0.008922630404389351,3
k_1s-100ug_mL,kappa,water,18,14.5,0.08460000000000001,0.008627861844049192,3
k_1s-100ug_mL,kappa,water,19,16.5,0.08456666666666666,0.009011844058422964,3
k_1s-100ug_mL,kappa,water,20,18.5,0.08453333333333334,0.009088637595004731,3
k_1s-100ug_mL,kappa,water,21,20.5,0.0842,0.008983874442577661,3
k_1s-100ug_mL,kappa,water,22,22.5,0.08393333333333335,0.009165878754016617,3
k_1s-100ug_mL,kappa,water,23,24.5,0.08376666666666667,0.009112811494447443,3
k_1s-100ug_mL,kappa,water,24,26.5,0.08336666666666666,0.00887937685501259,3
k_1s-100ug_mL,kappa,water,25,28.5,0.08313333333333334,0.00871913604282749,3
k_1s-100ug_mL,kappa,water,26,32.5,0.08283333333333333,0.0085330729126929,3
k_1s-100ug_mL,kappa,water,27,36.5,0.0822,0.009000555538409834,3
k_1s-100ug_mL,kappa,water,28,40.5,0.08193333333333334,0.008967348177322728,3
k_1s-100ug_mL,kappa,water,29,44.5,0.0815,0.008901123524589466,3
k_1s-100ug_mL,kappa,water,30,48.5,0.0813,0.008586035173466277,3
k_1s-100ug_mL,kappa,water,31,52.5,0.08106666666666668,0.00903567005447484,3
k_1s-100ug_mL,kappa,water,32,56.5,0.08053333333333333,0.008768884383622201,3
k_1s-100ug_mL,kappa,water,33,60.5,0.08026666666666667,0.00899462802640183,3
k_1s-100ug_mL,kappa,water,34,68.5,0.07956666666666666,0.008854565677283854,3
k_1s-100ug_mL,kappa,water,35,76.5,0.07883333333333332,0.008967348177322736,3
k_1s-100ug_mL,kappa,water,36,84.5,0.0785,0.009099999999999995,3
k_1s-100ug_mL,kappa,water,37,92.5,0.07803333333333333,0.008967348177322728,3
k_1s-100ug_mL,kappa,water,38,101.0,0.07740000000000001,0.009059801322324895,3
k_1s-100ug_mL,kappa,water,39,109.0,0.07686666666666667,0.009134732252963585,3
k_1s-100ug_mL,kappa,water,40,117.0,0.0764,0.009081299466486057,3
k_1s-100ug_mL,kappa,water,41,125.0,0.07593333333333334,0.009151138362702935,3
k_1s-100ug_mL,kappa,water,42,141.0,0.07513333333333333,0.008990179827641559,3
k_1s-100ug_mL,kappa,water,43,157.0,0.07433333333333333,0.009188217092196575,3
k_1s-100ug_mL,kappa,water,44,173.0,0.0735,0.009007219326740082,3
k_1s-100ug_mL,kappa,water,45,189.0,0.07263333333333333,0.009115005942583554,3
k_1s-100ug_mL,kappa,water,46,205.0,0.07186666666666668,0.00912432645916034,3
k_1s-100ug_mL,kappa,water,47,221.0,0.07106666666666667,0.009025704035327846,3
k_1s-100ug_mL,kappa,water,48,237.0,0.07046666666666666,0.008991292083640334,3
k_1s-100ug_mL,kappa,water,49,253.0,0.06986666666666667,0.009056121318386444,3
k_1s-100ug_mL,kappa,water,50,285.0,0.06846666666666666,0.009188217092196579,3
k_1s-100ug_mL,kappa,water,51,317.0,0.06723333333333333,0.009208872533233017,3
k_1s-100ug_mL,kappa,water,52,349.0,0.06613333333333334,0.009110616517740902,3
k_1s-100ug_mL,kappa,water,53,381.0,0.06496666666666667,0.009121586119383704,3
k_1s-100ug_mL,kappa,water,54,413.0,0.0639,0.009199456505685549,3
k_1s-100ug_mL,kappa,water,55,445.0,0.0629,0.00913290753265355,3
k_1s-100ug_mL,kappa,water,56,477.0,0.06186666666666666,0.009156600533676968,3
k_1s-100ug_mL,kappa,water,57,509.0,0.06093333333333334,0.009113908784562932,3
k_1s-100ug_mL,kappa,water,58,573.0,0.0592,0.009139474820797968,3
k_1s-100ug_mL,kappa,water,59,637.0,0.057499999999999996,0.00911098238391448,3
k_1s-100ug_mL,kappa,water,60,701.0,0.055833333333333325,0.009124874428359731,3
k_1s-100ug_mL,kappa,water,61,765.0,0.054299999999999994,0.009110982383914478,3
k_1s-100ug_mL,kappa,water,62,829.0,0.052833333333333336,0.009097985124923724,3
k_1s-100ug_mL,kappa,water,63,893.0,0.051300000000000005,0.008986656775464388,3
k_1s-100ug_mL,kappa,water,64,957.0,0.0501,0.009031611151948475,3
k_1s-100ug_mL,kappa,water,65,1020.0,0.04883333333333333,0.008975707957221718,3
k_1s-100ug_mL,kappa,water,66,1150.0,0.04646666666666666,0.008895129753597375,3
k_1s-100ug_mL,kappa,water,67,1280.0,0.044199999999999996,0.008815327560561774,3
k_1s-100ug_mL,kappa,water,68,1400.0,0.04206666666666667,0.008775724091682313,3
k_1s-100ug_mL,kappa,water,69,1530.0,0.0402,0.008697125962063559,3
k_1s-100ug_mL,kappa,water,70,1660.0,0.03846666666666667,0.008542443054146354,3
k_1s-100ug_mL,kappa,water,71,1790.0,0.036866666666666666,0.00844768212785811,3
k_1s-100ug_mL,kappa,water,72,1920.0,0.0353,0.008371977066380439,3
k_1s-100ug_mL,kappa,water,73,2040.0,0.0339,0.008296384754819412,3
k_1s-100ug_mL,kappa,water,74,2300.0,0.031233333333333335,0.008145141701243346,3
k_1s-100ug_mL,kappa,water,75,2560.0,0.028833333333333332,0.007900210967647212,3
k_1s-100ug_mL,kappa,water,76,2810.0,0.026833333333333334,0.007540778032360675,3
k_1s-100ug_mL,kappa,water,77,3070.0,0.024933333333333335,0.007256950691119054,3
k_1s-100ug_mL,kappa,water,78,3320.0,0.02323333333333333,0.006992376801441221,3
k_1s-100ug_mL,kappa,water,79,3580.0,0.021766666666666667,0.00673003219407852,3
k_1s-100ug_mL,kappa,water,80,3840.0,0.02033333333333333,0.006429100507328638,3
k_1s-100ug_mL,kappa,water,81,4090.0,0.019100000000000002,0.006128621378417827,3
k_1s-100ug_mL,kappa,water,82,4600.0,0.016866666666666665,0.005896043871388112,3
k_1s-100ug_mL,kappa,water,83,5120.0,0.01502,0.00561259298363956,3
k_1s-100ug_mL,kappa,water,84,5630.0,0.013396666666666666,0.005217282178810469,3
k_1s-100ug_mL,kappa,water,85,6140.0,0.012033333333333333,0.004891148467725482,3
k_1s-100ug_mL,kappa,water,86,6650.0,0.010896666666666666,0.004526812712420664,3
k_1s-100ug_mL,kappa,water,87,7160.0,0.00988,0.004210605657147199,3
k_1s-100ug_mL,kappa,water,88,7680.0,0.00918,0.003947302876648814,3
k_1s-100ug_mL,kappa,water,89,8190.0,0.008626666666666666,0.0039577939983447,3
k_1s-100ug_mL,kappa,water,90,9210.0,0.007676666666666668,0.0037477237536047573,3
k_1s-100ug_mL,kappa,water,91,10200.0,0.006893333333333334,0.003273596391330693,3
k_1s-100ug_mL,kappa,water,92,11300.0,0.006013333333333333,0.0030568829440024907,3
k_1s-100ug_mL,kappa,water,93,12300.0,0.0054466666666666665,0.002920348152760786,3
k_1s-100ug_mL,kappa,water,94,13300.0,0.00514,0.0028276492003075624,3
k_1s-100ug_mL,kappa,water,95,14300.0,0.004876666666666667,0.002780725325042611,3
k_1s-100ug_mL,kappa,water,96,15400.0,0.00485,0.0028026237706834647,3
k_1s-100ug_mL,kappa,water,97,16400.0,0.004633333333333333,0.0029842307774924732,3
k_1s-100ug_mL,kappa,water,98,18400.0,0.00441,0.0031736256868131127,3
k_1s-100ug_mL,kappa,water,99,20500.0,0.0041133333333333326,0.0035128383585547075,3
k_1s-100ug_mL,kappa,water,100,22500.0,0.00369,0.003422148447978258,3
k_1s-100ug_mL,kappa,water,101,24600.0,0.003703333333333333,0.003087107599895626,3
k_1s-100ug_mL,kappa,water,102,26600.0,0.0036866666666666667,0.002626296505220485,3
k_1s-100ug_mL,kappa,water,103,28700.0,0.0037733333333333334,0.0022186557491718564,3
k_1s-100ug_mL,kappa,water,104,30700.0,0.004156666666666667,0.002260405568329129,3
k_1s-100ug_mL,kappa,water,105,32800.0,0.004166666666666667,0.002464433673957028,3
k_1s-100ug_mL,kappa,water,106,36900.0,0.00411,0.0023872368964977064,3
k_1s-100ug_mL,kappa,water,107,41000.0,0.003586666666666667,0.002473667991734811,3
k_1s-100ug_mL,kappa,water,108,45100.0,0.0038499999999999997,0.0020602912415481458,3
k_1s-100ug_mL,kappa,water,109,49100.0,0.00365,0.0017760349095668135,3
k_1s-100ug_mL,kappa,water,110,53200.0,0.0035033333333333336,0.0016517970012484384,3
k_1s-100ug_mL,kappa,water,111,57300.0,0.003316666666666667,0.002276232267000302,3
k_1s-100ug_mL,kappa,water,112,61400.0,0.003076666666666667,0.002153702238781706,3
k_1s-100ug_mL,kappa,water,113,65500.0,0.00362,0.0024990398156091876,3
k_1s-100ug_mL,kappa,water,114,73700.0,0.0039633333333333335,0.002696114488172439,3
k_1s-100ug_mL,kappa,water,115,81900.0,0.004646666666666666,0.002447617889568005,3
k_1s-100ug_mL,kappa,water,116,90100.0,0.0039000000000000003,0.002263360333663202,3
k_1s-100ug_mL,kappa,water,117,98300.0,0.004556666666666666,0.0021232365231724265,3
k_1s-100ug_mL,kappa,water,118,106000.0,0.00429,0.001821208390053154,3
k_1s-100ug_mL,kappa,water,119,115000.0,0.004406666666666667,0.002345087063060417,3
k_1s-100ug_mL,kappa,water,120,123000.0,0.00422,0.0023797268750846176,3
k_1s-100ug_mL,kappa,water,121,131000.0,0.004113333333333333,0.0023382543346123262,3
k_1s-100ug_mL,kappa,water,122,147000.0,0.0029600000000000004,0.002255415704476671,3
k_1s-100ug_mL,kappa,water,123,164000.0,0.0035266666666666662,0.0021465398513266258,3
k_1s-100ug_mL,kappa,water,124,180000.0,0.00299,0.002179380645963435,3
k_1s-100ug_mL,kappa,water,125,197000.0,0.0030433333333333337,0.0020283572992284503,3
k_1s-100ug_mL,kappa,water,126,213000.0,0.00265,0.0012386686401132468,3
k_1s-100ug_mL,kappa,water,127,229000.0,0.0027366666666666668,0.0010150041050820107,3
k_1s-100ug_mL,kappa,water,128,246000.0,0.0022733333333333334,0.0008220908303425683,3
k_1s-100ug_mL,kappa,water,129,262000.0,0.0021466666666666665,0.001018642888029624,3
k_1s-100ug_mL,kappa,water,130,295000.0,0.00209,0.0007689603370785777,3
k_1s-100ug_mL,kappa,water,131,328000.0,0.0023599999999999997,0.0012388704532758864,3
k_1s-100ug_mL,kappa,water,132,360000.0,0.0017013333333333333,0.0008084957225201214,3
k_1s-100ug_mL,kappa,water,133,393000.0,0.0013076666666666668,0.0008525821563540568,3
k_1s-100ug_mL,kappa,water,134,426000.0,0.0010483333333333334,0.0006584134972290083,3
k_1s-100ug_mL,kappa,water,135,459000.0,0.0012126666666666666,0.0009078112872912152,3
k_1s-100ug_mL,kappa,water,136,492000.0,0.001129,0.000607192720641478,3
k_1s-100ug_mL,kappa,water,137,524000.0,0.0006173333333333333,0.0003647140432357017,3
k_1s-100ug_mL,kappa,water,138,590000.0,0.00046766666666666663,0.00031580426427351056,3
k_1s-100ug_mL,kappa,water,139,655000.0,0.0005073333333333333,0.00039179756677821945,3
k_1s-100ug_mL,kappa,water,140,721000.0,0.0003061333333333333,0.0002851193668156082,3
k_1s-100ug_mL,kappa,water,141,786000.0,0.00021806666666666666,0.00017873559615625906,3
k_1s-100ug_mL,kappa,water,142,852000.0,0.00032900000000000003,0.0002969057089380398,3
k_1s-100ug_mL,kappa,water,143,918000.0,0.00033266666666666666,0.0002888621355133506,3
k_1s-100ug_mL,kappa,water,144,983000.0,0.00020146666666666664,0.00023296663566556766,3
k_1s-100ug_mL,kappa,water,145,1050000.0,0.0004943333333333333,0.00020621913910530553,3
k_1s-100ug_mL,kappa,water,146,1180000.0,0.0003676666666666667,0.00015040057624003087,3
k_1s-100ug_mL,kappa,water,147,1310000.0,0.0003565666666666667,0.0002544607304346455,3
k_1s-100ug_mL,kappa,water,148,1440000.0,0.0003966666666666667,4.3247350593225175e-05,3
k_1s-100ug_mL,kappa,water,149,1570000.0,0.00031433333333333335,6.86245825731081e-05,3
k_1s-100ug_mL,kappa,water,150,1700000.0,0.000348,0.0001610248428038357,3
k_1s-100ug_mL,kappa,water,151,1840000.0,0.0005966666666666667,0.00041536770858280895,3
k_1s-100ug_mL,kappa,water,152,1970000.0,0.0007206666666666667,0.00022856581838353118,3
k_1s-100ug_mL,kappa,water,153,2100000.0,0.0006636666666666666,0.00010920775308252303,3
k_1s-100ug_mL,kappa,water,154,2360000.0,0.0003483333333333333,0.0003266715986022252,3
k_1s-100ug_mL,kappa,water,155,2620000.0,0.0003983333333333333,0.00030093243981553963,3
k_1s-100ug_mL,kappa,water,156,2880000.0,0.0005936666666666667,0.00022839950379397353,3
k_1s-100ug_mL,kappa,water,157,3150000.0,0.000516,0.00010050373127401794,3
k_1s-100ug_mL,kappa,water,158,3410000.0,0.0006389999999999999,0.00024941531628991826,3
k_1s-100ug_mL,kappa,water,159,3670000.0,0.0004980000000000001,0.0004253527947480773,3
k_1s-100ug_mL,kappa,water,160,3930000.0,0.0005210000000000001,0.0001871576875257867,3
k_1s-100ug_mL,kappa,water,161,4190000.0,0.0,0.0,3
k_1s-100ug_mL,kappa,water,162,4720000.0,0.0,0.0,3
k_1s-100ug_mL,kappa,water,163,5240000.0,0.0,0.0,3
k_1s-100ug_mL,kappa,water,164,5770000.0,0.0,0.0,3
k_1s-100ug_mL,kappa,water,165,6290000.0,0.0,0.0,3
k_1s-100ug_mL,kappa,water,166,6820000.0,0.0,0.0,3
k_1s-100ug_mL,kappa,water,167,7340000.0,0.0,0.0,3
k_1s-100ug_mL,kappa,water,168,7860000.0,0.0,0.0,3
k_1s-100ug_mL,kappa,water,169,8390000.0,0.0,0.0,3
k_1s-100ug_mL,kappa,water,170,9440000.0,0.0,0.0,3
k_1s-100ug_mL,kappa,water,171,10500000.0,0.0,0.0,3
k_1s-100ug_mL,kappa,water,172,11500000.0,0.0,0.0,3
k_1s-100ug_mL,kappa,water,173,12600000.0,0.0,0.0,3
k_1s-100ug_mL,kappa,water,174,13600000.0,0.0,0.0,3
k_1s-100ug_mL,kappa,water,175,14700000.0,0.0,0.0,3
k_1s-100ug_mL,kappa,water,176,15700000.0,0.0,0.0,3
k_1s-100ug_mL,kappa,water,177,16800000.0,0.0,0.0,3
k_1s-100ug_mL,kappa,water,178,18900000.0,0.0,0.0,3
k_1s-100ug_mL,kappa,water,179,21000000.0,0.0,0.0,3
k_1s-100ug_mL,kappa,water,180,23100000.0,0.0,0.0,3
k_1s-100ug_mL,kappa,water,181,25200000.0,0.0,0.0,3
k_1s-100ug_mL,kappa,water,182,27300000.0,0.0,0.0,3
k_1s-100ug_mL,kappa,water,183,29400000.0,0.0,0.0,3
k_1s-100ug_mL,kappa,water,184,31500000.0,0.0,0.0,3
k_1s-100ug_mL,kappa,water,185,33600000.0,0.0,0.0,3
k_1s-100ug_mL,kappa,water,186,37700000.0,0.0,0.0,3
k_1s-100ug_mL,kappa,water,187,41900000.0,0.0,0.0,3
k_1s-100ug_mL,kappa,water,188,46100000.0,0.0,0.0,3
k_1s-100ug_mL,kappa,water,189,50300000.0,0.0,0.0,3
k_1s-100ug_mL,kappa,water,190,54500000.0,0.0,0.0,3
k_1s-100ug_mL,kappa,water,191,58700000.0,0.0,0.0,3
k_1s-100ug_mL,kappa,water,192,62900000.0,0.0,0.0,3
k_1s-1mg_mL,kappa,water,1,0.5,0.8140000000000001,0.01931320791582798,3
k_1s-1mg_mL,kappa,water,2,1.0,0.8236666666666667,0.020207259421636887,3
k_1s-1mg_mL,kappa,water,3,1.5,0.8216666666666667,0.018583146486355093,3
k_1s-1mg_mL,kappa,water,4,2.0,0.8223333333333334,0.018770544300401447,3
k_1s-1mg_mL,kappa,water,5,2.5,0.8203333333333332,0.018175074506954107,3
k_1s-1mg_mL,kappa,water,6,3.0,0.819,0.01997498435543812,3
k_1s-1mg_mL,kappa,water,7,3.5,0.8166666666666668,0.019295940851208337,3
k_1s-1mg_mL,kappa,water,8,4.0,0.8163333333333332,0.018770544300401447,3
k_1s-1mg_mL,kappa,water,9,4.5,0.815,0.0183303027798233,3
k_1s-1mg_mL,kappa,water,10,5.5,0.8130000000000001,0.0183303027798233,3
k_1s-1mg_mL,kappa,water,11,6.5,0.8119999999999999,0.0183303027798233,3
k_1s-1mg_mL,kappa,water,12,7.5,0.8093333333333333,0.019425069712444593,3
k_1s-1mg_mL,kappa,water,13,8.5,0.8066666666666666,0.018876793513023623,3
k_1s-1mg_mL,kappa,water,14,9.5,0.8056666666666666,0.01921804707386612,3
k_1s-1mg_mL,kappa,water,15,10.5,0.805,0.018999999999999986,3
k_1s-1mg_mL,kappa,water,16,11.5,0.8013333333333333,0.019425069712444613,3
k_1s-1mg_mL,kappa,water,17,12.5,0.7999999999999999,0.018330302779823365,3
k_1s-1mg_mL,kappa,water,18,14.5,0.797,0.01931320791582795,3
k_1s-1mg_mL,kappa,water,19,16.5,0.794,0.019313207915827958,3
k_1s-1mg_mL,kappa,water,20,18.5,0.7913333333333333,0.019139836293274197,3
k_1s-1mg_mL,kappa,water,21,20.5,0.7886666666666667,0.018230011885167048,3
k_1s-1mg_mL,kappa,water,22,22.5,0.786,0.018681541692269422,3
k_1s-1mg_mL,kappa,water,23,24.5,0.783,0.019672315572906045,3
k_1s-1mg_mL,kappa,water,24,26.5,0.7816666666666667,0.018230011885167145,3
k_1s-1mg_mL,kappa,water,25,28.5,0.7793333333333333,0.018770544300401523,3
k_1s-1mg_mL,kappa,water,26,32.5,0.7743333333333333,0.018770544300401426,3
k_1s-1mg_mL,kappa,water,27,36.5,0.7696666666666667,0.018230011885167145,3
k_1s-1mg_mL,kappa,water,28,40.5,0.766,0.018681541692269422,3
k_1s-1mg_mL,kappa,water,29,44.5,0.7613333333333333,0.019139836293274197,3
k_1s-1mg_mL,kappa,water,30,48.5,0.758,0.018681541692269422,3
k_1s-1mg_mL,kappa,water,31,52.5,0.754,0.018681541692269422,3
k_1s-1mg_mL,kappa,water,32,56.5,0.7506666666666666,0.018610033136277106,3
k_1s-1mg_mL,kappa,water,33,60.5,0.747,0.018681541692269422,3
k_1s-1mg_mL,kappa,water,34,68.5,0.7403333333333334,0.018556220879622377,3
k_1s-1mg_mL,kappa,water,35,76.5,0.7336666666666667,0.018610033136277203,3
k_1s-1mg_mL,kappa,water,36,84.5,0.7276666666666666,0.018610033136277203,3
k_1s-1mg_mL,kappa,water,37,92.5,0.722,0.01907878402833893,3
k_1s-1mg_mL,kappa,water,38,101.0,0.7159999999999999,0.01852025917745218,3
k_1s-1mg_mL,kappa,water,39,109.0,0.7103333333333333,0.018556220879622377,3
k_1s-1mg_mL,kappa,water,40,117.0,0.7046666666666667,0.019035055380358913,3
k_1s-1mg_mL,kappa,water,41,125.0,0.7000000000000001,0.018520259177452147,3
k_1s-1mg_mL,kappa,water,42,141.0,0.6890000000000001,0.018520259177452054,3
k_1s-1mg_mL,kappa,water,43,157.0,0.6796666666666668,0.018502252115170575,3
k_1s-1mg_mL,kappa,water,44,173.0,0.6703333333333333,0.019008769905844273,3
k_1s-1mg_mL,kappa,water,45,189.0,0.6613333333333333,0.01900876990584434,3
k_1s-1mg_mL,kappa,water,46,205.0,0.653,0.019000000000000045,3
k_1s-1mg_mL,kappa,water,47,221.0,0.6446666666666667,0.01850225211517059,3
k_1s-1mg_mL,kappa,water,48,237.0,0.6366666666666667,0.01950213663508016,3
k_1s-1mg_mL,kappa,water,49,253.0,0.629,0.019000000000000045,3
k_1s-1mg_mL,kappa,water,50,285.0,0.6133333333333333,0.019502136635080103,3
k_1s-1mg_mL,kappa,water,51,317.0,0.5993333333333334,0.02003330560175563,3
k_1s-1mg_mL,kappa,water,52,349.0,0.5856666666666667,0.020008331597945187,3
k_1s-1mg_mL,kappa,water,53,381.0,0.5723333333333334,0.02103172207246315,3
k_1s-1mg_mL,kappa,water,54,413.0,0.5596666666666666,0.021548395145192,3
k_1s-1mg_mL,kappa,water,55,445.0,0.5476666666666666,0.021548395145192,3
k_1s-1mg_mL,kappa,water,56,477.0,0.536,0.022068076490713903,3
k_1s-1mg_mL,kappa,water,57,509.0,0.524,0.022649503305812238,3
k_1s-1mg_mL,kappa,water,58,573.0,0.5026666666666667,0.023713568549109946,3
k_1s-1mg_mL,kappa,water,59,637.0,0.48133333333333334,0.024785748593361735,3
k_1s-1mg_mL,kappa,water,60,701.0,0.46166666666666667,0.02596792893808307,3
k_1s-1mg_mL,kappa,water,61,765.0,0.4423333333333333,0.027061657993059696,3
k_1s-1mg_mL,kappa,water,62,829.0,0.424,0.029137604568666927,3
k_1s-1mg_mL,kappa,water,63,893.0,0.4066666666666667,0.03023794525647092,3
k_1s-1mg_mL,kappa,water,64,957.0,0.38999999999999996,0.03244996147917587,3
k_1s-1mg_mL,kappa,water,65,1020.0,0.37433333333333335,0.03397548135543236,3
k_1s-1mg_mL,kappa,water,66,1150.0,0.34366666666666673,0.03690979996333406,3
k_1s-1mg_mL,kappa,water,67,1280.0,0.3153333333333333,0.039715656022950595,3
k_1s-1mg_mL,kappa,water,68,1400.0,0.289,0.04253234063627346,3
k_1s-1mg_mL,kappa,water,69,1530.0,0.26466666666666666,0.04535783651513083,3
k_1s-1mg_mL,kappa,water,70,1660.0,0.24233333333333332,0.04819059382631982,3
k_1s-1mg_mL,kappa,water,71,1790.0,0.22133333333333335,0.04989321931218044,3
k_1s-1mg_mL,kappa,water,72,1920.0,0.20233333333333334,0.05236729259120939,3
k_1s-1mg_mL,kappa,water,73,2040.0,0.18499999999999997,0.053507008886686996,3
k_1s-1mg_mL,kappa,water,74,2300.0,0.15366666666666667,0.05529315810598389,3
k_1s-1mg_mL,kappa,water,75,2560.0,0.12860000000000002,0.05524382318413525,3
k_1s-1mg_mL,kappa,water,76,2810.0,0.10760000000000002,0.05333179164438412,3
k_1s-1mg_mL,kappa,water,77,3070.0,0.0914,0.05079251913421897,3
k_1s-1mg_mL,kappa,water,78,3320.0,0.07906666666666667,0.046712881877843226,3
k_1s-1mg_mL,kappa,water,79,3580.0,0.0702,0.0422716216864222,3
k_1s-1mg_mL,kappa,water,80,3840.0,0.06373333333333334,0.03754055584742097,3
k_1s-1mg_mL,kappa,water,81,4090.0,0.0594,0.03250830663076747,3
k_1s-1mg_mL,kappa,water,82,4600.0,0.0542,0.02400645746460731,3
k_1s-1mg_mL,kappa,water,83,5120.0,0.05136666666666667,0.017524363992263266,3
k_1s-1mg_mL,kappa,water,84,5630.0,0.0502,0.012901162738296112,3
k_1s-1mg_mL,kappa,water,85,6140.0,0.05003333333333334,0.010526791217333673,3
k_1s-1mg_mL,kappa,water,86,6650.0,0.050133333333333335,0.008804733575374856,3
k_1s-1mg_mL,kappa,water,87,7160.0,0.049833333333333334,0.009351648695996516,3
k_1s-1mg_mL,kappa,water,88,7680.0,0.04836666666666667,0.009664539995950835,3
k_1s-1mg_mL,kappa,water,89,8190.0,0.0468,0.01076429282396201,3
k_1s-1mg_mL,kappa,water,90,9210.0,0.04326666666666667,0.012397714843201277,3
k_1s-1mg_mL,kappa,water,91,10200.0,0.041166666666666664,0.012716262553648902,3
k_1s-1mg_mL,kappa,water,92,11300.0,0.039433333333333334,0.010300647228855734,3
k_1s-1mg_mL,kappa,water,93,12300.0,0.03863333333333333,0.009916820727094612,3
k_1s-1mg_mL,kappa,water,94,13300.0,0.03833333333333333,0.00932541330630087,3
k_1s-1mg_mL,kappa,water,95,14300.0,0.0386,0.007824960063795855,3
k_1s-1mg_mL,kappa,water,96,15400.0,0.0358,0.0081504601097116,3
k_1s-1mg_mL,kappa,water,97,16400.0,0.034866666666666664,0.007731321577410509,3
k_1s-1mg_mL,kappa,water,98,18400.0,0.0342,0.00667757440991862,3
k_1s-1mg_mL,kappa,water,99,20500.0,0.03326666666666667,0.005008326400438909,3
k_1s-1mg_mL,kappa,water,100,22500.0,0.032633333333333334,0.004801388688008224,3
k_1s-1mg_mL,kappa,water,101,24600.0,0.033466666666666665,0.006127261487266016,3
k_1s-1mg_mL,kappa,water,102,26600.0,0.03093333333333333,0.004697162263892247,3
k_1s-1mg_mL,kappa,water,103,28700.0,0.031,0.00710211236182588,3
k_1s-1mg_mL,kappa,water,104,30700.0,0.03333333333333333,0.009722311110704764,3
k_1s-1mg_mL,kappa,water,105,32800.0,0.033466666666666665,0.011676186592091329,3
k_1s-1mg_mL,kappa,water,106,36900.0,0.031966666666666664,0.011318274308980737,3
k_1s-1mg_mL,kappa,water,107,41000.0,0.028300000000000002,0.005450688029964656,3
k_1s-1mg_mL,kappa,water,108,45100.0,0.026366666666666667,0.005208006656421757,3
k_1s-1mg_mL,kappa,water,109,49100.0,0.024166666666666666,0.006603282012252192,3
k_1s-1mg_mL,kappa,water,110,53200.0,0.023299999999999998,0.007068238818828917,3
k_1s-1mg_mL,kappa,water,111,57300.0,0.022199999999999998,0.007804485889538144,3
k_1s-1mg_mL,kappa,water,112,61400.0,0.021966666666666666,0.008468962943202273,3
k_1s-1mg_mL,kappa,water,113,65500.0,0.02036666666666667,0.009063295942058461,3
k_1s-1mg_mL,kappa,water,114,73700.0,0.021733333333333337,0.00817700026497085,3
k_1s-1mg_mL,kappa,water,115,81900.0,0.018343333333333333,0.010339324607213634,3
k_1s-1mg_mL,kappa,water,116,90100.0,0.01804333333333333,0.008049449256522666,3
k_1s-1mg_mL,kappa,water,117,98300.0,0.016566666666666667,0.0074231619498252455,3
k_1s-1mg_mL,kappa,water,118,106000.0,0.01384,0.008744987135496542,3
k_1s-1mg_mL,kappa,water,119,115000.0,0.013436666666666666,0.009293655541999247,3
k_1s-1mg_mL,kappa,water,120,123000.0,0.012060000000000001,0.007749141887977014,3
k_1s-1mg_mL,kappa,water,121,131000.0,0.01136,0.006917918762171177,3
k_1s-1mg_mL,kappa,water,122,147000.0,0.01041,0.0073190368218775895,3
k_1s-1mg_mL,kappa,water,123,164000.0,0.008243333333333333,0.004641296514265527,3
k_1s-1mg_mL,kappa,water,124,180000.0,0.007656666666666667,0.005003642006911899,3
k_1s-1mg_mL,kappa,water,125,197000.0,0.008306666666666667,0.007003722819567701,3
k_1s-1mg_mL,kappa,water,126,213000.0,0.004775666666666667,0.006038123577183008,3
k_1s-1mg_mL,kappa,water,127,229000.0,0.0035033333333333327,0.0034288530638295557,3
k_1s-1mg_mL,kappa,water,128,246000.0,0.003256666666666667,0.0020416251696463122,3
k_1s-1mg_mL,kappa,water,129,262000.0,0.003594,0.004193791601880094,3
k_1s-1mg_mL,kappa,water,130,295000.0,0.003856333333333333,0.0041197451782037835,3
k_1s-1mg_mL,kappa,water,131,328000.0,0.002957333333333334,0.0038924046980412168,3
k_1s-1mg_mL,kappa,water,132,360000.0,0.0022153333333333335,0.0012344332032691496,3
k_1s-1mg_mL,kappa,water,133,393000.0,0.001548,0.001847399253004071,3
k_1s-1mg_mL,kappa,water,134,426000.0,0.0010373333333333335,0.0007404764232123352,3
k_1s-1mg_mL,kappa,water,135,459000.0,0.001333,0.0004823764090417358,3
k_1s-1mg_mL,kappa,water,136,492000.0,0.001138,0.0006259424893710286,3
k_1s-1mg_mL,kappa,water,137,524000.0,0.00151,0.0010525682875709302,3
k_1s-1mg_mL,kappa,water,138,590000.0,0.002043333333333333,0.00038888730158406206,3
k_1s-1mg_mL,kappa,water,139,655000.0,0.003113333333333334,0.0006216376221990858,3
k_1s-1mg_mL,kappa,water,140,721000.0,0.001712333333333333,0.000746656770767756,3
k_1s-1mg_mL,kappa,water,141,786000.0,0.002174,0.0018663515210163386,3
k_1s-1mg_mL,kappa,water,142,852000.0,0.002676,0.0029154738894389023,3
k_1s-1mg_mL,kappa,water,143,918000.0,0.0012063333333333333,0.0014321076542401878,3
k_1s-1mg_mL,kappa,water,144,983000.0,0.00114,0.0007258098924649622,3
k_1s-1mg_mL,kappa,water,145,1050000.0,0.0007916,0.001358294401078058,3
k_1s-1mg_mL,kappa,water,146,1180000.0,0.0010872,0.000980065059064958,3
k_1s-1mg_mL,kappa,water,147,1310000.0,0.0015646666666666665,0.00102986665803556,3
k_1s-1mg_mL,kappa,water,148,1440000.0,0.0018713333333333334,0.0013967338090464245,3
k_1s-1mg_mL,kappa,water,149,1570000.0,0.0016366666666666665,0.001182765121794405,3
k_1s-1mg_mL,kappa,water,150,1700000.0,0.0015136666666666666,0.0007808331020988629,3
k_1s-1mg_mL,kappa,water,151,1840000.0,0.0009988999999999998,0.0010513737346919028,3
k_1s-1mg_mL,kappa,water,152,1970000.0,0.0013963333333333334,0.0009282943139615438,3
k_1s-1mg_mL,kappa,water,153,2100000.0,0.0033566666666666662,0.0017878571904191157,3
k_1s-1mg_mL,kappa,water,154,2360000.0,0.0039566666666666665,0.0008799052979345751,3
k_1s-1mg_mL,kappa,water,155,2620000.0,0.00261,0.0010311643903859362,3
k_1s-1mg_mL,kappa,water,156,2880000.0,0.002266666666666667,0.0016750621879002977,3
k_1s-1mg_mL,kappa,water,157,3150000.0,0.0036433333333333335,0.001873214705615278,3
k_1s-1mg_mL,kappa,water,158,3410000.0,0.0027633333333333334,0.0011193897146808765,3
k_1s-1mg_mL,kappa,water,159,3670000.0,0.004383333333333334,0.003546354936175077,3
k_1s-1mg_mL,kappa,water,160,3930000.0,0.002675,0.0021879842321186867,3
k_1s-1mg_mL,kappa,water,161,4190000.0,0.0,0.0,3
k_1s-1mg_mL,kappa,water,162,4720000.0,0.0,0.0,3
k_1s-1mg_mL,kappa,water,163,5240000.0,0.0,0.0,3
k_1s-1mg_mL,kappa,water,164,5770000.0,0.0,0.0,3
k_1s-1mg_mL,kappa,water,165,6290000.0,0.0,0.0,3
k_1s-1mg_mL,kappa,water,166,6820000.0,0.0,0.0,3
k_1s-1mg_mL,kappa,water,167,7340000.0,0.0,0.0,3
k_1s-1mg_mL,kappa,water,168,7860000.0,0.0,0.0,3
k_1s-1mg_mL,kappa,water,169,8390000.0,0.0,0.0,3
k_1s-1mg_mL,kappa,water,170,9440000.0,0.0,0.0,3
k_1s-1mg_mL,kappa,water,171,10500000.0,0.0,0.0,3
k_1s-1mg_mL,kappa,water,172,11500000.0,0.0,0.0,3
k_1s-1mg_mL,kappa,water,173,12600000.0,0.0,0.0,3
k_1s-1mg_mL,kappa,water,174,13600000.0,0.0,0.0,3
k_1s-1mg_mL,kappa,water,175,14700000.0,0.0,0.0,3
k_1s-1mg_mL,kappa,water,176,15700000.0,0.0,0.0,3
k_1s-1mg_mL,kappa,water,177,16800000.0,0.0,0.0,3
k_1s-1mg_mL,kappa,water,178,18900000.0,0.0,0.0,3
k_1s-1mg_mL,kappa,water,179,21000000.0,0.0,0.0,3
k_1s-1mg_mL,kappa,water,180,23100000.0,0.0,0.0,3
k_1s-1mg_mL,kappa,water,181,25200000.0,0.0,0.0,3
k_1s-1mg_mL,kappa,water,182,27300000.0,0.0,0.0,3
k_1s-1mg_mL,kappa,water,183,29400000.0,0.0,0.0,3
k_1s-1mg_mL,kappa,water,184,31500000.0,0.0,0.0,3
k_1s-1mg_mL,kappa,water,185,33600000.0,0.0,0.0,3
k_1s-1mg_mL,kappa,water,186,37700000.0,0.0,0.0,3
k_1s-1mg_mL,kappa,water,187,41900000.0,0.0,0.0,3
k_1s-1mg_mL,kappa,water,188,46100000.0,0.0,0.0,3
k_1s-1mg_mL,kappa,water,189,50300000.0,0.0,0.0,3
k_1s-1mg_mL,kappa,water,190,54500000.0,0.0,0.0,3
k_1s-1mg_mL,kappa,water,191,58700000.0,0.0,0.0,3
k_1s-1mg_mL,kappa,water,192,62900000.0,0.0,0.0,3
,,,1,0.5,0.7289294117647058,0.3164280936577572,17
,,,2,1.0,0.728635294117647,0.31861174833403516,17
,,,3,1.5,0.7213294117647058,0.3130175469616397,17
,,,4,2.0,0.7141176470588235,0.32229390165517807,17
,,,5,2.5,0.7130529411764706,0.31422907272730005,17
,,,6,3.0,0.7093941176470588,0.31527748189211874,17
,,,7,3.5,0.7051235294117647,0.31463655526935314,17
,,,8,4.0,0.7015941176470588,0.31398833670732945,17
,,,9,4.5,0.6965117647058824,0.3132674174773706,17
,,,10,5.5,0.689535294117647,0.31376667872237585,17
,,,11,6.5,0.6835588235294118,0.3114956802646377,17
,,,12,7.5,0.6790411764705881,0.3150401424001859,17
,,,13,8.5,0.6719470588235295,0.31438507064913057,17
,,,14,9.5,0.6654,0.3181677309219148,17
,,,15,10.5,0.6627764705882352,0.31405031350368795,17
,,,16,11.5,0.6559764705882353,0.31999532717176465,17
,,,17,12.5,0.652264705882353,0.32025790962358847,17
,,,18,14.5,0.6431882352941176,0.32005403817627603,17
,,,19,16.5,0.6358470588235294,0.3253335694284542,17
,,,20,18.5,0.629370588235294,0.32256899603942457,17
,,,21,20.5,0.6230176470588236,0.32781256503391937,17
,,,22,22.5,0.6174235294117647,0.3291334598787621,17
,,,23,24.5,0.6112117647058823,0.33389418586273883,17
,,,24,26.5,0.6053941176470589,0.3322798716266685,17
,,,25,28.5,0.6010176470588235,0.33435747007374855,17
,,,26,32.5,0.5906647058823529,0.34119780359268226,17
,,,27,36.5,0.5824,0.342547741198216,17
,,,28,40.5,0.5748647058823529,0.3472180491801522,17
,,,29,44.5,0.5682941176470588,0.3508506457001829,17
,,,30,48.5,0.5621058823529411,0.3519106517828571,17
,,,31,52.5,0.5572529411764706,0.3538031057623136,17
,,,32,56.5,0.5511882352941176,0.3577115211353154,17
,,,33,60.5,0.5471058823529412,0.3600946845459334,17
,,,34,68.5,0.5381588235294118,0.36198719082797587,17
,,,35,76.5,0.530164705882353,0.36652616199457116,17
,,,36,84.5,0.5236705882352941,0.36728642053019384,17
,,,37,92.5,0.5173411764705883,0.3672548877462755,17
,,,38,101.0,0.5119294117647059,0.36922017781519245,17
,,,39,109.0,0.5051176470588236,0.36990576542427356,17
,,,40,117.0,0.5008588235294118,0.37129711832106826,17
,,,41,125.0,0.49681764705882353,0.37259709680044156,17
,,,42,141.0,0.4881058823529412,0.37275813282641507,17
,,,43,157.0,0.48070000000000007,0.37213024601609584,17
,,,44,173.0,0.47330588235294124,0.37108666856710887,17
,,,45,189.0,0.46695882352941176,0.3697502975976212,17
,,,46,205.0,0.46226470588235297,0.3701536082175488,17
,,,47,221.0,0.4560882352941176,0.3682219165841995,17
,,,48,237.0,0.45083529411764706,0.3660170316070969,17
,,,49,253.0,0.4461176470588235,0.36366238504156245,17
,,,50,285.0,0.4380352941176471,0.36072335996781607,17
,,,51,317.0,0.4293764705882353,0.35778225488663457,17
,,,52,349.0,0.42204882352941175,0.3548210086064936,17
,,,53,381.0,0.41560294117647056,0.35103037994888536,17
,,,54,413.0,0.40921411764705884,0.3477634528501166,17
,,,55,445.0,0.4029423529411765,0.3447422018612134,17
,,,56,477.0,0.3974288235294118,0.3415195411847313,17
,,,57,509.0,0.39196,0.3390972776910779,17
,,,58,573.0,0.38156529411764706,0.3331502514091362,17
,,,59,637.0,0.3722758823529412,0.32757455647643835,17
,,,60,701.0,0.36372470588235295,0.32287980972255076,17
,,,61,765.0,0.35591470588235297,0.3180710716003117,17
,,,62,829.0,0.34803235294117646,0.3134214767794601,17
,,,63,893.0,0.34063823529411763,0.3090300105822106,17
,,,64,957.0,0.33433529411764706,0.30464775573844394,17
,,,65,1020.0,0.3279211764705882,0.3010795832890856,17
,,,66,1150.0,0.31609882352941177,0.2938770858046429,17
,,,67,1280.0,0.30549764705882354,0.2875467238669529,17
,,,68,1400.0,0.29608058823529415,0.28189949689185745,17
,,,69,1530.0,0.28773647058823526,0.27707923280041163,17
,,,70,1660.0,0.2800635294117647,0.272538942216089,17
,,,71,1790.0,0.2730835882352941,0.2683819846822945,17
,,,72,1920.0,0.2668754705882353,0.2644893109844228,17
,,,73,2040.0,0.26128041176470584,0.2612479604276986,17
,,,74,2300.0,0.2508135294117647,0.2552982120349939,17
,,,75,2560.0,0.24246723529411765,0.2501506849127465,17
,,,76,2810.0,0.23540717647058826,0.24637895297291412,17
,,,77,3070.0,0.22931058823529413,0.2430910059388919,17
,,,78,3320.0,0.22383358823529412,0.24054240827582224,17
,,,79,3580.0,0.21927170588235295,0.23879222683584278,17
,,,80,3840.0,0.21497223529411766,0.23631971030246543,17
,,,81,4090.0,0.21057811764705883,0.23422807838458504,17
,,,82,4600.0,0.20365323529411766,0.2298909235511293,17
,,,83,5120.0,0.19784476470588233,0.2257696941679533,17
,,,84,5630.0,0.1925115294117647,0.22136908561583235,17
,,,85,6140.0,0.18859247058823528,0.21763777942694074,17
,,,86,6650.0,0.18529388235294117,0.2149953750272556,17
,,,87,7160.0,0.18231547058823527,0.21233786911079874,17
,,,88,7680.0,0.17923964705882353,0.20954292521758555,17
,,,89,8190.0,0.17592976470588237,0.20653213202172965,17
,,,90,9210.0,0.17025894117647059,0.2003410205441807,17
,,,91,10200.0,0.1653270588235294,0.19504521925167465,17
,,,92,11300.0,0.16107164705882354,0.19044348278818218,17
,,,93,12300.0,0.1579805294117647,0.1867311742489446,17
,,,94,13300.0,0.15593782352941177,0.18399560089382413,17
,,,95,14300.0,0.15379905882352943,0.18131347978620846,17
,,,96,15400.0,0.15152788235294118,0.17795127245993575,17
,,,97,16400.0,0.14829541176470587,0.17559136751277768,17
,,,98,18400.0,0.14454511764705882,0.1697821173511371,17
,,,99,20500.0,0.14082623529411764,0.16632140907161103,17
,,,100,22500.0,0.137127,0.16167241747589478,17
,,,101,24600.0,0.13430270588235294,0.15715802124882328,17
,,,102,26600.0,0.13037735294117647,0.1525055453307113,17
,,,103,28700.0,0.12752611764705882,0.14840043630279626,17
,,,104,30700.0,0.12507841176470588,0.1439065995563871,17
,,,105,32800.0,0.12062776470588235,0.14104203577990915,17
,,,106,36900.0,0.11629411764705883,0.1352939753152752,17
,,,107,41000.0,0.11159664705882354,0.12910271267335033,17
,,,108,45100.0,0.10715629411764704,0.12180450130730221,17
,,,109,49100.0,0.10349776470588236,0.11537064774376618,17
,,,110,53200.0,0.09810558823529411,0.10691836838276363,17
,,,111,57300.0,0.09175323529411764,0.09893007534651016,17
,,,112,61400.0,0.08601988235294118,0.09338813237028726,17
,,,113,65500.0,0.08183341176470588,0.08788224582791085,17
,,,114,73700.0,0.07515888235294117,0.07902853286937125,17
,,,115,81900.0,0.06793404117647059,0.07028160264574096,17
,,,116,90100.0,0.06166223529411764,0.06377677253762672,17
,,,117,98300.0,0.05648535294117647,0.05765666000010448,17
,,,118,106000.0,0.05107035294117647,0.050967643938263876,17
,,,119,115000.0,0.04521547647058824,0.04477477455258051,17
,,,120,123000.0,0.040268470588235294,0.04052736197638215,17
,,,121,131000.0,0.03605558823529412,0.037460498036362956,17
,,,122,147000.0,0.030002105882352942,0.03432906001685144,17
,,,123,164000.0,0.025894894117647057,0.032532679761212234,17
,,,124,180000.0,0.022642170588235293,0.03315800048396624,17
,,,125,197000.0,0.020194182352941178,0.03289396820414488,17
,,,126,213000.0,0.0189706,0.034204272931700364,17
,,,127,229000.0,0.017750170588235293,0.03407376279844517,17
,,,128,246000.0,0.01790484117647059,0.03564980686502837,17
,,,129,262000.0,0.017607523529411764,0.03623857533619267,17
,,,130,295000.0,0.017561658823529412,0.037146332520234394,17
,,,131,328000.0,0.016952564705882352,0.03789578553508525,17
,,,132,360000.0,0.01676129411764706,0.0392318101015692,17
,,,133,393000.0,0.015509470588235296,0.03970074752305939,17
,,,134,426000.0,0.014350764705882355,0.038913130015024194,17
,,,135,459000.0,0.013988705882352943,0.03904696282165347,17
,,,136,492000.0,0.013594117647058824,0.039862964440509116,17
,,,137,524000.0,0.013857864705882354,0.03943546863546415,17
,,,138,590000.0,0.014020117647058824,0.03926100427250039,17
,,,139,655000.0,0.013982805882352942,0.039486448258903815,17
,,,140,721000.0,0.014390529411764705,0.03944971119843219,17
,,,141,786000.0,0.013170470588235294,0.03884467415733727,17
,,,142,852000.0,0.013714770588235293,0.04106341354000183,17
,,,143,918000.0,0.014323235294117649,0.04076202274410798,17
,,,144,983000.0,0.01441464705882353,0.03986135698941579,17
,,,145,1050000.0,0.013894223529411765,0.03993442431567547,17
,,,146,1180000.0,0.015019176470588235,0.039394485913696244,17
,,,147,1310000.0,0.013711470588235294,0.04065706887817549,17
,,,148,1440000.0,0.01533403529411765,0.040545508319000965,17
,,,149,1570000.0,0.015229152941176471,0.04035451404610948,17
,,,150,1700000.0,0.015622684705882354,0.040146774986416736,17
,,,151,1840000.0,0.015183923529411765,0.03927202171345285,17
,,,152,1970000.0,0.013910270588235294,0.03799957750514743,17
,,,153,2100000.0,0.012827335294117647,0.03803750555305483,17
,,,154,2360000.0,0.013343823529411764,0.03550104792684875,17
,,,155,2620000.0,0.011986176470588236,0.03211036681360728,17
,,,156,2880000.0,0.012945882352941177,0.028884083988596456,17
,,,157,3150000.0,0.012583576470588234,0.02664634452179908,17
,,,158,3410000.0,0.01127264705882353,0.024552384379987347,17
,,,159,3670000.0,0.010645529411764706,0.022824389387006736,17
,,,160,3930000.0,0.009113588235294116,0.021847932757067725,17
,,,161,4190000.0,0.0,0.0,17
,,,162,4720000.0,0.0,0.0,17
,,,163,5240000.0,0.0,0.0,17
,,,164,5770000.0,0.0,0.0,17
,,,165,6290000.0,0.0,0.0,17
,,,166,6820000.0,0.0,0.0,17
,,,167,7340000.0,0.0,0.0,17
,,,168,7860000.0,0.0,0.0,17
,,,169,8390000.0,0.0,0.0,17
,,,170,9440000.0,0.0,0.0,17
,,,171,10500000.0,0.0,0.0,17
,,,172,11500000.0,0.0,0.0,17
,,,173,12600000.0,0.0,0.0,17
,,,174,13600000.0,0.0,0.0,17
,,,175,14700000.0,0.0,0.0,17
,,,176,15700000.0,0.0,0.0,17
,,,177,16800000.0,0.0,0.0,17
,,,178,18900000.0,0.0,0.0,17
,,,179,21000000.0,0.0,0.0,17
,,,180,23100000.0,0.0,0.0,17
,,,181,25200000.0,0.0,0.0,17
,,,182,27300000.0,0.0,0.0,17
,,,183,29400000.0,0.0,0.0,17
,,,184,31500000.0,0.0,0.0,17
,,,185,33600000.0,0.0,0.0,17
,,,186,37700000.0,0.0,0.0,17
,,,187,41900000.0,0.0,0.0,17
,,,188,46100000.0,0.0,0.0,17
,,,189,50300000.0,0.0,0.0,17
,,,190,54500000.0,0.0,0.0,17
,,,191,58700000.0,0.0,0.0,17
,,,192,62900000.0,0.0,0.0,17
