Sample_Name,point_index,distribution_fit,distribution_fit_data,distribution_delay_time,sample_name_raw,sample_base,carrageenan_code,carrageenan,concentration_value,concentration_unit,concentration_label,matrix,replicate,is_mean
k_1s-100ug_mL 1,1,0.303,0.302,1.5,k_1s-100ug_mL 1,k_1s-100ug_mL,k,kappa,100.0,ug/mL,100 ug/mL,water,1.0,False
k_1s-100ug_mL 1,2,0.303,0.305,2.0,k_1s-100ug_mL 1,k_1s-100ug_mL,k,kappa,100.0,ug/mL,100 ug/mL,water,1.0,False
k_1s-100ug_mL 1,3,0.302,0.302,2.5,k_1s-100ug_mL 1,k_1s-100ug_mL,k,kappa,100.0,ug/mL,100 ug/mL,water,1.0,False
k_1s-100ug_mL 1,4,0.302,0.301,3.5,k_1s-100ug_mL 1,k_1s-100ug_mL,k,kappa,100.0,ug/mL,100 ug/mL,water,1.0,False
k_1s-100ug_mL 1,5,0.302,0.302,4.5,k_1s-100ug_mL 1,k_1s-100ug_mL,k,kappa,100.0,ug/mL,100 ug/mL,water,1.0,False
k_1s-100ug_mL 1,6,0.301,0.301,5.5,k_1s-100ug_mL 1,k_1s-100ug_mL,k,kappa,100.0,ug/mL,100 ug/mL,water,1.0,False
k_1s-100ug_mL 1,7,0.301,0.3,7.5,k_1s-100ug_mL 1,k_1s-100ug_mL,k,kappa,100.0,ug/mL,100 ug/mL,water,1.0,False
k_1s-100ug_mL 1,8,0.3,0.301,9.5,k_1s-100ug_mL 1,k_1s-100ug_mL,k,kappa,100.0,ug/mL,100 ug/mL,water,1.0,False
k_1s-100ug_mL 1,9,0.3,0.3,11.5,k_1s-100ug_mL 1,k_1s-100ug_mL,k,kappa,100.0,ug/mL,100 ug/mL,water,1.0,False
k_1s-100ug_mL 1,10,0.299,0.298,14.5,k_1s-100ug_mL 1,k_1s-100ug_mL,k,kappa,100.0,ug/mL,100 ug/mL,water,1.0,False
k_1s-100ug_mL 1,11,0.298,0.299,18.5,k_1s-100ug_mL 1,k_1s-100ug_mL,k,kappa,100.0,ug/mL,100 ug/mL,water,1.0,False
k_1s-100ug_mL 1,12,0.298,0.298,22.5,k_1s-100ug_mL 1,k_1s-100ug_mL,k,kappa,100.0,ug/mL,100 ug/mL,water,1.0,False
k_1s-100ug_mL 1,13,0.296,0.296,28.5,k_1s-100ug_mL 1,k_1s-100ug_mL,k,kappa,100.0,ug/mL,100 ug/mL,water,1.0,False
k_1s-100ug_mL 1,14,0.295,0.295,36.5,k_1s-100ug_mL 1,k_1s-100ug_mL,k,kappa,100.0,ug/mL,100 ug/mL,water,1.0,False
k_1s-100ug_mL 1,15,0.294,0.293,44.5,k_1s-100ug_mL 1,k_1s-100ug_mL,k,kappa,100.0,ug/mL,100 ug/mL,water,1.0,False
k_1s-100ug_mL 1,16,0.292,0.291,56.5,k_1s-100ug_mL 1,k_1s-100ug_mL,k,kappa,100.0,ug/mL,100 ug/mL,water,1.0,False
k_1s-100ug_mL 1,17,0.29,0.29,68.5,k_1s-100ug_mL 1,k_1s-100ug_mL,k,kappa,100.0,ug/mL,100 ug/mL,water,1.0,False
k_1s-100ug_mL 1,18,0.288,0.289,84.5,k_1s-100ug_mL 1,k_1s-100ug_mL,k,kappa,100.0,ug/mL,100 ug/mL,water,1.0,False
k_1s-100ug_mL 1,19,0.285,0.285,109.0,k_1s-100ug_mL 1,k_1s-100ug_mL,k,kappa,100.0,ug/mL,100 ug/mL,water,1.0,False
k_1s-100ug_mL 1,20,0.282,0.282,141.0,k_1s-100ug_mL 1,k_1s-100ug_mL,k,kappa,100.0,ug/mL,100 ug/mL,water,1.0,False
k_1s-100ug_mL 1,21,0.279,0.279,173.0,k_1s-100ug_mL 1,k_1s-100ug_mL,k,kappa,100.0,ug/mL,100 ug/mL,water,1.0,False
k_1s-100ug_mL 1,22,0.275,0.275,221.0,k_1s-100ug_mL 1,k_1s-100ug_mL,k,kappa,100.0,ug/mL,100 ug/mL,water,1.0,False
k_1s-100ug_mL 1,23,0.27,0.27,285.0,k_1s-100ug_mL 1,k_1s-100ug_mL,k,kappa,100.0,ug/mL,100 ug/mL,water,1.0,False
k_1s-100ug_mL 1,24,0.265,0.265,349.0,k_1s-100ug_mL 1,k_1s-100ug_mL,k,kappa,100.0,ug/mL,100 ug/mL,water,1.0,False
k_1s-100ug_mL 1,25,0.259,0.259,445.0,k_1s-100ug_mL 1,k_1s-100ug_mL,k,kappa,100.0,ug/mL,100 ug/mL,water,1.0,False
k_1s-100ug_mL 1,26,0.251,0.251,573.0,k_1s-100ug_mL 1,k_1s-100ug_mL,k,kappa,100.0,ug/mL,100 ug/mL,water,1.0,False
k_1s-100ug_mL 1,27,0.244,0.244,701.0,k_1s-100ug_mL 1,k_1s-100ug_mL,k,kappa,100.0,ug/mL,100 ug/mL,water,1.0,False
k_1s-100ug_mL 1,28,0.235,0.234,893.0,k_1s-100ug_mL 1,k_1s-100ug_mL,k,kappa,100.0,ug/mL,100 ug/mL,water,1.0,False
k_1s-100ug_mL 1,29,0.223,0.223,1150.0,k_1s-100ug_mL 1,k_1s-100ug_mL,k,kappa,100.0,ug/mL,100 ug/mL,water,1.0,False
k_1s-100ug_mL 1,30,0.213,0.213,1400.0,k_1s-100ug_mL 1,k_1s-100ug_mL,k,kappa,100.0,ug/mL,100 ug/mL,water,1.0,False
k_1s-100ug_mL 1,31,0.199,0.199,1790.0,k_1s-100ug_mL 1,k_1s-100ug_mL,k,kappa,100.0,ug/mL,100 ug/mL,water,1.0,False
k_1s-100ug_mL 1,32,0.183,0.183,2300.0,k_1s-100ug_mL 1,k_1s-100ug_mL,k,kappa,100.0,ug/mL,100 ug/mL,water,1.0,False
k_1s-100ug_mL 1,33,0.169,0.17,2810.0,k_1s-100ug_mL 1,k_1s-100ug_mL,k,kappa,100.0,ug/mL,100 ug/mL,water,1.0,False
k_1s-100ug_mL 1,34,0.151,0.151,3580.0,k_1s-100ug_mL 1,k_1s-100ug_mL,k,kappa,100.0,ug/mL,100 ug/mL,water,1.0,False
k_1s-100ug_mL 1,35,0.131,0.131,4600.0,k_1s-100ug_mL 1,k_1s-100ug_mL,k,kappa,100.0,ug/mL,100 ug/mL,water,1.0,False
k_1s-100ug_mL 1,36,0.115,0.114,5630.0,k_1s-100ug_mL 1,k_1s-100ug_mL,k,kappa,100.0,ug/mL,100 ug/mL,water,1.0,False
k_1s-100ug_mL 1,37,0.0949,0.0947,7160.0,k_1s-100ug_mL 1,k_1s-100ug_mL,k,kappa,100.0,ug/mL,100 ug/mL,water,1.0,False
k_1s-100ug_mL 1,38,0.0747,0.0796,9210.0,k_1s-100ug_mL 1,k_1s-100ug_mL,k,kappa,100.0,ug/mL,100 ug/mL,water,1.0,False
k_1s-100ug_mL 1,39,0.0597,0.0554,11300.0,k_1s-100ug_mL 1,k_1s-100ug_mL,k,kappa,100.0,ug/mL,100 ug/mL,water,1.0,False
k_1s-100ug_mL 1,40,0.0434,0.0351,14300.0,k_1s-100ug_mL 1,k_1s-100ug_mL,k,kappa,100.0,ug/mL,100 ug/mL,water,1.0,False
k_1s-100ug_mL 2,1,0.287,0.0248,0.169,k_1s-100ug_mL 2,k_1s-100ug_mL,k,kappa,100.0,ug/mL,100 ug/mL,water,2.0,False
k_1s-100ug_mL 2,2,0.287,0.0171,0.155,k_1s-100ug_mL 2,k_1s-100ug_mL,k,kappa,100.0,ug/mL,100 ug/mL,water,2.0,False
k_1s-100ug_mL 2,3,0.286,0.0102,0.137,k_1s-100ug_mL 2,k_1s-100ug_mL,k,kappa,100.0,ug/mL,100 ug/mL,water,2.0,False
k_1s-100ug_mL 2,4,0.286,0.00532,0.118,k_1s-100ug_mL 2,k_1s-100ug_mL,k,kappa,100.0,ug/mL,100 ug/mL,water,2.0,False
k_1s-100ug_mL 2,5,0.286,0.0029,0.101,k_1s-100ug_mL 2,k_1s-100ug_mL,k,kappa,100.0,ug/mL,100 ug/mL,water,2.0,False
k_1s-100ug_mL 2,6,0.285,0.00123,0.0788,k_1s-100ug_mL 2,k_1s-100ug_mL,k,kappa,100.0,ug/mL,100 ug/mL,water,2.0,False
k_1s-100ug_mL 2,7,0.285,0.000418,0.0621,k_1s-100ug_mL 2,k_1s-100ug_mL,k,kappa,100.0,ug/mL,100 ug/mL,water,2.0,False
k_1s-100ug_mL 2,8,0.284,0.000151,0.0537,k_1s-100ug_mL 2,k_1s-100ug_mL,k,kappa,100.0,ug/mL,100 ug/mL,water,2.0,False
k_1s-100ug_mL 2,9,0.284,3.49e-05,0.0435,k_1s-100ug_mL 2,k_1s-100ug_mL,k,kappa,100.0,ug/mL,100 ug/mL,water,2.0,False
k_1s-100ug_mL 2,10,0.283,0.287,0.0481,k_1s-100ug_mL 2,k_1s-100ug_mL,k,kappa,100.0,ug/mL,100 ug/mL,water,2.0,False
k_1s-100ug_mL 2,11,0.282,0.287,0.0434,k_1s-100ug_mL 2,k_1s-100ug_mL,k,kappa,100.0,ug/mL,100 ug/mL,water,2.0,False
k_1s-100ug_mL 2,12,0.281,0.285,0.0238,k_1s-100ug_mL 2,k_1s-100ug_mL,k,kappa,100.0,ug/mL,100 ug/mL,water,2.0,False
k_1s-100ug_mL 2,13,0.28,0.287,0.0319,k_1s-100ug_mL 2,k_1s-100ug_mL,k,kappa,100.0,ug/mL,100 ug/mL,water,2.0,False
k_1s-100ug_mL 2,14,0.279,0.285,0.0131,k_1s-100ug_mL 2,k_1s-100ug_mL,k,kappa,100.0,ug/mL,100 ug/mL,water,2.0,False
k_1s-100ug_mL 2,15,0.277,0.286,0.0124,k_1s-100ug_mL 2,k_1s-100ug_mL,k,kappa,100.0,ug/mL,100 ug/mL,water,2.0,False
k_1s-100ug_mL 2,16,0.276,0.284,0.0343,k_1s-100ug_mL 2,k_1s-100ug_mL,k,kappa,100.0,ug/mL,100 ug/mL,water,2.0,False
k_1s-100ug_mL 2,17,0.274,0.284,0.0264,k_1s-100ug_mL 2,k_1s-100ug_mL,k,kappa,100.0,ug/mL,100 ug/mL,water,2.0,False
k_1s-100ug_mL 2,18,0.272,0.284,0.0195,k_1s-100ug_mL 2,k_1s-100ug_mL,k,kappa,100.0,ug/mL,100 ug/mL,water,2.0,False
k_1s-100ug_mL 2,19,0.269,0.282,1.5,k_1s-100ug_mL 2,k_1s-100ug_mL,k,kappa,100.0,ug/mL,100 ug/mL,water,2.0,False
k_1s-100ug_mL 2,20,0.266,0.282,2.0,k_1s-100ug_mL 2,k_1s-100ug_mL,k,kappa,100.0,ug/mL,100 ug/mL,water,2.0,False
k_1s-100ug_mL 2,21,0.263,0.282,2.5,k_1s-100ug_mL 2,k_1s-100ug_mL,k,kappa,100.0,ug/mL,100 ug/mL,water,2.0,False
k_1s-100ug_mL 2,22,0.259,0.28,3.5,k_1s-100ug_mL 2,k_1s-100ug_mL,k,kappa,100.0,ug/mL,100 ug/mL,water,2.0,False
k_1s-100ug_mL 2,23,0.254,0.279,4.5,k_1s-100ug_mL 2,k_1s-100ug_mL,k,kappa,100.0,ug/mL,100 ug/mL,water,2.0,False
k_1s-100ug_mL 2,24,0.25,0.277,5.5,k_1s-100ug_mL 2,k_1s-100ug_mL,k,kappa,100.0,ug/mL,100 ug/mL,water,2.0,False
k_1s-100ug_mL 2,25,0.244,0.276,7.5,k_1s-100ug_mL 2,k_1s-100ug_mL,k,kappa,100.0,ug/mL,100 ug/mL,water,2.0,False
k_1s-100ug_mL 2,26,0.236,0.274,9.5,k_1s-100ug_mL 2,k_1s-100ug_mL,k,kappa,100.0,ug/mL,100 ug/mL,water,2.0,False
k_1s-100ug_mL 2,27,0.229,0.272,11.5,k_1s-100ug_mL 2,k_1s-100ug_mL,k,kappa,100.0,ug/mL,100 ug/mL,water,2.0,False
k_1s-100ug_mL 2,28,0.22,0.269,14.5,k_1s-100ug_mL 2,k_1s-100ug_mL,k,kappa,100.0,ug/mL,100 ug/mL,water,2.0,False
k_1s-100ug_mL 2,29,0.209,0.266,18.5,k_1s-100ug_mL 2,k_1s-100ug_mL,k,kappa,100.0,ug/mL,100 ug/mL,water,2.0,False
k_1s-100ug_mL 2,30,0.199,0.263,22.5,k_1s-100ug_mL 2,k_1s-100ug_mL,k,kappa,100.0,ug/mL,100 ug/mL,water,2.0,False
k_1s-100ug_mL 2,31,0.185,0.259,28.5,k_1s-100ug_mL 2,k_1s-100ug_mL,k,kappa,100.0,ug/mL,100 ug/mL,water,2.0,False
k_1s-100ug_mL 2,32,0.169,0.254,36.5,k_1s-100ug_mL 2,k_1s-100ug_mL,k,kappa,100.0,ug/mL,100 ug/mL,water,2.0,False
k_1s-100ug_mL 2,33,0.155,0.25,44.5,k_1s-100ug_mL 2,k_1s-100ug_mL,k,kappa,100.0,ug/mL,100 ug/mL,water,2.0,False
k_1s-100ug_mL 2,34,0.137,0.243,56.5,k_1s-100ug_mL 2,k_1s-100ug_mL,k,kappa,100.0,ug/mL,100 ug/mL,water,2.0,False
k_1s-100ug_mL 2,35,0.117,0.236,68.5,k_1s-100ug_mL 2,k_1s-100ug_mL,k,kappa,100.0,ug/mL,100 ug/mL,water,2.0,False
k_1s-100ug_mL 2,36,0.102,0.229,84.5,k_1s-100ug_mL 2,k_1s-100ug_mL,k,kappa,100.0,ug/mL,100 ug/mL,water,2.0,False
k_1s-100ug_mL 2,37,0.083,0.22,109.0,k_1s-100ug_mL 2,k_1s-100ug_mL,k,kappa,100.0,ug/mL,100 ug/mL,water,2.0,False
k_1s-100ug_mL 2,38,0.0647,0.209,141.0,k_1s-100ug_mL 2,k_1s-100ug_mL,k,kappa,100.0,ug/mL,100 ug/mL,water,2.0,False
k_1s-100ug_mL 2,39,0.0513,0.198,173.0,k_1s-100ug_mL 2,k_1s-100ug_mL,k,kappa,100.0,ug/mL,100 ug/mL,water,2.0,False
k_1s-100ug_mL 2,40,0.037,0.185,221.0,k_1s-100ug_mL 2,k_1s-100ug_mL,k,kappa,100.0,ug/mL,100 ug/mL,water,2.0,False
k_1s-100ug_mL 3,1,0.277,0.0153,0.0922,k_1s-100ug_mL 3,k_1s-100ug_mL,k,kappa,100.0,ug/mL,100 ug/mL,water,3.0,False
k_1s-100ug_mL 3,2,0.276,0.0101,0.0759,k_1s-100ug_mL 3,k_1s-100ug_mL,k,kappa,100.0,ug/mL,100 ug/mL,water,3.0,False
k_1s-100ug_mL 3,3,0.276,0.00571,0.0584,k_1s-100ug_mL 3,k_1s-100ug_mL,k,kappa,100.0,ug/mL,100 ug/mL,water,3.0,False
k_1s-100ug_mL 3,4,0.275,0.00283,0.0416,k_1s-100ug_mL 3,k_1s-100ug_mL,k,kappa,100.0,ug/mL,100 ug/mL,water,3.0,False
k_1s-100ug_mL 3,5,0.274,0.00147,0.0316,k_1s-100ug_mL 3,k_1s-100ug_mL,k,kappa,100.0,ug/mL,100 ug/mL,water,3.0,False
k_1s-100ug_mL 3,6,0.274,0.000588,0.0207,k_1s-100ug_mL 3,k_1s-100ug_mL,k,kappa,100.0,ug/mL,100 ug/mL,water,3.0,False
k_1s-100ug_mL 3,7,0.273,0.278,0.0229,k_1s-100ug_mL 3,k_1s-100ug_mL,k,kappa,100.0,ug/mL,100 ug/mL,water,3.0,False
k_1s-100ug_mL 3,8,0.273,0.275,0.0244,k_1s-100ug_mL 3,k_1s-100ug_mL,k,kappa,100.0,ug/mL,100 ug/mL,water,3.0,False
k_1s-100ug_mL 3,9,0.272,0.275,0.0217,k_1s-100ug_mL 3,k_1s-100ug_mL,k,kappa,100.0,ug/mL,100 ug/mL,water,3.0,False
k_1s-100ug_mL 3,10,0.272,0.274,0.0211,k_1s-100ug_mL 3,k_1s-100ug_mL,k,kappa,100.0,ug/mL,100 ug/mL,water,3.0,False
k_1s-100ug_mL 3,11,0.271,0.276,0.0115,k_1s-100ug_mL 3,k_1s-100ug_mL,k,kappa,100.0,ug/mL,100 ug/mL,water,3.0,False
k_1s-100ug_mL 3,12,0.27,0.274,0.0307,k_1s-100ug_mL 3,k_1s-100ug_mL,k,kappa,100.0,ug/mL,100 ug/mL,water,3.0,False
k_1s-100ug_mL 3,13,0.269,0.273,1.5,k_1s-100ug_mL 3,k_1s-100ug_mL,k,kappa,100.0,ug/mL,100 ug/mL,water,3.0,False
k_1s-100ug_mL 3,14,0.267,0.271,2.0,k_1s-100ug_mL 3,k_1s-100ug_mL,k,kappa,100.0,ug/mL,100 ug/mL,water,3.0,False
k_1s-100ug_mL 3,15,0.266,0.274,2.5,k_1s-100ug_mL 3,k_1s-100ug_mL,k,kappa,100.0,ug/mL,100 ug/mL,water,3.0,False
k_1s-100ug_mL 3,16,0.264,0.272,3.5,k_1s-100ug_mL 3,k_1s-100ug_mL,k,kappa,100.0,ug/mL,100 ug/mL,water,3.0,False
k_1s-100ug_mL 3,17,0.262,0.271,4.5,k_1s-100ug_mL 3,k_1s-100ug_mL,k,kappa,100.0,ug/mL,100 ug/mL,water,3.0,False
k_1s-100ug_mL 3,18,0.259,0.269,5.5,k_1s-100ug_mL 3,k_1s-100ug_mL,k,kappa,100.0,ug/mL,100 ug/mL,water,3.0,False
k_1s-100ug_mL 3,19,0.256,0.269,7.5,k_1s-100ug_mL 3,k_1s-100ug_mL,k,kappa,100.0,ug/mL,100 ug/mL,water,3.0,False
k_1s-100ug_mL 3,20,0.253,0.267,9.5,k_1s-100ug_mL 3,k_1s-100ug_mL,k,kappa,100.0,ug/mL,100 ug/mL,water,3.0,False
k_1s-100ug_mL 3,21,0.249,0.265,11.5,k_1s-100ug_mL 3,k_1s-100ug_mL,k,kappa,100.0,ug/mL,100 ug/mL,water,3.0,False
k_1s-100ug_mL 3,22,0.244,0.264,14.5,k_1s-100ug_mL 3,k_1s-100ug_mL,k,kappa,100.0,ug/mL,100 ug/mL,water,3.0,False
k_1s-100ug_mL 3,23,0.239,0.262,18.5,k_1s-100ug_mL 3,k_1s-100ug_mL,k,kappa,100.0,ug/mL,100 ug/mL,water,3.0,False
k_1s-100ug_mL 3,24,0.234,0.259,22.5,k_1s-100ug_mL 3,k_1s-100ug_mL,k,kappa,100.0,ug/mL,100 ug/mL,water,3.0,False
k_1s-100ug_mL 3,25,0.226,0.256,28.5,k_1s-100ug_mL 3,k_1s-100ug_mL,k,kappa,100.0,ug/mL,100 ug/mL,water,3.0,False
k_1s-100ug_mL 3,26,0.218,0.253,36.5,k_1s-100ug_mL 3,k_1s-100ug_mL,k,kappa,100.0,ug/mL,100 ug/mL,water,3.0,False
k_1s-100ug_mL 3,27,0.21,0.249,44.5,k_1s-100ug_mL 3,k_1s-100ug_mL,k,kappa,100.0,ug/mL,100 ug/mL,water,3.0,False
k_1s-100ug_mL 3,28,0.199,0.244,56.5,k_1s-100ug_mL 3,k_1s-100ug_mL,k,kappa,100.0,ug/mL,100 ug/mL,water,3.0,False
k_1s-100ug_mL 3,29,0.186,0.238,68.5,k_1s-100ug_mL 3,k_1s-100ug_mL,k,kappa,100.0,ug/mL,100 ug/mL,water,3.0,False
k_1s-100ug_mL 3,30,0.175,0.234,84.5,k_1s-100ug_mL 3,k_1s-100ug_mL,k,kappa,100.0,ug/mL,100 ug/mL,water,3.0,False
k_1s-100ug_mL 3,31,0.16,0.226,109.0,k_1s-100ug_mL 3,k_1s-100ug_mL,k,kappa,100.0,ug/mL,100 ug/mL,water,3.0,False
k_1s-100ug_mL 3,32,0.143,0.218,141.0,k_1s-100ug_mL 3,k_1s-100ug_mL,k,kappa,100.0,ug/mL,100 ug/mL,water,3.0,False
k_1s-100ug_mL 3,33,0.129,0.21,173.0,k_1s-100ug_mL 3,k_1s-100ug_mL,k,kappa,100.0,ug/mL,100 ug/mL,water,3.0,False
k_1s-100ug_mL 3,34,0.111,0.199,221.0,k_1s-100ug_mL 3,k_1s-100ug_mL,k,kappa,100.0,ug/mL,100 ug/mL,water,3.0,False
k_1s-100ug_mL 3,35,0.092,0.187,285.0,k_1s-100ug_mL 3,k_1s-100ug_mL,k,kappa,100.0,ug/mL,100 ug/mL,water,3.0,False
k_1s-100ug_mL 3,36,0.0774,0.175,349.0,k_1s-100ug_mL 3,k_1s-100ug_mL,k,kappa,100.0,ug/mL,100 ug/mL,water,3.0,False
k_1s-100ug_mL 3,37,0.061,0.16,445.0,k_1s-100ug_mL 3,k_1s-100ug_mL,k,kappa,100.0,ug/mL,100 ug/mL,water,3.0,False
k_1s-100ug_mL 3,38,0.0455,0.143,573.0,k_1s-100ug_mL 3,k_1s-100ug_mL,k,kappa,100.0,ug/mL,100 ug/mL,water,3.0,False
k_1s-100ug_mL 3,39,0.0348,0.129,701.0,k_1s-100ug_mL 3,k_1s-100ug_mL,k,kappa,100.0,ug/mL,100 ug/mL,water,3.0,False
k_1s-100ug_mL 3,40,0.024,0.111,893.0,k_1s-100ug_mL 3,k_1s-100ug_mL,k,kappa,100.0,ug/mL,100 ug/mL,water,3.0,False
k_1s-100ug_mL-mean,1,0.303,0.302,1.5,k_1s-100ug_mL-mean,k_1s-100ug_mL-mean,k,kappa,100.0,ug/mL,100 ug/mL,water,,True
k_1s-100ug_mL-mean,2,0.303,0.305,2.0,k_1s-100ug_mL-mean,k_1s-100ug_mL-mean,k,kappa,100.0,ug/mL,100 ug/mL,water,,True
k_1s-100ug_mL-mean,3,0.302,0.302,2.5,k_1s-100ug_mL-mean,k_1s-100ug_mL-mean,k,kappa,100.0,ug/mL,100 ug/mL,water,,True
k_1s-100ug_mL-mean,4,0.302,0.301,3.5,k_1s-100ug_mL-mean,k_1s-100ug_mL-mean,k,kappa,100.0,ug/mL,100 ug/mL,water,,True
k_1s-100ug_mL-mean,5,0.302,0.302,4.5,k_1s-100ug_mL-mean,k_1s-100ug_mL-mean,k,kappa,100.0,ug/mL,100 ug/mL,water,,True
k_1s-100ug_mL-mean,6,0.301,0.301,5.5,k_1s-100ug_mL-mean,k_1s-100ug_mL-mean,k,kappa,100.0,ug/mL,100 ug/mL,water,,True
k_1s-100ug_mL-mean,7,0.301,0.3,7.5,k_1s-100ug_mL-mean,k_1s-100ug_mL-mean,k,kappa,100.0,ug/mL,100 ug/mL,water,,True
k_1s-100ug_mL-mean,8,0.3,0.301,9.5,k_1s-100ug_mL-mean,k_1s-100ug_mL-mean,k,kappa,100.0,ug/mL,100 ug/mL,water,,True
k_1s-100ug_mL-mean,9,0.3,0.3,11.5,k_1s-100ug_mL-mean,k_1s-100ug_mL-mean,k,kappa,100.0,ug/mL,100 ug/mL,water,,True
k_1s-100ug_mL-mean,10,0.299,0.298,14.5,k_1s-100ug_mL-mean,k_1s-100ug_mL-mean,k,kappa,100.0,ug/mL,100 ug/mL,water,,True
k_1s-100ug_mL-mean,11,0.298,0.299,18.5,k_1s-100ug_mL-mean,k_1s-100ug_mL-mean,k,kappa,100.0,ug/mL,100 ug/mL,water,,True
k_1s-100ug_mL-mean,12,0.298,0.298,22.5,k_1s-100ug_mL-mean,k_1s-100ug_mL-mean,k,kappa,100.0,ug/mL,100 ug/mL,water,,True
k_1s-100ug_mL-mean,13,0.296,0.296,28.5,k_1s-100ug_mL-mean,k_1s-100ug_mL-mean,k,kappa,100.0,ug/mL,100 ug/mL,water,,True
k_1s-100ug_mL-mean,14,0.295,0.295,36.5,k_1s-100ug_mL-mean,k_1s-100ug_mL-mean,k,kappa,100.0,ug/mL,100 ug/mL,water,,True
k_1s-100ug_mL-mean,15,0.294,0.293,44.5,k_1s-100ug_mL-mean,k_1s-100ug_mL-mean,k,kappa,100.0,ug/mL,100 ug/mL,water,,True
k_1s-100ug_mL-mean,16,0.292,0.291,56.5,k_1s-100ug_mL-mean,k_1s-100ug_mL-mean,k,kappa,100.0,ug/mL,100 ug/mL,water,,True
k_1s-100ug_mL-mean,17,0.29,0.29,68.5,k_1s-100ug_mL-mean,k_1s-100ug_mL-mean,k,kappa,100.0,ug/mL,100 ug/mL,water,,True
k_1s-100ug_mL-mean,18,0.288,0.289,84.5,k_1s-100ug_mL-mean,k_1s-100ug_mL-mean,k,kappa,100.0,ug/mL,100 ug/mL,water,,True
k_1s-100ug_mL-mean,19,0.285,0.285,109.0,k_1s-100ug_mL-mean,k_1s-100ug_mL-mean,k,kappa,100.0,ug/mL,100 ug/mL,water,,True
k_1s-100ug_mL-mean,20,0.282,0.282,141.0,k_1s-100ug_mL-mean,k_1s-100ug_mL-mean,k,kappa,100.0,ug/mL,100 ug/mL,water,,True
k_1s-100ug_mL-mean,21,0.279,0.279,173.0,k_1s-100ug_mL-mean,k_1s-100ug_mL-mean,k,kappa,100.0,ug/mL,100 ug/mL,water,,True
k_1s-100ug_mL-mean,22,0.275,0.275,221.0,k_1s-100ug_mL-mean,k_1s-100ug_mL-mean,k,kappa,100.0,ug/mL,100 ug/mL,water,,True
k_1s-100ug_mL-mean,23,0.27,0.27,285.0,k_1s-100ug_mL-mean,k_1s-100ug_mL-mean,k,kappa,100.0,ug/mL,100 ug/mL,water,,True
k_1s-100ug_mL-mean,24,0.265,0.265,349.0,k_1s-100ug_mL-mean,k_1s-100ug_mL-mean,k,kappa,100.0,ug/mL,100 ug/mL,water,,True
k_1s-100ug_mL-mean,25,0.259,0.259,445.0,k_1s-100ug_mL-mean,k_1s-100ug_mL-mean,k,kappa,100.0,ug/mL,100 ug/mL,water,,True
k_1s-100ug_mL-mean,26,0.251,0.251,573.0,k_1s-100ug_mL-mean,k_1s-100ug_mL-mean,k,kappa,100.0,ug/mL,100 ug/mL,water,,True
k_1s-100ug_mL-mean,27,0.244,0.244,701.0,k_1s-100ug_mL-mean,k_1s-100ug_mL-mean,k,kappa,100.0,ug/mL,100 ug/mL,water,,True
k_1s-100ug_mL-mean,28,0.235,0.234,893.0,k_1s-100ug_mL-mean,k_1s-100ug_mL-mean,k,kappa,100.0,ug/mL,100 ug/mL,water,,True
k_1s-100ug_mL-mean,29,0.223,0.223,1150.0,k_1s-100ug_mL-mean,k_1s-100ug_mL-mean,k,kappa,100.0,ug/mL,100 ug/mL,water,,True
k_1s-100ug_mL-mean,30,0.213,0.213,1400.0,k_1s-100ug_mL-mean,k_1s-100ug_mL-mean,k,kappa,100.0,ug/mL,100 ug/mL,water,,True
k_1s-100ug_mL-mean,31,0.199,0.199,1790.0,k_1s-100ug_mL-mean,k_1s-100ug_mL-mean,k,kappa,100.0,ug/mL,100 ug/mL,water,,True
k_1s-100ug_mL-mean,32,0.183,0.183,2300.0,k_1s-100ug_mL-mean,k_1s-100ug_mL-mean,k,kappa,100.0,ug/mL,100 ug/mL,water,,True
k_1s-100ug_mL-mean,33,0.169,0.17,2810.0,k_1s-100ug_mL-mean,k_1s-100ug_mL-mean,k,kappa,100.0,ug/mL,100 ug/mL,water,,True
k_1s-100ug_mL-mean,34,0.151,0.151,3580.0,k_1s-100ug_mL-mean,k_1s-100ug_mL-mean,k,kappa,100.0,ug/mL,100 ug/mL,water,,True
k_1s-100ug_mL-mean,35,0.131,0.131,4600.0,k_1s-100ug_mL-mean,k_1s-100ug_mL-mean,k,kappa,100.0,ug/mL,100 ug/mL,water,,True
k_1s-100ug_mL-mean,36,0.115,0.114,5630.0,k_1s-100ug_mL-mean,k_1s-100ug_mL-mean,k,kappa,100.0,ug/mL,100 ug/mL,water,,True
k_1s-100ug_mL-mean,37,0.0949,0.0947,7160.0,k_1s-100ug_mL-mean,k_1s-100ug_mL-mean,k,kappa,100.0,ug/mL,100 ug/mL,water,,True
k_1s-100ug_mL-mean,38,0.0747,0.0796,9210.0,k_1s-100ug_mL-mean,k_1s-100ug_mL-mean,k,kappa,100.0,ug/mL,100 ug/mL,water,,True
k_1s-100ug_mL-mean,39,0.0597,0.0554,11300.0,k_1s-100ug_mL-mean,k_1s-100ug_mL-mean,k,kappa,100.0,ug/mL,100 ug/mL,water,,True
k_1s-100ug_mL-mean,40,0.0434,0.0351,14300.0,k_1s-100ug_mL-mean,k_1s-100ug_mL-mean,k,kappa,100.0,ug/mL,100 ug/mL,water,,True
k_1s-1mg_mL 1,1,0.913,0.124,0.461,k_1s-1mg_mL 1,k_1s-1mg_mL,k,kappa,1.0,mg/mL,1 mg/mL,water,1.0,False
k_1s-1mg_mL 1,2,0.912,0.102,0.405,k_1s-1mg_mL 1,k_1s-1mg_mL,k,kappa,1.0,mg/mL,1 mg/mL,water,1.0,False
k_1s-1mg_mL 1,3,0.911,0.0757,0.337,k_1s-1mg_mL 1,k_1s-1mg_mL,k,kappa,1.0,mg/mL,1 mg/mL,water,1.0,False
k_1s-1mg_mL 1,4,0.91,0.0512,0.276,k_1s-1mg_mL 1,k_1s-1mg_mL,k,kappa,1.0,mg/mL,1 mg/mL,water,1.0,False
k_1s-1mg_mL 1,5,0.909,0.0347,0.241,k_1s-1mg_mL 1,k_1s-1mg_mL,k,kappa,1.0,mg/mL,1 mg/mL,water,1.0,False
k_1s-1mg_mL 1,6,0.908,0.0193,0.235,k_1s-1mg_mL 1,k_1s-1mg_mL,k,kappa,1.0,mg/mL,1 mg/mL,water,1.0,False
k_1s-1mg_mL 1,7,0.906,0.00887,0.228,k_1s-1mg_mL 1,k_1s-1mg_mL,k,kappa,1.0,mg/mL,1 mg/mL,water,1.0,False
k_1s-1mg_mL 1,8,0.904,0.00409,0.211,k_1s-1mg_mL 1,k_1s-1mg_mL,k,kappa,1.0,mg/mL,1 mg/mL,water,1.0,False
k_1s-1mg_mL 1,9,0.902,0.00128,0.201,k_1s-1mg_mL 1,k_1s-1mg_mL,k,kappa,1.0,mg/mL,1 mg/mL,water,1.0,False
k_1s-1mg_mL 1,10,0.899,0.912,0.188,k_1s-1mg_mL 1,k_1s-1mg_mL,k,kappa,1.0,mg/mL,1 mg/mL,water,1.0,False
k_1s-1mg_mL 1,11,0.896,0.913,0.173,k_1s-1mg_mL 1,k_1s-1mg_mL,k,kappa,1.0,mg/mL,1 mg/mL,water,1.0,False
k_1s-1mg_mL 1,12,0.893,0.911,0.182,k_1s-1mg_mL 1,k_1s-1mg_mL,k,kappa,1.0,mg/mL,1 mg/mL,water,1.0,False
k_1s-1mg_mL 1,13,0.889,0.909,0.193,k_1s-1mg_mL 1,k_1s-1mg_mL,k,kappa,1.0,mg/mL,1 mg/mL,water,1.0,False
k_1s-1mg_mL 1,14,0.884,0.909,0.153,k_1s-1mg_mL 1,k_1s-1mg_mL,k,kappa,1.0,mg/mL,1 mg/mL,water,1.0,False
k_1s-1mg_mL 1,15,0.88,0.908,0.148,k_1s-1mg_mL 1,k_1s-1mg_mL,k,kappa,1.0,mg/mL,1 mg/mL,water,1.0,False
k_1s-1mg_mL 1,16,0.873,0.906,0.145,k_1s-1mg_mL 1,k_1s-1mg_mL,k,kappa,1.0,mg/mL,1 mg/mL,water,1.0,False
k_1s-1mg_mL 1,17,0.868,0.904,0.116,k_1s-1mg_mL 1,k_1s-1mg_mL,k,kappa,1.0,mg/mL,1 mg/mL,water,1.0,False
k_1s-1mg_mL 1,18,0.86,0.902,0.0443,k_1s-1mg_mL 1,k_1s-1mg_mL,k,kappa,1.0,mg/mL,1 mg/mL,water,1.0,False
k_1s-1mg_mL 1,19,0.85,0.899,1.5,k_1s-1mg_mL 1,k_1s-1mg_mL,k,kappa,1.0,mg/mL,1 mg/mL,water,1.0,False
k_1s-1mg_mL 1,20,0.838,0.897,2.0,k_1s-1mg_mL 1,k_1s-1mg_mL,k,kappa,1.0,mg/mL,1 mg/mL,water,1.0,False
k_1s-1mg_mL 1,21,0.827,0.893,2.5,k_1s-1mg_mL 1,k_1s-1mg_mL,k,kappa,1.0,mg/mL,1 mg/mL,water,1.0,False
k_1s-1mg_mL 1,22,0.811,0.889,3.5,k_1s-1mg_mL 1,k_1s-1mg_mL,k,kappa,1.0,mg/mL,1 mg/mL,water,1.0,False
k_1s-1mg_mL 1,23,0.793,0.884,4.5,k_1s-1mg_mL 1,k_1s-1mg_mL,k,kappa,1.0,mg/mL,1 mg/mL,water,1.0,False
k_1s-1mg_mL 1,24,0.776,0.88,5.5,k_1s-1mg_mL 1,k_1s-1mg_mL,k,kappa,1.0,mg/mL,1 mg/mL,water,1.0,False
k_1s-1mg_mL 1,25,0.753,0.873,7.5,k_1s-1mg_mL 1,k_1s-1mg_mL,k,kappa,1.0,mg/mL,1 mg/mL,water,1.0,False
k_1s-1mg_mL 1,26,0.724,0.868,9.5,k_1s-1mg_mL 1,k_1s-1mg_mL,k,kappa,1.0,mg/mL,1 mg/mL,water,1.0,False
k_1s-1mg_mL 1,27,0.696,0.86,11.5,k_1s-1mg_mL 1,k_1s-1mg_mL,k,kappa,1.0,mg/mL,1 mg/mL,water,1.0,False
k_1s-1mg_mL 1,28,0.659,0.85,14.5,k_1s-1mg_mL 1,k_1s-1mg_mL,k,kappa,1.0,mg/mL,1 mg/mL,water,1.0,False
k_1s-1mg_mL 1,29,0.613,0.838,18.5,k_1s-1mg_mL 1,k_1s-1mg_mL,k,kappa,1.0,mg/mL,1 mg/mL,water,1.0,False
k_1s-1mg_mL 1,30,0.573,0.827,22.5,k_1s-1mg_mL 1,k_1s-1mg_mL,k,kappa,1.0,mg/mL,1 mg/mL,water,1.0,False
k_1s-1mg_mL 1,31,0.52,0.811,28.5,k_1s-1mg_mL 1,k_1s-1mg_mL,k,kappa,1.0,mg/mL,1 mg/mL,water,1.0,False
k_1s-1mg_mL 1,32,0.462,0.793,36.5,k_1s-1mg_mL 1,k_1s-1mg_mL,k,kappa,1.0,mg/mL,1 mg/mL,water,1.0,False
k_1s-1mg_mL 1,33,0.415,0.775,44.5,k_1s-1mg_mL 1,k_1s-1mg_mL,k,kappa,1.0,mg/mL,1 mg/mL,water,1.0,False
k_1s-1mg_mL 1,34,0.361,0.752,56.5,k_1s-1mg_mL 1,k_1s-1mg_mL,k,kappa,1.0,mg/mL,1 mg/mL,water,1.0,False
k_1s-1mg_mL 1,35,0.309,0.723,68.5,k_1s-1mg_mL 1,k_1s-1mg_mL,k,kappa,1.0,mg/mL,1 mg/mL,water,1.0,False
k_1s-1mg_mL 1,36,0.272,0.696,84.5,k_1s-1mg_mL 1,k_1s-1mg_mL,k,kappa,1.0,mg/mL,1 mg/mL,water,1.0,False
k_1s-1mg_mL 1,37,0.235,0.66,109.0,k_1s-1mg_mL 1,k_1s-1mg_mL,k,kappa,1.0,mg/mL,1 mg/mL,water,1.0,False
k_1s-1mg_mL 1,38,0.202,0.617,141.0,k_1s-1mg_mL 1,k_1s-1mg_mL,k,kappa,1.0,mg/mL,1 mg/mL,water,1.0,False
k_1s-1mg_mL 1,39,0.178,0.576,173.0,k_1s-1mg_mL 1,k_1s-1mg_mL,k,kappa,1.0,mg/mL,1 mg/mL,water,1.0,False
k_1s-1mg_mL 1,40,0.152,0.523,221.0,k_1s-1mg_mL 1,k_1s-1mg_mL,k,kappa,1.0,mg/mL,1 mg/mL,water,1.0,False
k_1s-1mg_mL 2,1,0.905,0.0381,0.44,k_1s-1mg_mL 2,k_1s-1mg_mL,k,kappa,1.0,mg/mL,1 mg/mL,water,2.0,False
k_1s-1mg_mL 2,2,0.904,0.0309,0.348,k_1s-1mg_mL 2,k_1s-1mg_mL,k,kappa,1.0,mg/mL,1 mg/mL,water,2.0,False
k_1s-1mg_mL 2,3,0.904,0.023,0.27,k_1s-1mg_mL 2,k_1s-1mg_mL,k,kappa,1.0,mg/mL,1 mg/mL,water,2.0,False
k_1s-1mg_mL 2,4,0.902,0.0155,0.191,k_1s-1mg_mL 2,k_1s-1mg_mL,k,kappa,1.0,mg/mL,1 mg/mL,water,2.0,False
k_1s-1mg_mL 2,5,0.901,0.0105,0.165,k_1s-1mg_mL 2,k_1s-1mg_mL,k,kappa,1.0,mg/mL,1 mg/mL,water,2.0,False
k_1s-1mg_mL 2,6,0.899,0.00585,0.171,k_1s-1mg_mL 2,k_1s-1mg_mL,k,kappa,1.0,mg/mL,1 mg/mL,water,2.0,False
k_1s-1mg_mL 2,7,0.897,0.00269,0.184,k_1s-1mg_mL 2,k_1s-1mg_mL,k,kappa,1.0,mg/mL,1 mg/mL,water,2.0,False
k_1s-1mg_mL 2,8,0.895,0.00124,0.16,k_1s-1mg_mL 2,k_1s-1mg_mL,k,kappa,1.0,mg/mL,1 mg/mL,water,2.0,False
k_1s-1mg_mL 2,9,0.893,0.000389,0.144,k_1s-1mg_mL 2,k_1s-1mg_mL,k,kappa,1.0,mg/mL,1 mg/mL,water,2.0,False
k_1s-1mg_mL 2,10,0.89,8.36e-05,0.147,k_1s-1mg_mL 2,k_1s-1mg_mL,k,kappa,1.0,mg/mL,1 mg/mL,water,2.0,False
k_1s-1mg_mL 2,11,0.887,0.905,0.137,k_1s-1mg_mL 2,k_1s-1mg_mL,k,kappa,1.0,mg/mL,1 mg/mL,water,2.0,False
k_1s-1mg_mL 2,12,0.884,0.904,0.137,k_1s-1mg_mL 2,k_1s-1mg_mL,k,kappa,1.0,mg/mL,1 mg/mL,water,2.0,False
k_1s-1mg_mL 2,13,0.88,0.904,0.125,k_1s-1mg_mL 2,k_1s-1mg_mL,k,kappa,1.0,mg/mL,1 mg/mL,water,2.0,False
k_1s-1mg_mL 2,14,0.874,0.902,0.108,k_1s-1mg_mL 2,k_1s-1mg_mL,k,kappa,1.0,mg/mL,1 mg/mL,water,2.0,False
k_1s-1mg_mL 2,15,0.869,0.901,0.11,k_1s-1mg_mL 2,k_1s-1mg_mL,k,kappa,1.0,mg/mL,1 mg/mL,water,2.0,False
k_1s-1mg_mL 2,16,0.863,0.899,0.0696,k_1s-1mg_mL 2,k_1s-1mg_mL,k,kappa,1.0,mg/mL,1 mg/mL,water,2.0,False
k_1s-1mg_mL 2,17,0.856,0.898,0.0629,k_1s-1mg_mL 2,k_1s-1mg_mL,k,kappa,1.0,mg/mL,1 mg/mL,water,2.0,False
k_1s-1mg_mL 2,18,0.849,0.895,0.0377,k_1s-1mg_mL 2,k_1s-1mg_mL,k,kappa,1.0,mg/mL,1 mg/mL,water,2.0,False
k_1s-1mg_mL 2,19,0.838,0.893,0.029,k_1s-1mg_mL 2,k_1s-1mg_mL,k,kappa,1.0,mg/mL,1 mg/mL,water,2.0,False
k_1s-1mg_mL 2,20,0.826,0.89,0.0221,k_1s-1mg_mL 2,k_1s-1mg_mL,k,kappa,1.0,mg/mL,1 mg/mL,water,2.0,False
k_1s-1mg_mL 2,21,0.815,0.886,1.5,k_1s-1mg_mL 2,k_1s-1mg_mL,k,kappa,1.0,mg/mL,1 mg/mL,water,2.0,False
k_1s-1mg_mL 2,22,0.799,0.884,2.0,k_1s-1mg_mL 2,k_1s-1mg_mL,k,kappa,1.0,mg/mL,1 mg/mL,water,2.0,False
k_1s-1mg_mL 2,23,0.779,0.88,2.5,k_1s-1mg_mL 2,k_1s-1mg_mL,k,kappa,1.0,mg/mL,1 mg/mL,water,2.0,False
k_1s-1mg_mL 2,24,0.76,0.874,3.5,k_1s-1mg_mL 2,k_1s-1mg_mL,k,kappa,1.0,mg/mL,1 mg/mL,water,2.0,False
k_1s-1mg_mL 2,25,0.733,0.869,4.5,k_1s-1mg_mL 2,k_1s-1mg_mL,k,kappa,1.0,mg/mL,1 mg/mL,water,2.0,False
k_1s-1mg_mL 2,26,0.699,0.863,5.5,k_1s-1mg_mL 2,k_1s-1mg_mL,k,kappa,1.0,mg/mL,1 mg/mL,water,2.0,False
k_1s-1mg_mL 2,27,0.666,0.856,7.5,k_1s-1mg_mL 2,k_1s-1mg_mL,k,kappa,1.0,mg/mL,1 mg/mL,water,2.0,False
k_1s-1mg_mL 2,28,0.62,0.849,9.5,k_1s-1mg_mL 2,k_1s-1mg_mL,k,kappa,1.0,mg/mL,1 mg/mL,water,2.0,False
k_1s-1mg_mL 2,29,0.565,0.839,11.5,k_1s-1mg_mL 2,k_1s-1mg_mL,k,kappa,1.0,mg/mL,1 mg/mL,water,2.0,False
k_1s-1mg_mL 2,30,0.516,0.826,14.5,k_1s-1mg_mL 2,k_1s-1mg_mL,k,kappa,1.0,mg/mL,1 mg/mL,water,2.0,False
k_1s-1mg_mL 2,31,0.451,0.814,18.5,k_1s-1mg_mL 2,k_1s-1mg_mL,k,kappa,1.0,mg/mL,1 mg/mL,water,2.0,False
k_1s-1mg_mL 2,32,0.379,0.798,22.5,k_1s-1mg_mL 2,k_1s-1mg_mL,k,kappa,1.0,mg/mL,1 mg/mL,water,2.0,False
k_1s-1mg_mL 2,33,0.32,0.778,28.5,k_1s-1mg_mL 2,k_1s-1mg_mL,k,kappa,1.0,mg/mL,1 mg/mL,water,2.0,False
k_1s-1mg_mL 2,34,0.253,0.759,36.5,k_1s-1mg_mL 2,k_1s-1mg_mL,k,kappa,1.0,mg/mL,1 mg/mL,water,2.0,False
k_1s-1mg_mL 2,35,0.19,0.733,44.5,k_1s-1mg_mL 2,k_1s-1mg_mL,k,kappa,1.0,mg/mL,1 mg/mL,water,2.0,False
k_1s-1mg_mL 2,36,0.147,0.7,56.5,k_1s-1mg_mL 2,k_1s-1mg_mL,k,kappa,1.0,mg/mL,1 mg/mL,water,2.0,False
k_1s-1mg_mL 2,37,0.107,0.669,68.5,k_1s-1mg_mL 2,k_1s-1mg_mL,k,kappa,1.0,mg/mL,1 mg/mL,water,2.0,False
k_1s-1mg_mL 2,38,0.078,0.625,84.5,k_1s-1mg_mL 2,k_1s-1mg_mL,k,kappa,1.0,mg/mL,1 mg/mL,water,2.0,False
k_1s-1mg_mL 2,39,0.062,0.569,109.0,k_1s-1mg_mL 2,k_1s-1mg_mL,k,kappa,1.0,mg/mL,1 mg/mL,water,2.0,False
k_1s-1mg_mL 2,40,0.0486,0.516,141.0,k_1s-1mg_mL 2,k_1s-1mg_mL,k,kappa,1.0,mg/mL,1 mg/mL,water,2.0,False
k_1s-1mg_mL 3,1,0.885,0.032,0.31,k_1s-1mg_mL 3,k_1s-1mg_mL,k,kappa,1.0,mg/mL,1 mg/mL,water,3.0,False
k_1s-1mg_mL 3,2,0.884,0.026,0.233,k_1s-1mg_mL 3,k_1s-1mg_mL,k,kappa,1.0,mg/mL,1 mg/mL,water,3.0,False
k_1s-1mg_mL 3,3,0.884,0.0193,0.168,k_1s-1mg_mL 3,k_1s-1mg_mL,k,kappa,1.0,mg/mL,1 mg/mL,water,3.0,False
k_1s-1mg_mL 3,4,0.882,0.0131,0.165,k_1s-1mg_mL 3,k_1s-1mg_mL,k,kappa,1.0,mg/mL,1 mg/mL,water,3.0,False
k_1s-1mg_mL 3,5,0.881,0.00884,0.177,k_1s-1mg_mL 3,k_1s-1mg_mL,k,kappa,1.0,mg/mL,1 mg/mL,water,3.0,False
k_1s-1mg_mL 3,6,0.879,0.00493,0.168,k_1s-1mg_mL 3,k_1s-1mg_mL,k,kappa,1.0,mg/mL,1 mg/mL,water,3.0,False
k_1s-1mg_mL 3,7,0.877,0.00227,0.142,k_1s-1mg_mL 3,k_1s-1mg_mL,k,kappa,1.0,mg/mL,1 mg/mL,water,3.0,False
k_1s-1mg_mL 3,8,0.875,0.00105,0.144,k_1s-1mg_mL 3,k_1s-1mg_mL,k,kappa,1.0,mg/mL,1 mg/mL,water,3.0,False
k_1s-1mg_mL 3,9,0.873,0.000329,0.148,k_1s-1mg_mL 3,k_1s-1mg_mL,k,kappa,1.0,mg/mL,1 mg/mL,water,3.0,False
k_1s-1mg_mL 3,10,0.871,0.885,0.128,k_1s-1mg_mL 3,k_1s-1mg_mL,k,kappa,1.0,mg/mL,1 mg/mL,water,3.0,False
k_1s-1mg_mL 3,11,0.867,0.885,0.131,k_1s-1mg_mL 3,k_1s-1mg_mL,k,kappa,1.0,mg/mL,1 mg/mL,water,3.0,False
k_1s-1mg_mL 3,12,0.864,0.884,0.112,k_1s-1mg_mL 3,k_1s-1mg_mL,k,kappa,1.0,mg/mL,1 mg/mL,water,3.0,False
k_1s-1mg_mL 3,13,0.86,0.881,0.122,k_1s-1mg_mL 3,k_1s-1mg_mL,k,kappa,1.0,mg/mL,1 mg/mL,water,3.0,False
k_1s-1mg_mL 3,14,0.855,0.881,0.107,k_1s-1mg_mL 3,k_1s-1mg_mL,k,kappa,1.0,mg/mL,1 mg/mL,water,3.0,False
k_1s-1mg_mL 3,15,0.85,0.88,0.0877,k_1s-1mg_mL 3,k_1s-1mg_mL,k,kappa,1.0,mg/mL,1 mg/mL,water,3.0,False
k_1s-1mg_mL 3,16,0.844,0.877,0.0903,k_1s-1mg_mL 3,k_1s-1mg_mL,k,kappa,1.0,mg/mL,1 mg/mL,water,3.0,False
k_1s-1mg_mL 3,17,0.838,0.875,0.0847,k_1s-1mg_mL 3,k_1s-1mg_mL,k,kappa,1.0,mg/mL,1 mg/mL,water,3.0,False
k_1s-1mg_mL 3,18,0.83,0.873,0.0741,k_1s-1mg_mL 3,k_1s-1mg_mL,k,kappa,1.0,mg/mL,1 mg/mL,water,3.0,False
k_1s-1mg_mL 3,19,0.82,0.87,1.5,k_1s-1mg_mL 3,k_1s-1mg_mL,k,kappa,1.0,mg/mL,1 mg/mL,water,3.0,False
k_1s-1mg_mL 3,20,0.808,0.867,2.0,k_1s-1mg_mL 3,k_1s-1mg_mL,k,kappa,1.0,mg/mL,1 mg/mL,water,3.0,False
k_1s-1mg_mL 3,21,0.796,0.864,2.5,k_1s-1mg_mL 3,k_1s-1mg_mL,k,kappa,1.0,mg/mL,1 mg/mL,water,3.0,False
k_1s-1mg_mL 3,22,0.78,0.86,3.5,k_1s-1mg_mL 3,k_1s-1mg_mL,k,kappa,1.0,mg/mL,1 mg/mL,water,3.0,False
k_1s-1mg_mL 3,23,0.76,0.855,4.5,k_1s-1mg_mL 3,k_1s-1mg_mL,k,kappa,1.0,mg/mL,1 mg/mL,water,3.0,False
k_1s-1mg_mL 3,24,0.741,0.85,5.5,k_1s-1mg_mL 3,k_1s-1mg_mL,k,kappa,1.0,mg/mL,1 mg/mL,water,3.0,False
k_1s-1mg_mL 3,25,0.713,0.844,7.5,k_1s-1mg_mL 3,k_1s-1mg_mL,k,kappa,1.0,mg/mL,1 mg/mL,water,3.0,False
k_1s-1mg_mL 3,26,0.677,0.838,9.5,k_1s-1mg_mL 3,k_1s-1mg_mL,k,kappa,1.0,mg/mL,1 mg/mL,water,3.0,False
k_1s-1mg_mL 3,27,0.644,0.83,11.5,k_1s-1mg_mL 3,k_1s-1mg_mL,k,kappa,1.0,mg/mL,1 mg/mL,water,3.0,False
k_1s-1mg_mL 3,28,0.597,0.82,14.5,k_1s-1mg_mL 3,k_1s-1mg_mL,k,kappa,1.0,mg/mL,1 mg/mL,water,3.0,False
k_1s-1mg_mL 3,29,0.54,0.807,18.5,k_1s-1mg_mL 3,k_1s-1mg_mL,k,kappa,1.0,mg/mL,1 mg/mL,water,3.0,False
k_1s-1mg_mL 3,30,0.49,0.795,22.5,k_1s-1mg_mL 3,k_1s-1mg_mL,k,kappa,1.0,mg/mL,1 mg/mL,water,3.0,False
k_1s-1mg_mL 3,31,0.424,0.779,28.5,k_1s-1mg_mL 3,k_1s-1mg_mL,k,kappa,1.0,mg/mL,1 mg/mL,water,3.0,False
k_1s-1mg_mL 3,32,0.353,0.759,36.5,k_1s-1mg_mL 3,k_1s-1mg_mL,k,kappa,1.0,mg/mL,1 mg/mL,water,3.0,False
k_1s-1mg_mL 3,33,0.295,0.74,44.5,k_1s-1mg_mL 3,k_1s-1mg_mL,k,kappa,1.0,mg/mL,1 mg/mL,water,3.0,False
k_1s-1mg_mL 3,34,0.229,0.713,56.5,k_1s-1mg_mL 3,k_1s-1mg_mL,k,kappa,1.0,mg/mL,1 mg/mL,water,3.0,False
k_1s-1mg_mL 3,35,0.169,0.68,68.5,k_1s-1mg_mL 3,k_1s-1mg_mL,k,kappa,1.0,mg/mL,1 mg/mL,water,3.0,False
k_1s-1mg_mL 3,36,0.129,0.648,84.5,k_1s-1mg_mL 3,k_1s-1mg_mL,k,kappa,1.0,mg/mL,1 mg/mL,water,3.0,False
k_1s-1mg_mL 3,37,0.0918,0.602,109.0,k_1s-1mg_mL 3,k_1s-1mg_mL,k,kappa,1.0,mg/mL,1 mg/mL,water,3.0,False
k_1s-1mg_mL 3,38,0.0657,0.544,141.0,k_1s-1mg_mL 3,k_1s-1mg_mL,k,kappa,1.0,mg/mL,1 mg/mL,water,3.0,False
k_1s-1mg_mL 3,39,0.0519,0.487,173.0,k_1s-1mg_mL 3,k_1s-1mg_mL,k,kappa,1.0,mg/mL,1 mg/mL,water,3.0,False
k_1s-1mg_mL 3,40,0.0407,0.407,221.0,k_1s-1mg_mL 3,k_1s-1mg_mL,k,kappa,1.0,mg/mL,1 mg/mL,water,3.0,False
k_1s-1mg_mL-mean,1,0.913,0.124,0.461,k_1s-1mg_mL-mean,k_1s-1mg_mL-mean,k,kappa,1.0,mg/mL,1 mg/mL,water,,True
k_1s-1mg_mL-mean,2,0.912,0.102,0.405,k_1s-1mg_mL-mean,k_1s-1mg_mL-mean,k,kappa,1.0,mg/mL,1 mg/mL,water,,True
k_1s-1mg_mL-mean,3,0.911,0.0757,0.337,k_1s-1mg_mL-mean,k_1s-1mg_mL-mean,k,kappa,1.0,mg/mL,1 mg/mL,water,,True
k_1s-1mg_mL-mean,4,0.91,0.0512,0.276,k_1s-1mg_mL-mean,k_1s-1mg_mL-mean,k,kappa,1.0,mg/mL,1 mg/mL,water,,True
k_1s-1mg_mL-mean,5,0.909,0.0347,0.241,k_1s-1mg_mL-mean,k_1s-1mg_mL-mean,k,kappa,1.0,mg/mL,1 mg/mL,water,,True
k_1s-1mg_mL-mean,6,0.908,0.0193,0.235,k_1s-1mg_mL-mean,k_1s-1mg_mL-mean,k,kappa,1.0,mg/mL,1 mg/mL,water,,True
k_1s-1mg_mL-mean,7,0.906,0.00887,0.228,k_1s-1mg_mL-mean,k_1s-1mg_mL-mean,k,kappa,1.0,mg/mL,1 mg/mL,water,,True
k_1s-1mg_mL-mean,8,0.904,0.00409,0.211,k_1s-1mg_mL-mean,k_1s-1mg_mL-mean,k,kappa,1.0,mg/mL,1 mg/mL,water,,True
k_1s-1mg_mL-mean,9,0.902,0.00128,0.201,k_1s-1mg_mL-mean,k_1s-1mg_mL-mean,k,kappa,1.0,mg/mL,1 mg/mL,water,,True
k_1s-1mg_mL-mean,10,0.899,0.912,0.188,k_1s-1mg_mL-mean,k_1s-1mg_mL-mean,k,kappa,1.0,mg/mL,1 mg/mL,water,,True
k_1s-1mg_mL-mean,11,0.896,0.913,0.173,k_1s-1mg_mL-mean,k_1s-1mg_mL-mean,k,kappa,1.0,mg/mL,1 mg/mL,water,,True
k_1s-1mg_mL-mean,12,0.893,0.911,0.182,k_1s-1mg_mL-mean,k_1s-1mg_mL-mean,k,kappa,1.0,mg/mL,1 mg/mL,water,,True
k_1s-1mg_mL-mean,13,0.889,0.909,0.193,k_1s-1mg_mL-mean,k_1s-1mg_mL-mean,k,kappa,1.0,mg/mL,1 mg/mL,water,,True
k_1s-1mg_mL-mean,14,0.884,0.909,0.153,k_1s-1mg_mL-mean,k_1s-1mg_mL-mean,k,kappa,1.0,mg/mL,1 mg/mL,water,,True
k_1s-1mg_mL-mean,15,0.88,0.908,0.148,k_1s-1mg_mL-mean,k_1s-1mg_mL-mean,k,kappa,1.0,mg/mL,1 mg/mL,water,,True
k_1s-1mg_mL-mean,16,0.873,0.906,0.145,k_1s-1mg_mL-mean,k_1s-1mg_mL-mean,k,kappa,1.0,mg/mL,1 mg/mL,water,,True
k_1s-1mg_mL-mean,17,0.868,0.904,0.116,k_1s-1mg_mL-mean,k_1s-1mg_mL-mean,k,kappa,1.0,mg/mL,1 mg/mL,water,,True
k_1s-1mg_mL-mean,18,0.86,0.902,0.0443,k_1s-1mg_mL-mean,k_1s-1mg_mL-mean,k,kappa,1.0,mg/mL,1 mg/mL,water,,True
k_1s-1mg_mL-mean,19,0.85,0.899,1.5,k_1s-1mg_mL-mean,k_1s-1mg_mL-mean,k,kappa,1.0,mg/mL,1 mg/mL,water,,True
k_1s-1mg_mL-mean,20,0.838,0.897,2.0,k_1s-1mg_mL-mean,k_1s-1mg_mL-mean,k,kappa,1.0,mg/mL,1 mg/mL,water,,True
k_1s-1mg_mL-mean,21,0.827,0.893,2.5,k_1s-1mg_mL-mean,k_1s-1mg_mL-mean,k,kappa,1.0,mg/mL,1 mg/mL,water,,True
k_1s-1mg_mL-mean,22,0.811,0.889,3.5,k_1s-1mg_mL-mean,k_1s-1mg_mL-mean,k,kappa,1.0,mg/mL,1 mg/mL,water,,True
k_1s-1mg_mL-mean,23,0.793,0.884,4.5,k_1s-1mg_mL-mean,k_1s-1mg_mL-mean,k,kappa,1.0,mg/mL,1 mg/mL,water,,True
k_1s-1mg_mL-mean,24,0.776,0.88,5.5,k_1s-1mg_mL-mean,k_1s-1mg_mL-mean,k,kappa,1.0,mg/mL,1 mg/mL,water,,True
k_1s-1mg_mL-mean,25,0.753,0.873,7.5,k_1s-1mg_mL-mean,k_1s-1mg_mL-mean,k,kappa,1.0,mg/mL,1 mg/mL,water,,True
k_1s-1mg_mL-mean,26,0.724,0.868,9.5,k_1s-1mg_mL-mean,k_1s-1mg_mL-mean,k,kappa,1.0,mg/mL,1 mg/mL,water,,True
k_1s-1mg_mL-mean,27,0.696,0.86,11.5,k_1s-1mg_mL-mean,k_1s-1mg_mL-mean,k,kappa,1.0,mg/mL,1 mg/mL,water,,True
k_1s-1mg_mL-mean,28,0.659,0.85,14.5,k_1s-1mg_mL-mean,k_1s-1mg_mL-mean,k,kappa,1.0,mg/mL,1 mg/mL,water,,True
k_1s-1mg_mL-mean,29,0.613,0.838,18.5,k_1s-1mg_mL-mean,k_1s-1mg_mL-mean,k,kappa,1.0,mg/mL,1 mg/mL,water,,True
k_1s-1mg_mL-mean,30,0.573,0.827,22.5,k_1s-1mg_mL-mean,k_1s-1mg_mL-mean,k,kappa,1.0,mg/mL,1 mg/mL,water,,True
k_1s-1mg_mL-mean,31,0.52,0.811,28.5,k_1s-1mg_mL-mean,k_1s-1mg_mL-mean,k,kappa,1.0,mg/mL,1 mg/mL,water,,True
k_1s-1mg_mL-mean,32,0.462,0.793,36.5,k_1s-1mg_mL-mean,k_1s-1mg_mL-mean,k,kappa,1.0,mg/mL,1 mg/mL,water,,True
k_1s-1mg_mL-mean,33,0.415,0.775,44.5,k_1s-1mg_mL-mean,k_1s-1mg_mL-mean,k,kappa,1.0,mg/mL,1 mg/mL,water,,True
k_1s-1mg_mL-mean,34,0.361,0.752,56.5,k_1s-1mg_mL-mean,k_1s-1mg_mL-mean,k,kappa,1.0,mg/mL,1 mg/mL,water,,True
k_1s-1mg_mL-mean,35,0.309,0.723,68.5,k_1s-1mg_mL-mean,k_1s-1mg_mL-mean,k,kappa,1.0,mg/mL,1 mg/mL,water,,True
k_1s-1mg_mL-mean,36,0.272,0.696,84.5,k_1s-1mg_mL-mean,k_1s-1mg_mL-mean,k,kappa,1.0,mg/mL,1 mg/mL,water,,True
k_1s-1mg_mL-mean,37,0.235,0.66,109.0,k_1s-1mg_mL-mean,k_1s-1mg_mL-mean,k,kappa,1.0,mg/mL,1 mg/mL,water,,True
k_1s-1mg_mL-mean,38,0.202,0.617,141.0,k_1s-1mg_mL-mean,k_1s-1mg_mL-mean,k,kappa,1.0,mg/mL,1 mg/mL,water,,True
k_1s-1mg_mL-mean,39,0.178,0.576,173.0,k_1s-1mg_mL-mean,k_1s-1mg_mL-mean,k,kappa,1.0,mg/mL,1 mg/mL,water,,True
k_1s-1mg_mL-mean,40,0.152,0.523,221.0,k_1s-1mg_mL-mean,k_1s-1mg_mL-mean,k,kappa,1.0,mg/mL,1 mg/mL,water,,True
aMEM_10pct-Ctrl 1,1,0.858,0.00434,0.0285,aMEM_10pct-Ctrl 1,aMEM_10pct-Ctrl,,,,,,medium,1.0,False
aMEM_10pct-Ctrl 1,2,0.849,0.00316,0.0155,aMEM_10pct-Ctrl 1,aMEM_10pct-Ctrl,,,,,,medium,1.0,False
aMEM_10pct-Ctrl 1,3,0.84,0.00199,0.0178,aMEM_10pct-Ctrl 1,aMEM_10pct-Ctrl,,,,,,medium,1.0,False
aMEM_10pct-Ctrl 1,4,0.823,0.00111,0.0252,aMEM_10pct-Ctrl 1,aMEM_10pct-Ctrl,,,,,,medium,1.0,False
aMEM_10pct-Ctrl 1,5,0.807,0.000629,0.0258,aMEM_10pct-Ctrl 1,aMEM_10pct-Ctrl,,,,,,medium,1.0,False
aMEM_10pct-Ctrl 1,6,0.791,0.857,0.0261,aMEM_10pct-Ctrl 1,aMEM_10pct-Ctrl,,,,,,medium,1.0,False
aMEM_10pct-Ctrl 1,7,0.762,0.849,0.021,aMEM_10pct-Ctrl 1,aMEM_10pct-Ctrl,,,,,,medium,1.0,False
aMEM_10pct-Ctrl 1,8,0.735,0.841,0.0289,aMEM_10pct-Ctrl 1,aMEM_10pct-Ctrl,,,,,,medium,1.0,False
aMEM_10pct-Ctrl 1,9,0.71,0.824,0.0173,aMEM_10pct-Ctrl 1,aMEM_10pct-Ctrl,,,,,,medium,1.0,False
aMEM_10pct-Ctrl 1,10,0.675,0.806,0.0176,aMEM_10pct-Ctrl 1,aMEM_10pct-Ctrl,,,,,,medium,1.0,False
aMEM_10pct-Ctrl 1,11,0.634,0.79,1.5,aMEM_10pct-Ctrl 1,aMEM_10pct-Ctrl,,,,,,medium,1.0,False
aMEM_10pct-Ctrl 1,12,0.599,0.763,2.0,aMEM_10pct-Ctrl 1,aMEM_10pct-Ctrl,,,,,,medium,1.0,False
aMEM_10pct-Ctrl 1,13,0.552,0.735,2.5,aMEM_10pct-Ctrl 1,aMEM_10pct-Ctrl,,,,,,medium,1.0,False
aMEM_10pct-Ctrl 1,14,0.5,0.708,3.5,aMEM_10pct-Ctrl 1,aMEM_10pct-Ctrl,,,,,,medium,1.0,False
aMEM_10pct-Ctrl 1,15,0.456,0.676,4.5,aMEM_10pct-Ctrl 1,aMEM_10pct-Ctrl,,,,,,medium,1.0,False
aMEM_10pct-Ctrl 1,16,0.403,0.634,5.5,aMEM_10pct-Ctrl 1,aMEM_10pct-Ctrl,,,,,,medium,1.0,False
aMEM_10pct-Ctrl 1,17,0.361,0.599,7.5,aMEM_10pct-Ctrl 1,aMEM_10pct-Ctrl,,,,,,medium,1.0,False
aMEM_10pct-Ctrl 1,18,0.315,0.552,9.5,aMEM_10pct-Ctrl 1,aMEM_10pct-Ctrl,,,,,,medium,1.0,False
aMEM_10pct-Ctrl 1,19,0.264,0.499,11.5,aMEM_10pct-Ctrl 1,aMEM_10pct-Ctrl,,,,,,medium,1.0,False
aMEM_10pct-Ctrl 1,20,0.216,0.457,14.5,aMEM_10pct-Ctrl 1,aMEM_10pct-Ctrl,,,,,,medium,1.0,False
aMEM_10pct-Ctrl 1,21,0.182,0.404,18.5,aMEM_10pct-Ctrl 1,aMEM_10pct-Ctrl,,,,,,medium,1.0,False
aMEM_10pct-Ctrl 1,22,0.147,0.36,22.5,aMEM_10pct-Ctrl 1,aMEM_10pct-Ctrl,,,,,,medium,1.0,False
aMEM_10pct-Ctrl 1,23,0.117,0.315,28.5,aMEM_10pct-Ctrl 1,aMEM_10pct-Ctrl,,,,,,medium,1.0,False
aMEM_10pct-Ctrl 1,24,0.0983,0.263,36.5,aMEM_10pct-Ctrl 1,aMEM_10pct-Ctrl,,,,,,medium,1.0,False
aMEM_10pct-Ctrl 1,25,0.0799,0.217,44.5,aMEM_10pct-Ctrl 1,aMEM_10pct-Ctrl,,,,,,medium,1.0,False
aMEM_10pct-Ctrl 1,26,0.0649,0.183,56.5,aMEM_10pct-Ctrl 1,aMEM_10pct-Ctrl,,,,,,medium,1.0,False
aMEM_10pct-Ctrl 1,27,0.0553,0.148,68.5,aMEM_10pct-Ctrl 1,aMEM_10pct-Ctrl,,,,,,medium,1.0,False
aMEM_10pct-Ctrl 1,28,0.0458,0.117,84.5,aMEM_10pct-Ctrl 1,aMEM_10pct-Ctrl,,,,,,medium,1.0,False
aMEM_10pct-Ctrl 1,29,0.0378,0.0966,109.0,aMEM_10pct-Ctrl 1,aMEM_10pct-Ctrl,,,,,,medium,1.0,False
aMEM_10pct-Ctrl 1,30,0.0325,0.0673,141.0,aMEM_10pct-Ctrl 1,aMEM_10pct-Ctrl,,,,,,medium,1.0,False
aMEM_10pct-Ctrl 1,31,0.0272,0.0555,173.0,aMEM_10pct-Ctrl 1,aMEM_10pct-Ctrl,,,,,,medium,1.0,False
aMEM_10pct-Ctrl 1,32,0.0229,0.0541,221.0,aMEM_10pct-Ctrl 1,aMEM_10pct-Ctrl,,,,,,medium,1.0,False
aMEM_10pct-Ctrl 1,33,0.02,0.044,285.0,aMEM_10pct-Ctrl 1,aMEM_10pct-Ctrl,,,,,,medium,1.0,False
aMEM_10pct-Ctrl 1,34,0.0172,0.0354,349.0,aMEM_10pct-Ctrl 1,aMEM_10pct-Ctrl,,,,,,medium,1.0,False
aMEM_10pct-Ctrl 1,35,0.0148,0.0342,445.0,aMEM_10pct-Ctrl 1,aMEM_10pct-Ctrl,,,,,,medium,1.0,False
aMEM_10pct-Ctrl 1,36,0.0132,0.0269,573.0,aMEM_10pct-Ctrl 1,aMEM_10pct-Ctrl,,,,,,medium,1.0,False
aMEM_10pct-Ctrl 1,37,0.0112,0.0243,701.0,aMEM_10pct-Ctrl 1,aMEM_10pct-Ctrl,,,,,,medium,1.0,False
aMEM_10pct-Ctrl 1,38,0.00931,0.0255,893.0,aMEM_10pct-Ctrl 1,aMEM_10pct-Ctrl,,,,,,medium,1.0,False
aMEM_10pct-Ctrl 1,39,0.0078,0.0164,1150.0,aMEM_10pct-Ctrl 1,aMEM_10pct-Ctrl,,,,,,medium,1.0,False
aMEM_10pct-Ctrl 1,40,0.00603,0.0283,1400.0,aMEM_10pct-Ctrl 1,aMEM_10pct-Ctrl,,,,,,medium,1.0,False
aMEM_10pct-Ctrl 2,1,0.855,0.00651,0.0315,aMEM_10pct-Ctrl 2,aMEM_10pct-Ctrl,,,,,,medium,2.0,False
aMEM_10pct-Ctrl 2,2,0.847,0.00451,0.0261,aMEM_10pct-Ctrl 2,aMEM_10pct-Ctrl,,,,,,medium,2.0,False
aMEM_10pct-Ctrl 2,3,0.838,0.00268,0.021,aMEM_10pct-Ctrl 2,aMEM_10pct-Ctrl,,,,,,medium,2.0,False
aMEM_10pct-Ctrl 2,4,0.821,0.00141,0.0246,aMEM_10pct-Ctrl 2,aMEM_10pct-Ctrl,,,,,,medium,2.0,False
aMEM_10pct-Ctrl 2,5,0.804,0.000763,0.0206,aMEM_10pct-Ctrl 2,aMEM_10pct-Ctrl,,,,,,medium,2.0,False
aMEM_10pct-Ctrl 2,6,0.789,0.000321,0.0263,aMEM_10pct-Ctrl 2,aMEM_10pct-Ctrl,,,,,,medium,2.0,False
aMEM_10pct-Ctrl 2,7,0.759,0.000108,0.0208,aMEM_10pct-Ctrl 2,aMEM_10pct-Ctrl,,,,,,medium,2.0,False
aMEM_10pct-Ctrl 2,8,0.731,0.856,0.018,aMEM_10pct-Ctrl 2,aMEM_10pct-Ctrl,,,,,,medium,2.0,False
aMEM_10pct-Ctrl 2,9,0.706,0.846,0.0167,aMEM_10pct-Ctrl 2,aMEM_10pct-Ctrl,,,,,,medium,2.0,False
aMEM_10pct-Ctrl 2,10,0.671,0.837,0.0195,aMEM_10pct-Ctrl 2,aMEM_10pct-Ctrl,,,,,,medium,2.0,False
aMEM_10pct-Ctrl 2,11,0.629,0.82,0.0194,aMEM_10pct-Ctrl 2,aMEM_10pct-Ctrl,,,,,,medium,2.0,False
aMEM_10pct-Ctrl 2,12,0.593,0.806,0.0183,aMEM_10pct-Ctrl 2,aMEM_10pct-Ctrl,,,,,,medium,2.0,False
aMEM_10pct-Ctrl 2,13,0.546,0.79,0.0161,aMEM_10pct-Ctrl 2,aMEM_10pct-Ctrl,,,,,,medium,2.0,False
aMEM_10pct-Ctrl 2,14,0.494,0.759,0.0148,aMEM_10pct-Ctrl 2,aMEM_10pct-Ctrl,,,,,,medium,2.0,False
aMEM_10pct-Ctrl 2,15,0.451,0.731,1.5,aMEM_10pct-Ctrl 2,aMEM_10pct-Ctrl,,,,,,medium,2.0,False
aMEM_10pct-Ctrl 2,16,0.398,0.705,2.0,aMEM_10pct-Ctrl 2,aMEM_10pct-Ctrl,,,,,,medium,2.0,False
aMEM_10pct-Ctrl 2,17,0.356,0.67,2.5,aMEM_10pct-Ctrl 2,aMEM_10pct-Ctrl,,,,,,medium,2.0,False
aMEM_10pct-Ctrl 2,18,0.311,0.63,3.5,aMEM_10pct-Ctrl 2,aMEM_10pct-Ctrl,,,,,,medium,2.0,False
aMEM_10pct-Ctrl 2,19,0.259,0.594,4.5,aMEM_10pct-Ctrl 2,aMEM_10pct-Ctrl,,,,,,medium,2.0,False
aMEM_10pct-Ctrl 2,20,0.209,0.547,5.5,aMEM_10pct-Ctrl 2,aMEM_10pct-Ctrl,,,,,,medium,2.0,False
aMEM_10pct-Ctrl 2,21,0.174,0.494,7.5,aMEM_10pct-Ctrl 2,aMEM_10pct-Ctrl,,,,,,medium,2.0,False
aMEM_10pct-Ctrl 2,22,0.137,0.45,9.5,aMEM_10pct-Ctrl 2,aMEM_10pct-Ctrl,,,,,,medium,2.0,False
aMEM_10pct-Ctrl 2,23,0.106,0.398,11.5,aMEM_10pct-Ctrl 2,aMEM_10pct-Ctrl,,,,,,medium,2.0,False
aMEM_10pct-Ctrl 2,24,0.087,0.356,14.5,aMEM_10pct-Ctrl 2,aMEM_10pct-Ctrl,,,,,,medium,2.0,False
aMEM_10pct-Ctrl 2,25,0.0702,0.311,18.5,aMEM_10pct-Ctrl 2,aMEM_10pct-Ctrl,,,,,,medium,2.0,False
aMEM_10pct-Ctrl 2,26,0.0585,0.259,22.5,aMEM_10pct-Ctrl 2,aMEM_10pct-Ctrl,,,,,,medium,2.0,False
aMEM_10pct-Ctrl 2,27,0.0525,0.208,28.5,aMEM_10pct-Ctrl 2,aMEM_10pct-Ctrl,,,,,,medium,2.0,False
aMEM_10pct-Ctrl 2,28,0.0477,0.175,36.5,aMEM_10pct-Ctrl 2,aMEM_10pct-Ctrl,,,,,,medium,2.0,False
aMEM_10pct-Ctrl 2,29,0.0444,0.141,44.5,aMEM_10pct-Ctrl 2,aMEM_10pct-Ctrl,,,,,,medium,2.0,False
aMEM_10pct-Ctrl 2,30,0.0423,0.108,56.5,aMEM_10pct-Ctrl 2,aMEM_10pct-Ctrl,,,,,,medium,2.0,False
aMEM_10pct-Ctrl 2,31,0.0399,0.0869,68.5,aMEM_10pct-Ctrl 2,aMEM_10pct-Ctrl,,,,,,medium,2.0,False
aMEM_10pct-Ctrl 2,32,0.0371,0.0705,84.5,aMEM_10pct-Ctrl 2,aMEM_10pct-Ctrl,,,,,,medium,2.0,False
aMEM_10pct-Ctrl 2,33,0.0347,0.0521,109.0,aMEM_10pct-Ctrl 2,aMEM_10pct-Ctrl,,,,,,medium,2.0,False
aMEM_10pct-Ctrl 2,34,0.0314,0.0453,141.0,aMEM_10pct-Ctrl 2,aMEM_10pct-Ctrl,,,,,,medium,2.0,False
aMEM_10pct-Ctrl 2,35,0.0276,0.027,173.0,aMEM_10pct-Ctrl 2,aMEM_10pct-Ctrl,,,,,,medium,2.0,False
aMEM_10pct-Ctrl 2,36,0.0244,0.0417,221.0,aMEM_10pct-Ctrl 2,aMEM_10pct-Ctrl,,,,,,medium,2.0,False
aMEM_10pct-Ctrl 2,37,0.0204,0.0279,285.0,aMEM_10pct-Ctrl 2,aMEM_10pct-Ctrl,,,,,,medium,2.0,False
aMEM_10pct-Ctrl 2,38,0.0163,0.0313,349.0,aMEM_10pct-Ctrl 2,aMEM_10pct-Ctrl,,,,,,medium,2.0,False
aMEM_10pct-Ctrl 2,39,0.0131,0.0278,445.0,aMEM_10pct-Ctrl 2,aMEM_10pct-Ctrl,,,,,,medium,2.0,False
aMEM_10pct-Ctrl 2,40,0.00959,0.0261,573.0,aMEM_10pct-Ctrl 2,aMEM_10pct-Ctrl,,,,,,medium,2.0,False
aMEM_10pct-Ctrl 3,1,0.855,0.818,7.5,aMEM_10pct-Ctrl 3,aMEM_10pct-Ctrl,,,,,,medium,3.0,False
aMEM_10pct-Ctrl 3,2,0.846,0.803,9.5,aMEM_10pct-Ctrl 3,aMEM_10pct-Ctrl,,,,,,medium,3.0,False
aMEM_10pct-Ctrl 3,3,0.837,0.789,11.5,aMEM_10pct-Ctrl 3,aMEM_10pct-Ctrl,,,,,,medium,3.0,False
aMEM_10pct-Ctrl 3,4,0.82,0.758,14.5,aMEM_10pct-Ctrl 3,aMEM_10pct-Ctrl,,,,,,medium,3.0,False
aMEM_10pct-Ctrl 3,5,0.803,0.732,18.5,aMEM_10pct-Ctrl 3,aMEM_10pct-Ctrl,,,,,,medium,3.0,False
aMEM_10pct-Ctrl 3,6,0.788,0.708,22.5,aMEM_10pct-Ctrl 3,aMEM_10pct-Ctrl,,,,,,medium,3.0,False
aMEM_10pct-Ctrl 3,7,0.759,0.673,28.5,aMEM_10pct-Ctrl 3,aMEM_10pct-Ctrl,,,,,,medium,3.0,False
aMEM_10pct-Ctrl 3,8,0.732,0.63,36.5,aMEM_10pct-Ctrl 3,aMEM_10pct-Ctrl,,,,,,medium,3.0,False
aMEM_10pct-Ctrl 3,9,0.707,0.594,44.5,aMEM_10pct-Ctrl 3,aMEM_10pct-Ctrl,,,,,,medium,3.0,False
aMEM_10pct-Ctrl 3,10,0.672,0.547,56.5,aMEM_10pct-Ctrl 3,aMEM_10pct-Ctrl,,,,,,medium,3.0,False
aMEM_10pct-Ctrl 3,11,0.631,0.494,68.5,aMEM_10pct-Ctrl 3,aMEM_10pct-Ctrl,,,,,,medium,3.0,False
aMEM_10pct-Ctrl 3,12,0.594,0.45,84.5,aMEM_10pct-Ctrl 3,aMEM_10pct-Ctrl,,,,,,medium,3.0,False
aMEM_10pct-Ctrl 3,13,0.547,0.398,109.0,aMEM_10pct-Ctrl 3,aMEM_10pct-Ctrl,,,,,,medium,3.0,False
aMEM_10pct-Ctrl 3,14,0.494,0.357,141.0,aMEM_10pct-Ctrl 3,aMEM_10pct-Ctrl,,,,,,medium,3.0,False
aMEM_10pct-Ctrl 3,15,0.45,0.313,173.0,aMEM_10pct-Ctrl 3,aMEM_10pct-Ctrl,,,,,,medium,3.0,False
aMEM_10pct-Ctrl 3,16,0.398,0.262,221.0,aMEM_10pct-Ctrl 3,aMEM_10pct-Ctrl,,,,,,medium,3.0,False
aMEM_10pct-Ctrl 3,17,0.356,0.213,285.0,aMEM_10pct-Ctrl 3,aMEM_10pct-Ctrl,,,,,,medium,3.0,False
aMEM_10pct-Ctrl 3,18,0.312,0.174,349.0,aMEM_10pct-Ctrl 3,aMEM_10pct-Ctrl,,,,,,medium,3.0,False
aMEM_10pct-Ctrl 3,19,0.262,0.139,445.0,aMEM_10pct-Ctrl 3,aMEM_10pct-Ctrl,,,,,,medium,3.0,False
aMEM_10pct-Ctrl 3,20,0.214,0.109,573.0,aMEM_10pct-Ctrl 3,aMEM_10pct-Ctrl,,,,,,medium,3.0,False
aMEM_10pct-Ctrl 3,21,0.178,0.0879,701.0,aMEM_10pct-Ctrl 3,aMEM_10pct-Ctrl,,,,,,medium,3.0,False
aMEM_10pct-Ctrl 3,22,0.139,0.0704,893.0,aMEM_10pct-Ctrl 3,aMEM_10pct-Ctrl,,,,,,medium,3.0,False
aMEM_10pct-Ctrl 3,23,0.104,0.0553,1150.0,aMEM_10pct-Ctrl 3,aMEM_10pct-Ctrl,,,,,,medium,3.0,False
aMEM_10pct-Ctrl 3,24,0.0812,0.0306,1400.0,aMEM_10pct-Ctrl 3,aMEM_10pct-Ctrl,,,,,,medium,3.0,False
aMEM_10pct-Ctrl 3,25,0.059,0.0289,1790.0,aMEM_10pct-Ctrl 3,aMEM_10pct-Ctrl,,,,,,medium,3.0,False
aMEM_10pct-Ctrl 3,26,0.0423,0.0342,2300.0,aMEM_10pct-Ctrl 3,aMEM_10pct-Ctrl,,,,,,medium,3.0,False
aMEM_10pct-Ctrl 3,27,0.0331,0.0255,2810.0,aMEM_10pct-Ctrl 3,aMEM_10pct-Ctrl,,,,,,medium,3.0,False
aMEM_10pct-Ctrl 3,28,0.0258,0.0255,3580.0,aMEM_10pct-Ctrl 3,aMEM_10pct-Ctrl,,,,,,medium,3.0,False
aMEM_10pct-Ctrl 3,29,0.0214,0.0265,4600.0,aMEM_10pct-Ctrl 3,aMEM_10pct-Ctrl,,,,,,medium,3.0,False
aMEM_10pct-Ctrl 3,30,0.0194,0.0155,5630.0,aMEM_10pct-Ctrl 3,aMEM_10pct-Ctrl,,,,,,medium,3.0,False
aMEM_10pct-Ctrl 3,31,0.0179,0.0271,7160.0,aMEM_10pct-Ctrl 3,aMEM_10pct-Ctrl,,,,,,medium,3.0,False
aMEM_10pct-Ctrl-mean,1,0.858,0.00434,0.0285,aMEM_10pct-Ctrl-mean,aMEM_10pct-Ctrl-mean,,,,,,medium,,True
aMEM_10pct-Ctrl-mean,2,0.849,0.00316,0.0155,aMEM_10pct-Ctrl-mean,aMEM_10pct-Ctrl-mean,,,,,,medium,,True
aMEM_10pct-Ctrl-mean,3,0.84,0.00199,0.0178,aMEM_10pct-Ctrl-mean,aMEM_10pct-Ctrl-mean,,,,,,medium,,True
aMEM_10pct-Ctrl-mean,4,0.823,0.00111,0.0252,aMEM_10pct-Ctrl-mean,aMEM_10pct-Ctrl-mean,,,,,,medium,,True
aMEM_10pct-Ctrl-mean,5,0.807,0.000629,0.0258,aMEM_10pct-Ctrl-mean,aMEM_10pct-Ctrl-mean,,,,,,medium,,True
aMEM_10pct-Ctrl-mean,6,0.791,0.857,0.0261,aMEM_10pct-Ctrl-mean,aMEM_10pct-Ctrl-mean,,,,,,medium,,True
aMEM_10pct-Ctrl-mean,7,0.762,0.849,0.021,aMEM_10pct-Ctrl-mean,aMEM_10pct-Ctrl-mean,,,,,,medium,,True
aMEM_10pct-Ctrl-mean,8,0.735,0.841,0.0289,aMEM_10pct-Ctrl-mean,aMEM_10pct-Ctrl-mean,,,,,,medium,,True
aMEM_10pct-Ctrl-mean,9,0.71,0.824,0.0173,aMEM_10pct-Ctrl-mean,aMEM_10pct-Ctrl-mean,,,,,,medium,,True
aMEM_10pct-Ctrl-mean,10,0.675,0.806,0.0176,aMEM_10pct-Ctrl-mean,aMEM_10pct-Ctrl-mean,,,,,,medium,,True
aMEM_10pct-Ctrl-mean,11,0.634,0.79,1.5,aMEM_10pct-Ctrl-mean,aMEM_10pct-Ctrl-mean,,,,,,medium,,True
aMEM_10pct-Ctrl-mean,12,0.599,0.763,2.0,aMEM_10pct-Ctrl-mean,aMEM_10pct-Ctrl-mean,,,,,,medium,,True
aMEM_10pct-Ctrl-mean,13,0.552,0.735,2.5,aMEM_10pct-Ctrl-mean,aMEM_10pct-Ctrl-mean,,,,,,medium,,True
aMEM_10pct-Ctrl-mean,14,0.5,0.708,3.5,aMEM_10pct-Ctrl-mean,aMEM_10pct-Ctrl-mean,,,,,,medium,,True
aMEM_10pct-Ctrl-mean,15,0.456,0.676,4.5,aMEM_10pct-Ctrl-mean,aMEM_10pct-Ctrl-mean,,,,,,medium,,True
aMEM_10pct-Ctrl-mean,16,0.403,0.634,5.5,aMEM_10pct-Ctrl-mean,aMEM_10pct-Ctrl-mean,,,,,,medium,,True
aMEM_10pct-Ctrl-mean,17,0.361,0.599,7.5,aMEM_10pct-Ctrl-mean,aMEM_10pct-Ctrl-mean,,,,,,medium,,True
aMEM_10pct-Ctrl-mean,18,0.315,0.552,9.5,aMEM_10pct-Ctrl-mean,aMEM_10pct-Ctrl-mean,,,,,,medium,,True
aMEM_10pct-Ctrl-mean,19,0.264,0.499,11.5,aMEM_10pct-Ctrl-mean,aMEM_10pct-Ctrl-mean,,,,,,medium,,True
aMEM_10pct-Ctrl-mean,20,0.216,0.457,14.5,aMEM_10pct-Ctrl-mean,aMEM_10pct-Ctrl-mean,,,,,,medium,,True
aMEM_10pct-Ctrl-mean,21,0.182,0.404,18.5,aMEM_10pct-Ctrl-mean,aMEM_10pct-Ctrl-mean,,,,,,medium,,True
aMEM_10pct-Ctrl-mean,22,0.147,0.36,22.5,aMEM_10pct-Ctrl-mean,aMEM_10pct-Ctrl-mean,,,,,,medium,,True
aMEM_10pct-Ctrl-mean,23,0.117,0.315,28.5,aMEM_10pct-Ctrl-mean,aMEM_10pct-Ctrl-mean,,,,,,medium,,True
aMEM_10pct-Ctrl-mean,24,0.0983,0.263,36.5,aMEM_10pct-Ctrl-mean,aMEM_10pct-Ctrl-mean,,,,,,medium,,True
aMEM_10pct-Ctrl-mean,25,0.0799,0.217,44.5,aMEM_10pct-Ctrl-mean,aMEM_10pct-Ctrl-mean,,,,,,medium,,True
aMEM_10pct-Ctrl-mean,26,0.0649,0.183,56.5,aMEM_10pct-Ctrl-mean,aMEM_10pct-Ctrl-mean,,,,,,medium,,True
aMEM_10pct-Ctrl-mean,27,0.0553,0.148,68.5,aMEM_10pct-Ctrl-mean,aMEM_10pct-Ctrl-mean,,,,,,medium,,True
aMEM_10pct-Ctrl-mean,28,0.0458,0.117,84.5,aMEM_10pct-Ctrl-mean,aMEM_10pct-Ctrl-mean,,,,,,medium,,True
aMEM_10pct-Ctrl-mean,29,0.0378,0.0966,109.0,aMEM_10pct-Ctrl-mean,aMEM_10pct-Ctrl-mean,,,,,,medium,,True
aMEM_10pct-Ctrl-mean,30,0.0325,0.0673,141.0,aMEM_10pct-Ctrl-mean,aMEM_10pct-Ctrl-mean,,,,,,medium,,True
aMEM_10pct-Ctrl-mean,31,0.0272,0.0555,173.0,aMEM_10pct-Ctrl-mean,aMEM_10pct-Ctrl-mean,,,,,,medium,,True
aMEM_10pct-Ctrl-mean,32,0.0229,0.0541,221.0,aMEM_10pct-Ctrl-mean,aMEM_10pct-Ctrl-mean,,,,,,medium,,True
aMEM_10pct-Ctrl-mean,33,0.02,0.044,285.0,aMEM_10pct-Ctrl-mean,aMEM_10pct-Ctrl-mean,,,,,,medium,,True
aMEM_10pct-Ctrl-mean,34,0.0172,0.0354,349.0,aMEM_10pct-Ctrl-mean,aMEM_10pct-Ctrl-mean,,,,,,medium,,True
aMEM_10pct-Ctrl-mean,35,0.0148,0.0342,445.0,aMEM_10pct-Ctrl-mean,aMEM_10pct-Ctrl-mean,,,,,,medium,,True
aMEM_10pct-Ctrl-mean,36,0.0132,0.0269,573.0,aMEM_10pct-Ctrl-mean,aMEM_10pct-Ctrl-mean,,,,,,medium,,True
aMEM_10pct-Ctrl-mean,37,0.0112,0.0243,701.0,aMEM_10pct-Ctrl-mean,aMEM_10pct-Ctrl-mean,,,,,,medium,,True
aMEM_10pct-Ctrl-mean,38,0.00931,0.0255,893.0,aMEM_10pct-Ctrl-mean,aMEM_10pct-Ctrl-mean,,,,,,medium,,True
aMEM_10pct-Ctrl-mean,39,0.0078,0.0164,1150.0,aMEM_10pct-Ctrl-mean,aMEM_10pct-Ctrl-mean,,,,,,medium,,True
aMEM_10pct-Ctrl-mean,40,0.00603,0.0283,1400.0,aMEM_10pct-Ctrl-mean,aMEM_10pct-Ctrl-mean,,,,,,medium,,True
aMEM_10pct-k_1s 1,1,0.863,0.00577,0.0293,aMEM_10pct-k_1s 1,aMEM_10pct-k_1s,k,kappa,100.0,ug/mL,100 ug/mL,medium,1.0,False
aMEM_10pct-k_1s 1,2,0.855,0.00403,0.0228,aMEM_10pct-k_1s 1,aMEM_10pct-k_1s,k,kappa,100.0,ug/mL,100 ug/mL,medium,1.0,False
aMEM_10pct-k_1s 1,3,0.848,0.00243,0.0323,aMEM_10pct-k_1s 1,aMEM_10pct-k_1s,k,kappa,100.0,ug/mL,100 ug/mL,medium,1.0,False
aMEM_10pct-k_1s 1,4,0.834,0.0013,0.0277,aMEM_10pct-k_1s 1,aMEM_10pct-k_1s,k,kappa,100.0,ug/mL,100 ug/mL,medium,1.0,False
aMEM_10pct-k_1s 1,5,0.82,0.000718,0.0223,aMEM_10pct-k_1s 1,aMEM_10pct-k_1s,k,kappa,100.0,ug/mL,100 ug/mL,medium,1.0,False
aMEM_10pct-k_1s 1,6,0.807,0.00031,0.0215,aMEM_10pct-k_1s 1,aMEM_10pct-k_1s,k,kappa,100.0,ug/mL,100 ug/mL,medium,1.0,False
aMEM_10pct-k_1s 1,7,0.782,0.863,0.0263,aMEM_10pct-k_1s 1,aMEM_10pct-k_1s,k,kappa,100.0,ug/mL,100 ug/mL,medium,1.0,False
aMEM_10pct-k_1s 1,8,0.758,0.856,0.0304,aMEM_10pct-k_1s 1,aMEM_10pct-k_1s,k,kappa,100.0,ug/mL,100 ug/mL,medium,1.0,False
aMEM_10pct-k_1s 1,9,0.736,0.848,0.0278,aMEM_10pct-k_1s 1,aMEM_10pct-k_1s,k,kappa,100.0,ug/mL,100 ug/mL,medium,1.0,False
aMEM_10pct-k_1s 1,10,0.706,0.833,0.0163,aMEM_10pct-k_1s 1,aMEM_10pct-k_1s,k,kappa,100.0,ug/mL,100 ug/mL,medium,1.0,False
aMEM_10pct-k_1s 1,11,0.669,0.821,0.012,aMEM_10pct-k_1s 1,aMEM_10pct-k_1s,k,kappa,100.0,ug/mL,100 ug/mL,medium,1.0,False
aMEM_10pct-k_1s 1,12,0.637,0.808,0.0167,aMEM_10pct-k_1s 1,aMEM_10pct-k_1s,k,kappa,100.0,ug/mL,100 ug/mL,medium,1.0,False
aMEM_10pct-k_1s 1,13,0.595,0.781,1.5,aMEM_10pct-k_1s 1,aMEM_10pct-k_1s,k,kappa,100.0,ug/mL,100 ug/mL,medium,1.0,False
aMEM_10pct-k_1s 1,14,0.547,0.758,2.0,aMEM_10pct-k_1s 1,aMEM_10pct-k_1s,k,kappa,100.0,ug/mL,100 ug/mL,medium,1.0,False
aMEM_10pct-k_1s 1,15,0.507,0.736,2.5,aMEM_10pct-k_1s 1,aMEM_10pct-k_1s,k,kappa,100.0,ug/mL,100 ug/mL,medium,1.0,False
aMEM_10pct-k_1s 1,16,0.458,0.706,3.5,aMEM_10pct-k_1s 1,aMEM_10pct-k_1s,k,kappa,100.0,ug/mL,100 ug/mL,medium,1.0,False
aMEM_10pct-k_1s 1,17,0.417,0.67,4.5,aMEM_10pct-k_1s 1,aMEM_10pct-k_1s,k,kappa,100.0,ug/mL,100 ug/mL,medium,1.0,False
aMEM_10pct-k_1s 1,18,0.373,0.637,5.5,aMEM_10pct-k_1s 1,aMEM_10pct-k_1s,k,kappa,100.0,ug/mL,100 ug/mL,medium,1.0,False
aMEM_10pct-k_1s 1,19,0.321,0.594,7.5,aMEM_10pct-k_1s 1,aMEM_10pct-k_1s,k,kappa,100.0,ug/mL,100 ug/mL,medium,1.0,False
aMEM_10pct-k_1s 1,20,0.269,0.547,9.5,aMEM_10pct-k_1s 1,aMEM_10pct-k_1s,k,kappa,100.0,ug/mL,100 ug/mL,medium,1.0,False
aMEM_10pct-k_1s 1,21,0.23,0.507,11.5,aMEM_10pct-k_1s 1,aMEM_10pct-k_1s,k,kappa,100.0,ug/mL,100 ug/mL,medium,1.0,False
aMEM_10pct-k_1s 1,22,0.187,0.459,14.5,aMEM_10pct-k_1s 1,aMEM_10pct-k_1s,k,kappa,100.0,ug/mL,100 ug/mL,medium,1.0,False
aMEM_10pct-k_1s 1,23,0.149,0.418,18.5,aMEM_10pct-k_1s 1,aMEM_10pct-k_1s,k,kappa,100.0,ug/mL,100 ug/mL,medium,1.0,False
aMEM_10pct-k_1s 1,24,0.124,0.372,22.5,aMEM_10pct-k_1s 1,aMEM_10pct-k_1s,k,kappa,100.0,ug/mL,100 ug/mL,medium,1.0,False
aMEM_10pct-k_1s 1,25,0.101,0.32,28.5,aMEM_10pct-k_1s 1,aMEM_10pct-k_1s,k,kappa,100.0,ug/mL,100 ug/mL,medium,1.0,False
aMEM_10pct-k_1s 1,26,0.0833,0.268,36.5,aMEM_10pct-k_1s 1,aMEM_10pct-k_1s,k,kappa,100.0,ug/mL,100 ug/mL,medium,1.0,False
aMEM_10pct-k_1s 1,27,0.0731,0.228,44.5,aMEM_10pct-k_1s 1,aMEM_10pct-k_1s,k,kappa,100.0,ug/mL,100 ug/mL,medium,1.0,False
aMEM_10pct-k_1s 1,28,0.0642,0.188,56.5,aMEM_10pct-k_1s 1,aMEM_10pct-k_1s,k,kappa,100.0,ug/mL,100 ug/mL,medium,1.0,False
aMEM_10pct-k_1s 1,29,0.0573,0.156,68.5,aMEM_10pct-k_1s 1,aMEM_10pct-k_1s,k,kappa,100.0,ug/mL,100 ug/mL,medium,1.0,False
aMEM_10pct-k_1s 1,30,0.0527,0.126,84.5,aMEM_10pct-k_1s 1,aMEM_10pct-k_1s,k,kappa,100.0,ug/mL,100 ug/mL,medium,1.0,False
aMEM_10pct-k_1s 1,31,0.0476,0.101,109.0,aMEM_10pct-k_1s 1,aMEM_10pct-k_1s,k,kappa,100.0,ug/mL,100 ug/mL,medium,1.0,False
aMEM_10pct-k_1s 1,32,0.0423,0.0704,141.0,aMEM_10pct-k_1s 1,aMEM_10pct-k_1s,k,kappa,100.0,ug/mL,100 ug/mL,medium,1.0,False
aMEM_10pct-k_1s 1,33,0.038,0.0619,173.0,aMEM_10pct-k_1s 1,aMEM_10pct-k_1s,k,kappa,100.0,ug/mL,100 ug/mL,medium,1.0,False
aMEM_10pct-k_1s 1,34,0.0329,0.046,221.0,aMEM_10pct-k_1s 1,aMEM_10pct-k_1s,k,kappa,100.0,ug/mL,100 ug/mL,medium,1.0,False
aMEM_10pct-k_1s 1,35,0.0277,0.0447,285.0,aMEM_10pct-k_1s 1,aMEM_10pct-k_1s,k,kappa,100.0,ug/mL,100 ug/mL,medium,1.0,False
aMEM_10pct-k_1s 1,36,0.0236,0.0251,349.0,aMEM_10pct-k_1s 1,aMEM_10pct-k_1s,k,kappa,100.0,ug/mL,100 ug/mL,medium,1.0,False
aMEM_10pct-k_1s 1,37,0.0191,0.0419,445.0,aMEM_10pct-k_1s 1,aMEM_10pct-k_1s,k,kappa,100.0,ug/mL,100 ug/mL,medium,1.0,False
aMEM_10pct-k_1s 1,38,0.0148,0.0242,573.0,aMEM_10pct-k_1s 1,aMEM_10pct-k_1s,k,kappa,100.0,ug/mL,100 ug/mL,medium,1.0,False
aMEM_10pct-k_1s 1,39,0.0117,0.0322,701.0,aMEM_10pct-k_1s 1,aMEM_10pct-k_1s,k,kappa,100.0,ug/mL,100 ug/mL,medium,1.0,False
aMEM_10pct-k_1s 1,40,0.00852,0.0323,893.0,aMEM_10pct-k_1s 1,aMEM_10pct-k_1s,k,kappa,100.0,ug/mL,100 ug/mL,medium,1.0,False
aMEM_10pct-k_1s 2,1,0.865,0.0123,0.0411,aMEM_10pct-k_1s 2,aMEM_10pct-k_1s,k,kappa,100.0,ug/mL,100 ug/mL,medium,2.0,False
aMEM_10pct-k_1s 2,2,0.857,0.00909,0.0447,aMEM_10pct-k_1s 2,aMEM_10pct-k_1s,k,kappa,100.0,ug/mL,100 ug/mL,medium,2.0,False
aMEM_10pct-k_1s 2,3,0.849,0.00585,0.0403,aMEM_10pct-k_1s 2,aMEM_10pct-k_1s,k,kappa,100.0,ug/mL,100 ug/mL,medium,2.0,False
aMEM_10pct-k_1s 2,4,0.834,0.00332,0.0306,aMEM_10pct-k_1s 2,aMEM_10pct-k_1s,k,kappa,100.0,ug/mL,100 ug/mL,medium,2.0,False
aMEM_10pct-k_1s 2,5,0.82,0.00192,0.0367,aMEM_10pct-k_1s 2,aMEM_10pct-k_1s,k,kappa,100.0,ug/mL,100 ug/mL,medium,2.0,False
aMEM_10pct-k_1s 2,6,0.806,0.000872,0.0433,aMEM_10pct-k_1s 2,aMEM_10pct-k_1s,k,kappa,100.0,ug/mL,100 ug/mL,medium,2.0,False
aMEM_10pct-k_1s 2,7,0.779,0.000319,0.0323,aMEM_10pct-k_1s 2,aMEM_10pct-k_1s,k,kappa,100.0,ug/mL,100 ug/mL,medium,2.0,False
aMEM_10pct-k_1s 2,8,0.755,0.000121,0.0383,aMEM_10pct-k_1s 2,aMEM_10pct-k_1s,k,kappa,100.0,ug/mL,100 ug/mL,medium,2.0,False
aMEM_10pct-k_1s 2,9,0.732,3.01e-05,0.0381,aMEM_10pct-k_1s 2,aMEM_10pct-k_1s,k,kappa,100.0,ug/mL,100 ug/mL,medium,2.0,False
aMEM_10pct-k_1s 2,10,0.701,0.864,0.0364,aMEM_10pct-k_1s 2,aMEM_10pct-k_1s,k,kappa,100.0,ug/mL,100 ug/mL,medium,2.0,False
aMEM_10pct-k_1s 2,11,0.664,0.858,0.0346,aMEM_10pct-k_1s 2,aMEM_10pct-k_1s,k,kappa,100.0,ug/mL,100 ug/mL,medium,2.0,False
aMEM_10pct-k_1s 2,12,0.631,0.85,0.032,aMEM_10pct-k_1s 2,aMEM_10pct-k_1s,k,kappa,100.0,ug/mL,100 ug/mL,medium,2.0,False
aMEM_10pct-k_1s 2,13,0.588,0.834,0.0303,aMEM_10pct-k_1s 2,aMEM_10pct-k_1s,k,kappa,100.0,ug/mL,100 ug/mL,medium,2.0,False
aMEM_10pct-k_1s 2,14,0.54,0.819,0.0319,aMEM_10pct-k_1s 2,aMEM_10pct-k_1s,k,kappa,100.0,ug/mL,100 ug/mL,medium,2.0,False
aMEM_10pct-k_1s 2,15,0.5,0.806,0.0286,aMEM_10pct-k_1s 2,aMEM_10pct-k_1s,k,kappa,100.0,ug/mL,100 ug/mL,medium,2.0,False
aMEM_10pct-k_1s 2,16,0.45,0.779,0.019,aMEM_10pct-k_1s 2,aMEM_10pct-k_1s,k,kappa,100.0,ug/mL,100 ug/mL,medium,2.0,False
aMEM_10pct-k_1s 2,17,0.41,0.754,0.0224,aMEM_10pct-k_1s 2,aMEM_10pct-k_1s,k,kappa,100.0,ug/mL,100 ug/mL,medium,2.0,False
aMEM_10pct-k_1s 2,18,0.366,0.732,0.0143,aMEM_10pct-k_1s 2,aMEM_10pct-k_1s,k,kappa,100.0,ug/mL,100 ug/mL,medium,2.0,False
aMEM_10pct-k_1s 2,19,0.315,0.701,1.5,aMEM_10pct-k_1s 2,aMEM_10pct-k_1s,k,kappa,100.0,ug/mL,100 ug/mL,medium,2.0,False
aMEM_10pct-k_1s 2,20,0.265,0.663,2.0,aMEM_10pct-k_1s 2,aMEM_10pct-k_1s,k,kappa,100.0,ug/mL,100 ug/mL,medium,2.0,False
aMEM_10pct-k_1s 2,21,0.228,0.631,2.5,aMEM_10pct-k_1s 2,aMEM_10pct-k_1s,k,kappa,100.0,ug/mL,100 ug/mL,medium,2.0,False
aMEM_10pct-k_1s 2,22,0.188,0.588,3.5,aMEM_10pct-k_1s 2,aMEM_10pct-k_1s,k,kappa,100.0,ug/mL,100 ug/mL,medium,2.0,False
aMEM_10pct-k_1s 2,23,0.153,0.54,4.5,aMEM_10pct-k_1s 2,aMEM_10pct-k_1s,k,kappa,100.0,ug/mL,100 ug/mL,medium,2.0,False
aMEM_10pct-k_1s 2,24,0.129,0.499,5.5,aMEM_10pct-k_1s 2,aMEM_10pct-k_1s,k,kappa,100.0,ug/mL,100 ug/mL,medium,2.0,False
aMEM_10pct-k_1s 2,25,0.106,0.45,7.5,aMEM_10pct-k_1s 2,aMEM_10pct-k_1s,k,kappa,100.0,ug/mL,100 ug/mL,medium,2.0,False
aMEM_10pct-k_1s 2,26,0.0869,0.409,9.5,aMEM_10pct-k_1s 2,aMEM_10pct-k_1s,k,kappa,100.0,ug/mL,100 ug/mL,medium,2.0,False
aMEM_10pct-k_1s 2,27,0.0754,0.366,11.5,aMEM_10pct-k_1s 2,aMEM_10pct-k_1s,k,kappa,100.0,ug/mL,100 ug/mL,medium,2.0,False
aMEM_10pct-k_1s 2,28,0.0651,0.316,14.5,aMEM_10pct-k_1s 2,aMEM_10pct-k_1s,k,kappa,100.0,ug/mL,100 ug/mL,medium,2.0,False
aMEM_10pct-k_1s 2,29,0.0574,0.264,18.5,aMEM_10pct-k_1s 2,aMEM_10pct-k_1s,k,kappa,100.0,ug/mL,100 ug/mL,medium,2.0,False
aMEM_10pct-k_1s 2,30,0.0529,0.228,22.5,aMEM_10pct-k_1s 2,aMEM_10pct-k_1s,k,kappa,100.0,ug/mL,100 ug/mL,medium,2.0,False
aMEM_10pct-k_1s 2,31,0.0487,0.189,28.5,aMEM_10pct-k_1s 2,aMEM_10pct-k_1s,k,kappa,100.0,ug/mL,100 ug/mL,medium,2.0,False
aMEM_10pct-k_1s 2,32,0.0453,0.154,36.5,aMEM_10pct-k_1s 2,aMEM_10pct-k_1s,k,kappa,100.0,ug/mL,100 ug/mL,medium,2.0,False
aMEM_10pct-k_1s 2,33,0.0428,0.132,44.5,aMEM_10pct-k_1s 2,aMEM_10pct-k_1s,k,kappa,100.0,ug/mL,100 ug/mL,medium,2.0,False
aMEM_10pct-k_1s 2,34,0.0398,0.103,56.5,aMEM_10pct-k_1s 2,aMEM_10pct-k_1s,k,kappa,100.0,ug/mL,100 ug/mL,medium,2.0,False
aMEM_10pct-k_1s 2,35,0.0365,0.0836,68.5,aMEM_10pct-k_1s 2,aMEM_10pct-k_1s,k,kappa,100.0,ug/mL,100 ug/mL,medium,2.0,False
aMEM_10pct-k_1s 2,36,0.0335,0.0673,84.5,aMEM_10pct-k_1s 2,aMEM_10pct-k_1s,k,kappa,100.0,ug/mL,100 ug/mL,medium,2.0,False
aMEM_10pct-k_1s 2,37,0.0295,0.0616,109.0,aMEM_10pct-k_1s 2,aMEM_10pct-k_1s,k,kappa,100.0,ug/mL,100 ug/mL,medium,2.0,False
aMEM_10pct-k_1s 2,38,0.025,0.0413,141.0,aMEM_10pct-k_1s 2,aMEM_10pct-k_1s,k,kappa,100.0,ug/mL,100 ug/mL,medium,2.0,False
aMEM_10pct-k_1s 2,39,0.0213,0.0472,173.0,aMEM_10pct-k_1s 2,aMEM_10pct-k_1s,k,kappa,100.0,ug/mL,100 ug/mL,medium,2.0,False
aMEM_10pct-k_1s 2,40,0.0168,0.0527,221.0,aMEM_10pct-k_1s 2,aMEM_10pct-k_1s,k,kappa,100.0,ug/mL,100 ug/mL,medium,2.0,False
aMEM_10pct-k_1s 3,1,0.858,0.00612,0.0218,aMEM_10pct-k_1s 3,aMEM_10pct-k_1s,k,kappa,100.0,ug/mL,100 ug/mL,medium,3.0,False
aMEM_10pct-k_1s 3,2,0.85,0.00444,0.0209,aMEM_10pct-k_1s 3,aMEM_10pct-k_1s,k,kappa,100.0,ug/mL,100 ug/mL,medium,3.0,False
aMEM_10pct-k_1s 3,3,0.842,0.00279,0.0358,aMEM_10pct-k_1s 3,aMEM_10pct-k_1s,k,kappa,100.0,ug/mL,100 ug/mL,medium,3.0,False
aMEM_10pct-k_1s 3,4,0.827,0.00155,0.0227,aMEM_10pct-k_1s 3,aMEM_10pct-k_1s,k,kappa,100.0,ug/mL,100 ug/mL,medium,3.0,False
aMEM_10pct-k_1s 3,5,0.812,0.000876,0.0243,aMEM_10pct-k_1s 3,aMEM_10pct-k_1s,k,kappa,100.0,ug/mL,100 ug/mL,medium,3.0,False
aMEM_10pct-k_1s 3,6,0.798,0.000388,0.0245,aMEM_10pct-k_1s 3,aMEM_10pct-k_1s,k,kappa,100.0,ug/mL,100 ug/mL,medium,3.0,False
aMEM_10pct-k_1s 3,7,0.771,0.858,0.0196,aMEM_10pct-k_1s 3,aMEM_10pct-k_1s,k,kappa,100.0,ug/mL,100 ug/mL,medium,3.0,False
aMEM_10pct-k_1s 3,8,0.747,0.849,0.0192,aMEM_10pct-k_1s 3,aMEM_10pct-k_1s,k,kappa,100.0,ug/mL,100 ug/mL,medium,3.0,False
aMEM_10pct-k_1s 3,9,0.724,0.842,0.0218,aMEM_10pct-k_1s 3,aMEM_10pct-k_1s,k,kappa,100.0,ug/mL,100 ug/mL,medium,3.0,False
aMEM_10pct-k_1s 3,10,0.692,0.828,0.0175,aMEM_10pct-k_1s 3,aMEM_10pct-k_1s,k,kappa,100.0,ug/mL,100 ug/mL,medium,3.0,False
aMEM_10pct-k_1s 3,11,0.655,0.812,0.0166,aMEM_10pct-k_1s 3,aMEM_10pct-k_1s,k,kappa,100.0,ug/mL,100 ug/mL,medium,3.0,False
aMEM_10pct-k_1s 3,12,0.622,0.799,0.0215,aMEM_10pct-k_1s 3,aMEM_10pct-k_1s,k,kappa,100.0,ug/mL,100 ug/mL,medium,3.0,False
aMEM_10pct-k_1s 3,13,0.578,0.771,1.5,aMEM_10pct-k_1s 3,aMEM_10pct-k_1s,k,kappa,100.0,ug/mL,100 ug/mL,medium,3.0,False
aMEM_10pct-k_1s 3,14,0.53,0.746,2.0,aMEM_10pct-k_1s 3,aMEM_10pct-k_1s,k,kappa,100.0,ug/mL,100 ug/mL,medium,3.0,False
aMEM_10pct-k_1s 3,15,0.489,0.724,2.5,aMEM_10pct-k_1s 3,aMEM_10pct-k_1s,k,kappa,100.0,ug/mL,100 ug/mL,medium,3.0,False
aMEM_10pct-k_1s 3,16,0.439,0.692,3.5,aMEM_10pct-k_1s 3,aMEM_10pct-k_1s,k,kappa,100.0,ug/mL,100 ug/mL,medium,3.0,False
aMEM_10pct-k_1s 3,17,0.399,0.655,4.5,aMEM_10pct-k_1s 3,aMEM_10pct-k_1s,k,kappa,100.0,ug/mL,100 ug/mL,medium,3.0,False
aMEM_10pct-k_1s 3,18,0.355,0.622,5.5,aMEM_10pct-k_1s 3,aMEM_10pct-k_1s,k,kappa,100.0,ug/mL,100 ug/mL,medium,3.0,False
aMEM_10pct-k_1s 3,19,0.304,0.579,7.5,aMEM_10pct-k_1s 3,aMEM_10pct-k_1s,k,kappa,100.0,ug/mL,100 ug/mL,medium,3.0,False
aMEM_10pct-k_1s 3,20,0.255,0.529,9.5,aMEM_10pct-k_1s 3,aMEM_10pct-k_1s,k,kappa,100.0,ug/mL,100 ug/mL,medium,3.0,False
aMEM_10pct-k_1s 3,21,0.218,0.489,11.5,aMEM_10pct-k_1s 3,aMEM_10pct-k_1s,k,kappa,100.0,ug/mL,100 ug/mL,medium,3.0,False
aMEM_10pct-k_1s 3,22,0.178,0.439,14.5,aMEM_10pct-k_1s 3,aMEM_10pct-k_1s,k,kappa,100.0,ug/mL,100 ug/mL,medium,3.0,False
aMEM_10pct-k_1s 3,23,0.142,0.4,18.5,aMEM_10pct-k_1s 3,aMEM_10pct-k_1s,k,kappa,100.0,ug/mL,100 ug/mL,medium,3.0,False
aMEM_10pct-k_1s 3,24,0.117,0.355,22.5,aMEM_10pct-k_1s 3,aMEM_10pct-k_1s,k,kappa,100.0,ug/mL,100 ug/mL,medium,3.0,False
aMEM_10pct-k_1s 3,25,0.0917,0.304,28.5,aMEM_10pct-k_1s 3,aMEM_10pct-k_1s,k,kappa,100.0,ug/mL,100 ug/mL,medium,3.0,False
aMEM_10pct-k_1s 3,26,0.0708,0.256,36.5,aMEM_10pct-k_1s 3,aMEM_10pct-k_1s,k,kappa,100.0,ug/mL,100 ug/mL,medium,3.0,False
aMEM_10pct-k_1s 3,27,0.0578,0.218,44.5,aMEM_10pct-k_1s 3,aMEM_10pct-k_1s,k,kappa,100.0,ug/mL,100 ug/mL,medium,3.0,False
aMEM_10pct-k_1s 3,28,0.046,0.177,56.5,aMEM_10pct-k_1s 3,aMEM_10pct-k_1s,k,kappa,100.0,ug/mL,100 ug/mL,medium,3.0,False
aMEM_10pct-k_1s 3,29,0.0373,0.141,68.5,aMEM_10pct-k_1s 3,aMEM_10pct-k_1s,k,kappa,100.0,ug/mL,100 ug/mL,medium,3.0,False
aMEM_10pct-k_1s 3,30,0.0325,0.118,84.5,aMEM_10pct-k_1s 3,aMEM_10pct-k_1s,k,kappa,100.0,ug/mL,100 ug/mL,medium,3.0,False
aMEM_10pct-k_1s 3,31,0.0285,0.0926,109.0,aMEM_10pct-k_1s 3,aMEM_10pct-k_1s,k,kappa,100.0,ug/mL,100 ug/mL,medium,3.0,False
aMEM_10pct-k_1s 3,32,0.0256,0.0732,141.0,aMEM_10pct-k_1s 3,aMEM_10pct-k_1s,k,kappa,100.0,ug/mL,100 ug/mL,medium,3.0,False
aMEM_10pct-k_1s 3,33,0.0237,0.0519,173.0,aMEM_10pct-k_1s 3,aMEM_10pct-k_1s,k,kappa,100.0,ug/mL,100 ug/mL,medium,3.0,False
aMEM_10pct-k_1s 3,34,0.0218,0.0436,221.0,aMEM_10pct-k_1s 3,aMEM_10pct-k_1s,k,kappa,100.0,ug/mL,100 ug/mL,medium,3.0,False
aMEM_10pct-k_1s 3,35,0.0197,0.0343,285.0,aMEM_10pct-k_1s 3,aMEM_10pct-k_1s,k,kappa,100.0,ug/mL,100 ug/mL,medium,3.0,False
aMEM_10pct-k_1s 3,36,0.018,0.0264,349.0,aMEM_10pct-k_1s 3,aMEM_10pct-k_1s,k,kappa,100.0,ug/mL,100 ug/mL,medium,3.0,False
aMEM_10pct-k_1s 3,37,0.0157,0.0354,445.0,aMEM_10pct-k_1s 3,aMEM_10pct-k_1s,k,kappa,100.0,ug/mL,100 ug/mL,medium,3.0,False
aMEM_10pct-k_1s 3,38,0.0131,0.0302,573.0,aMEM_10pct-k_1s 3,aMEM_10pct-k_1s,k,kappa,100.0,ug/mL,100 ug/mL,medium,3.0,False
aMEM_10pct-k_1s 3,39,0.011,0.0236,701.0,aMEM_10pct-k_1s 3,aMEM_10pct-k_1s,k,kappa,100.0,ug/mL,100 ug/mL,medium,3.0,False
aMEM_10pct-k_1s 3,40,0.00852,0.0314,893.0,aMEM_10pct-k_1s 3,aMEM_10pct-k_1s,k,kappa,100.0,ug/mL,100 ug/mL,medium,3.0,False
aMEM_10pct-k_1s-mean,1,0.863,0.00577,0.0293,aMEM_10pct-k_1s-mean,aMEM_10pct-k_1s-mean,k,kappa,100.0,ug/mL,100 ug/mL,medium,,True
aMEM_10pct-k_1s-mean,2,0.855,0.00403,0.0228,aMEM_10pct-k_1s-mean,aMEM_10pct-k_1s-mean,k,kappa,100.0,ug/mL,100 ug/mL,medium,,True
aMEM_10pct-k_1s-mean,3,0.848,0.00243,0.0323,aMEM_10pct-k_1s-mean,aMEM_10pct-k_1s-mean,k,kappa,100.0,ug/mL,100 ug/mL,medium,,True
aMEM_10pct-k_1s-mean,4,0.834,0.0013,0.0277,aMEM_10pct-k_1s-mean,aMEM_10pct-k_1s-mean,k,kappa,100.0,ug/mL,100 ug/mL,medium,,True
aMEM_10pct-k_1s-mean,5,0.82,0.000718,0.0223,aMEM_10pct-k_1s-mean,aMEM_10pct-k_1s-mean,k,kappa,100.0,ug/mL,100 ug/mL,medium,,True
aMEM_10pct-k_1s-mean,6,0.807,0.00031,0.0215,aMEM_10pct-k_1s-mean,aMEM_10pct-k_1s-mean,k,kappa,100.0,ug/mL,100 ug/mL,medium,,True
aMEM_10pct-k_1s-mean,7,0.782,0.863,0.0263,aMEM_10pct-k_1s-mean,aMEM_10pct-k_1s-mean,k,kappa,100.0,ug/mL,100 ug/mL,medium,,True
aMEM_10pct-k_1s-mean,8,0.758,0.856,0.0304,aMEM_10pct-k_1s-mean,aMEM_10pct-k_1s-mean,k,kappa,100.0,ug/mL,100 ug/mL,medium,,True
aMEM_10pct-k_1s-mean,9,0.736,0.848,0.0278,aMEM_10pct-k_1s-mean,aMEM_10pct-k_1s-mean,k,kappa,100.0,ug/mL,100 ug/mL,medium,,True
aMEM_10pct-k_1s-mean,10,0.706,0.833,0.0163,aMEM_10pct-k_1s-mean,aMEM_10pct-k_1s-mean,k,kappa,100.0,ug/mL,100 ug/mL,medium,,True
aMEM_10pct-k_1s-mean,11,0.669,0.821,0.012,aMEM_10pct-k_1s-mean,aMEM_10pct-k_1s-mean,k,kappa,100.0,ug/mL,100 ug/mL,medium,,True
aMEM_10pct-k_1s-mean,12,0.637,0.808,0.0167,aMEM_10pct-k_1s-mean,aMEM_10pct-k_1s-mean,k,kappa,100.0,ug/mL,100 ug/mL,medium,,True
aMEM_10pct-k_1s-mean,13,0.595,0.781,1.5,aMEM_10pct-k_1s-mean,aMEM_10pct-k_1s-mean,k,kappa,100.0,ug/mL,100 ug/mL,medium,,True
aMEM_10pct-k_1s-mean,14,0.547,0.758,2.0,aMEM_10pct-k_1s-mean,aMEM_10pct-k_1s-mean,k,kappa,100.0,ug/mL,100 ug/mL,medium,,True
aMEM_10pct-k_1s-mean,15,0.507,0.736,2.5,aMEM_10pct-k_1s-mean,aMEM_10pct-k_1s-mean,k,kappa,100.0,ug/mL,100 ug/mL,medium,,True
aMEM_10pct-k_1s-mean,16,0.458,0.706,3.5,aMEM_10pct-k_1s-mean,aMEM_10pct-k_1s-mean,k,kappa,100.0,ug/mL,100 ug/mL,medium,,True
aMEM_10pct-k_1s-mean,17,0.417,0.67,4.5,aMEM_10pct-k_1s-mean,aMEM_10pct-k_1s-mean,k,kappa,100.0,ug/mL,100 ug/mL,medium,,True
aMEM_10pct-k_1s-mean,18,0.373,0.637,5.5,aMEM_10pct-k_1s-mean,aMEM_10pct-k_1s-mean,k,kappa,100.0,ug/mL,100 ug/mL,medium,,True
aMEM_10pct-k_1s-mean,19,0.321,0.594,7.5,aMEM_10pct-k_1s-mean,aMEM_10pct-k_1s-mean,k,kappa,100.0,ug/mL,100 ug/mL,medium,,True
aMEM_10pct-k_1s-mean,20,0.269,0.547,9.5,aMEM_10pct-k_1s-mean,aMEM_10pct-k_1s-mean,k,kappa,100.0,ug/mL,100 ug/mL,medium,,True
aMEM_10pct-k_1s-mean,21,0.23,0.507,11.5,aMEM_10pct-k_1s-mean,aMEM_10pct-k_1s-mean,k,kappa,100.0,ug/mL,100 ug/mL,medium,,True
aMEM_10pct-k_1s-mean,22,0.187,0.459,14.5,aMEM_10pct-k_1s-mean,aMEM_10pct-k_1s-mean,k,kappa,100.0,ug/mL,100 ug/mL,medium,,True
aMEM_10pct-k_1s-mean,23,0.149,0.418,18.5,aMEM_10pct-k_1s-mean,aMEM_10pct-k_1s-mean,k,kappa,100.0,ug/mL,100 ug/mL,medium,,True
aMEM_10pct-k_1s-mean,24,0.124,0.372,22.5,aMEM_10pct-k_1s-mean,aMEM_10pct-k_1s-mean,k,kappa,100.0,ug/mL,100 ug/mL,medium,,True
aMEM_10pct-k_1s-mean,25,0.101,0.32,28.5,aMEM_10pct-k_1s-mean,aMEM_10pct-k_1s-mean,k,kappa,100.0,ug/mL,100 ug/mL,medium,,True
aMEM_10pct-k_1s-mean,26,0.0833,0.268,36.5,aMEM_10pct-k_1s-mean,aMEM_10pct-k_1s-mean,k,kappa,100.0,ug/mL,100 ug/mL,medium,,True
aMEM_10pct-k_1s-mean,27,0.0731,0.228,44.5,aMEM_10pct-k_1s-mean,aMEM_10pct-k_1s-mean,k,kappa,100.0,ug/mL,100 ug/mL,medium,,True
aMEM_10pct-k_1s-mean,28,0.0642,0.188,56.5,aMEM_10pct-k_1s-mean,aMEM_10pct-k_1s-mean,k,kappa,100.0,ug/mL,100 ug/mL,medium,,True
aMEM_10pct-k_1s-mean,29,0.0573,0.156,68.5,aMEM_10pct-k_1s-mean,aMEM_10pct-k_1s-mean,k,kappa,100.0,ug/mL,100 ug/mL,medium,,True
aMEM_10pct-k_1s-mean,30,0.0527,0.126,84.5,aMEM_10pct-k_1s-mean,aMEM_10pct-k_1s-mean,k,kappa,100.0,ug/mL,100 ug/mL,medium,,True
aMEM_10pct-k_1s-mean,31,0.0476,0.101,109.0,aMEM_10pct-k_1s-mean,aMEM_10pct-k_1s-mean,k,kappa,100.0,ug/mL,100 ug/mL,medium,,True
aMEM_10pct-k_1s-mean,32,0.0423,0.0704,141.0,aMEM_10pct-k_1s-mean,aMEM_10pct-k_1s-mean,k,kappa,100.0,ug/mL,100 ug/mL,medium,,True
aMEM_10pct-k_1s-mean,33,0.038,0.0619,173.0,aMEM_10pct-k_1s-mean,aMEM_10pct-k_1s-mean,k,kappa,100.0,ug/mL,100 ug/mL,medium,,True
aMEM_10pct-k_1s-mean,34,0.0329,0.046,221.0,aMEM_10pct-k_1s-mean,aMEM_10pct-k_1s-mean,k,kappa,100.0,ug/mL,100 ug/mL,medium,,True
aMEM_10pct-k_1s-mean,35,0.0277,0.0447,285.0,aMEM_10pct-k_1s-mean,aMEM_10pct-k_1s-mean,k,kappa,100.0,ug/mL,100 ug/mL,medium,,True
aMEM_10pct-k_1s-mean,36,0.0236,0.0251,349.0,aMEM_10pct-k_1s-mean,aMEM_10pct-k_1s-mean,k,kappa,100.0,ug/mL,100 ug/mL,medium,,True
aMEM_10pct-k_1s-mean,37,0.0191,0.0419,445.0,aMEM_10pct-k_1s-mean,aMEM_10pct-k_1s-mean,k,kappa,100.0,ug/mL,100 ug/mL,medium,,True
aMEM_10pct-k_1s-mean,38,0.0148,0.0242,573.0,aMEM_10pct-k_1s-mean,aMEM_10pct-k_1s-mean,k,kappa,100.0,ug/mL,100 ug/mL,medium,,True
aMEM_10pct-k_1s-mean,39,0.0117,0.0322,701.0,aMEM_10pct-k_1s-mean,aMEM_10pct-k_1s-mean,k,kappa,100.0,ug/mL,100 ug/mL,medium,,True
aMEM_10pct-k_1s-mean,40,0.00852,0.0323,893.0,aMEM_10pct-k_1s-mean,aMEM_10pct-k_1s-mean,k,kappa,100.0,ug/mL,100 ug/mL,medium,,True
aMEM-Ctrl 1,1,0.918,0.356,0.708,aMEM-Ctrl 1,aMEM-Ctrl,,,,,,medium,1.0,False
aMEM-Ctrl 1,2,0.916,0.295,0.697,aMEM-Ctrl 1,aMEM-Ctrl,,,,,,medium,1.0,False
aMEM-Ctrl 1,3,0.915,0.222,0.686,aMEM-Ctrl 1,aMEM-Ctrl,,,,,,medium,1.0,False
aMEM-Ctrl 1,4,0.912,0.152,0.673,aMEM-Ctrl 1,aMEM-Ctrl,,,,,,medium,1.0,False
aMEM-Ctrl 1,5,0.91,0.105,0.662,aMEM-Ctrl 1,aMEM-Ctrl,,,,,,medium,1.0,False
aMEM-Ctrl 1,6,0.909,0.0594,0.647,aMEM-Ctrl 1,aMEM-Ctrl,,,,,,medium,1.0,False
aMEM-Ctrl 1,7,0.907,0.028,0.628,aMEM-Ctrl 1,aMEM-Ctrl,,,,,,medium,1.0,False
aMEM-Ctrl 1,8,0.906,0.0132,0.606,aMEM-Ctrl 1,aMEM-Ctrl,,,,,,medium,1.0,False
aMEM-Ctrl 1,9,0.905,0.00425,0.591,aMEM-Ctrl 1,aMEM-Ctrl,,,,,,medium,1.0,False
aMEM-Ctrl 1,10,0.903,0.917,0.563,aMEM-Ctrl 1,aMEM-Ctrl,,,,,,medium,1.0,False
aMEM-Ctrl 1,11,0.902,0.916,0.535,aMEM-Ctrl 1,aMEM-Ctrl,,,,,,medium,1.0,False
aMEM-Ctrl 1,12,0.9,0.918,0.49,aMEM-Ctrl 1,aMEM-Ctrl,,,,,,medium,1.0,False
aMEM-Ctrl 1,13,0.898,0.913,0.45,aMEM-Ctrl 1,aMEM-Ctrl,,,,,,medium,1.0,False
aMEM-Ctrl 1,14,0.895,0.912,0.432,aMEM-Ctrl 1,aMEM-Ctrl,,,,,,medium,1.0,False
aMEM-Ctrl 1,15,0.893,0.905,0.388,aMEM-Ctrl 1,aMEM-Ctrl,,,,,,medium,1.0,False
aMEM-Ctrl 1,16,0.889,0.907,0.309,aMEM-Ctrl 1,aMEM-Ctrl,,,,,,medium,1.0,False
aMEM-Ctrl 1,17,0.885,0.904,0.257,aMEM-Ctrl 1,aMEM-Ctrl,,,,,,medium,1.0,False
aMEM-Ctrl 1,18,0.88,0.904,0.185,aMEM-Ctrl 1,aMEM-Ctrl,,,,,,medium,1.0,False
aMEM-Ctrl 1,19,0.874,0.903,1.5,aMEM-Ctrl 1,aMEM-Ctrl,,,,,,medium,1.0,False
aMEM-Ctrl 1,20,0.866,0.9,2.0,aMEM-Ctrl 1,aMEM-Ctrl,,,,,,medium,1.0,False
aMEM-Ctrl 1,21,0.859,0.9,2.5,aMEM-Ctrl 1,aMEM-Ctrl,,,,,,medium,1.0,False
aMEM-Ctrl 1,22,0.85,0.899,3.5,aMEM-Ctrl 1,aMEM-Ctrl,,,,,,medium,1.0,False
aMEM-Ctrl 1,23,0.84,0.895,4.5,aMEM-Ctrl 1,aMEM-Ctrl,,,,,,medium,1.0,False
aMEM-Ctrl 1,24,0.833,0.891,5.5,aMEM-Ctrl 1,aMEM-Ctrl,,,,,,medium,1.0,False
aMEM-Ctrl 1,25,0.823,0.889,7.5,aMEM-Ctrl 1,aMEM-Ctrl,,,,,,medium,1.0,False
aMEM-Ctrl 1,26,0.814,0.885,9.5,aMEM-Ctrl 1,aMEM-Ctrl,,,,,,medium,1.0,False
aMEM-Ctrl 1,27,0.807,0.882,11.5,aMEM-Ctrl 1,aMEM-Ctrl,,,,,,medium,1.0,False
aMEM-Ctrl 1,28,0.798,0.876,14.5,aMEM-Ctrl 1,aMEM-Ctrl,,,,,,medium,1.0,False
aMEM-Ctrl 1,29,0.788,0.868,18.5,aMEM-Ctrl 1,aMEM-Ctrl,,,,,,medium,1.0,False
aMEM-Ctrl 1,30,0.779,0.861,22.5,aMEM-Ctrl 1,aMEM-Ctrl,,,,,,medium,1.0,False
aMEM-Ctrl 1,31,0.765,0.852,28.5,aMEM-Ctrl 1,aMEM-Ctrl,,,,,,medium,1.0,False
aMEM-Ctrl 1,32,0.747,0.843,36.5,aMEM-Ctrl 1,aMEM-Ctrl,,,,,,medium,1.0,False
aMEM-Ctrl 1,33,0.73,0.833,44.5,aMEM-Ctrl 1,aMEM-Ctrl,,,,,,medium,1.0,False
aMEM-Ctrl 1,34,0.704,0.82,56.5,aMEM-Ctrl 1,aMEM-Ctrl,,,,,,medium,1.0,False
aMEM-Ctrl 1,35,0.672,0.805,68.5,aMEM-Ctrl 1,aMEM-Ctrl,,,,,,medium,1.0,False
aMEM-Ctrl 1,36,0.641,0.793,84.5,aMEM-Ctrl 1,aMEM-Ctrl,,,,,,medium,1.0,False
aMEM-Ctrl 1,37,0.597,0.777,109.0,aMEM-Ctrl 1,aMEM-Ctrl,,,,,,medium,1.0,False
aMEM-Ctrl 1,38,0.544,0.757,141.0,aMEM-Ctrl 1,aMEM-Ctrl,,,,,,medium,1.0,False
aMEM-Ctrl 1,39,0.495,0.744,173.0,aMEM-Ctrl 1,aMEM-Ctrl,,,,,,medium,1.0,False
aMEM-Ctrl 1,40,0.43,0.726,221.0,aMEM-Ctrl 1,aMEM-Ctrl,,,,,,medium,1.0,False
aMEM-Ctrl 2,1,0.579,0.106,0.217,aMEM-Ctrl 2,aMEM-Ctrl,,,,,,medium,2.0,False
aMEM-Ctrl 2,2,0.575,0.0875,0.231,aMEM-Ctrl 2,aMEM-Ctrl,,,,,,medium,2.0,False
aMEM-Ctrl 2,3,0.572,0.0652,0.236,aMEM-Ctrl 2,aMEM-Ctrl,,,,,,medium,2.0,False
aMEM-Ctrl 2,4,0.567,0.0441,0.225,aMEM-Ctrl 2,aMEM-Ctrl,,,,,,medium,2.0,False
aMEM-Ctrl 2,5,0.564,0.0299,0.22,aMEM-Ctrl 2,aMEM-Ctrl,,,,,,medium,2.0,False
aMEM-Ctrl 2,6,0.561,0.0166,0.209,aMEM-Ctrl 2,aMEM-Ctrl,,,,,,medium,2.0,False
aMEM-Ctrl 2,7,0.558,0.00766,0.202,aMEM-Ctrl 2,aMEM-Ctrl,,,,,,medium,2.0,False
aMEM-Ctrl 2,8,0.556,0.00353,0.19,aMEM-Ctrl 2,aMEM-Ctrl,,,,,,medium,2.0,False
aMEM-Ctrl 2,9,0.555,0.00111,0.176,aMEM-Ctrl 2,aMEM-Ctrl,,,,,,medium,2.0,False
aMEM-Ctrl 2,10,0.554,0.58,0.171,aMEM-Ctrl 2,aMEM-Ctrl,,,,,,medium,2.0,False
aMEM-Ctrl 2,11,0.552,0.574,0.164,aMEM-Ctrl 2,aMEM-Ctrl,,,,,,medium,2.0,False
aMEM-Ctrl 2,12,0.55,0.573,0.162,aMEM-Ctrl 2,aMEM-Ctrl,,,,,,medium,2.0,False
aMEM-Ctrl 2,13,0.548,0.568,0.154,aMEM-Ctrl 2,aMEM-Ctrl,,,,,,medium,2.0,False
aMEM-Ctrl 2,14,0.544,0.563,0.148,aMEM-Ctrl 2,aMEM-Ctrl,,,,,,medium,2.0,False
aMEM-Ctrl 2,15,0.541,0.561,0.13,aMEM-Ctrl 2,aMEM-Ctrl,,,,,,medium,2.0,False
aMEM-Ctrl 2,16,0.536,0.558,0.119,aMEM-Ctrl 2,aMEM-Ctrl,,,,,,medium,2.0,False
aMEM-Ctrl 2,17,0.532,0.557,0.0902,aMEM-Ctrl 2,aMEM-Ctrl,,,,,,medium,2.0,False
aMEM-Ctrl 2,18,0.525,0.553,0.0669,aMEM-Ctrl 2,aMEM-Ctrl,,,,,,medium,2.0,False
aMEM-Ctrl 2,19,0.516,0.553,1.5,aMEM-Ctrl 2,aMEM-Ctrl,,,,,,medium,2.0,False
aMEM-Ctrl 2,20,0.505,0.549,2.0,aMEM-Ctrl 2,aMEM-Ctrl,,,,,,medium,2.0,False
aMEM-Ctrl 2,21,0.494,0.549,2.5,aMEM-Ctrl 2,aMEM-Ctrl,,,,,,medium,2.0,False
aMEM-Ctrl 2,22,0.478,0.548,3.5,aMEM-Ctrl 2,aMEM-Ctrl,,,,,,medium,2.0,False
aMEM-Ctrl 2,23,0.459,0.545,4.5,aMEM-Ctrl 2,aMEM-Ctrl,,,,,,medium,2.0,False
aMEM-Ctrl 2,24,0.441,0.54,5.5,aMEM-Ctrl 2,aMEM-Ctrl,,,,,,medium,2.0,False
aMEM-Ctrl 2,25,0.417,0.535,7.5,aMEM-Ctrl 2,aMEM-Ctrl,,,,,,medium,2.0,False
aMEM-Ctrl 2,26,0.389,0.531,9.5,aMEM-Ctrl 2,aMEM-Ctrl,,,,,,medium,2.0,False
aMEM-Ctrl 2,27,0.366,0.526,11.5,aMEM-Ctrl 2,aMEM-Ctrl,,,,,,medium,2.0,False
aMEM-Ctrl 2,28,0.337,0.517,14.5,aMEM-Ctrl 2,aMEM-Ctrl,,,,,,medium,2.0,False
aMEM-Ctrl 2,29,0.308,0.506,18.5,aMEM-Ctrl 2,aMEM-Ctrl,,,,,,medium,2.0,False
aMEM-Ctrl 2,30,0.287,0.496,22.5,aMEM-Ctrl 2,aMEM-Ctrl,,,,,,medium,2.0,False
aMEM-Ctrl 2,31,0.264,0.483,28.5,aMEM-Ctrl 2,aMEM-Ctrl,,,,,,medium,2.0,False
aMEM-Ctrl 2,32,0.245,0.464,36.5,aMEM-Ctrl 2,aMEM-Ctrl,,,,,,medium,2.0,False
aMEM-Ctrl 2,33,0.232,0.446,44.5,aMEM-Ctrl 2,aMEM-Ctrl,,,,,,medium,2.0,False
aMEM-Ctrl 2,34,0.22,0.421,56.5,aMEM-Ctrl 2,aMEM-Ctrl,,,,,,medium,2.0,False
aMEM-Ctrl 2,35,0.207,0.389,68.5,aMEM-Ctrl 2,aMEM-Ctrl,,,,,,medium,2.0,False
aMEM-Ctrl 2,36,0.197,0.358,84.5,aMEM-Ctrl 2,aMEM-Ctrl,,,,,,medium,2.0,False
aMEM-Ctrl 2,37,0.183,0.317,109.0,aMEM-Ctrl 2,aMEM-Ctrl,,,,,,medium,2.0,False
aMEM-Ctrl 2,38,0.165,0.271,141.0,aMEM-Ctrl 2,aMEM-Ctrl,,,,,,medium,2.0,False
aMEM-Ctrl 2,39,0.15,0.239,173.0,aMEM-Ctrl 2,aMEM-Ctrl,,,,,,medium,2.0,False
aMEM-Ctrl 2,40,0.129,0.216,221.0,aMEM-Ctrl 2,aMEM-Ctrl,,,,,,medium,2.0,False
aMEM-Ctrl 3,1,0.544,0.0869,0.242,aMEM-Ctrl 3,aMEM-Ctrl,,,,,,medium,3.0,False
aMEM-Ctrl 3,2,0.539,0.0704,0.217,aMEM-Ctrl 3,aMEM-Ctrl,,,,,,medium,3.0,False
aMEM-Ctrl 3,3,0.536,0.0514,0.195,aMEM-Ctrl 3,aMEM-Ctrl,,,,,,medium,3.0,False
aMEM-Ctrl 3,4,0.532,0.0339,0.181,aMEM-Ctrl 3,aMEM-Ctrl,,,,,,medium,3.0,False
aMEM-Ctrl 3,5,0.53,0.0224,0.173,aMEM-Ctrl 3,aMEM-Ctrl,,,,,,medium,3.0,False
aMEM-Ctrl 3,6,0.528,0.0121,0.163,aMEM-Ctrl 3,aMEM-Ctrl,,,,,,medium,3.0,False
aMEM-Ctrl 3,7,0.526,0.00534,0.157,aMEM-Ctrl 3,aMEM-Ctrl,,,,,,medium,3.0,False
aMEM-Ctrl 3,8,0.525,0.00238,0.142,aMEM-Ctrl 3,aMEM-Ctrl,,,,,,medium,3.0,False
aMEM-Ctrl 3,9,0.523,0.000715,0.138,aMEM-Ctrl 3,aMEM-Ctrl,,,,,,medium,3.0,False
aMEM-Ctrl 3,10,0.522,0.544,0.136,aMEM-Ctrl 3,aMEM-Ctrl,,,,,,medium,3.0,False
aMEM-Ctrl 3,11,0.52,0.539,0.135,aMEM-Ctrl 3,aMEM-Ctrl,,,,,,medium,3.0,False
aMEM-Ctrl 3,12,0.518,0.537,0.121,aMEM-Ctrl 3,aMEM-Ctrl,,,,,,medium,3.0,False
aMEM-Ctrl 3,13,0.516,0.531,0.115,aMEM-Ctrl 3,aMEM-Ctrl,,,,,,medium,3.0,False
aMEM-Ctrl 3,14,0.513,0.53,0.106,aMEM-Ctrl 3,aMEM-Ctrl,,,,,,medium,3.0,False
aMEM-Ctrl 3,15,0.511,0.529,0.0936,aMEM-Ctrl 3,aMEM-Ctrl,,,,,,medium,3.0,False
aMEM-Ctrl 3,16,0.507,0.527,0.0759,aMEM-Ctrl 3,aMEM-Ctrl,,,,,,medium,3.0,False
aMEM-Ctrl 3,17,0.503,0.523,0.0855,aMEM-Ctrl 3,aMEM-Ctrl,,,,,,medium,3.0,False
aMEM-Ctrl 3,18,0.498,0.524,0.0237,aMEM-Ctrl 3,aMEM-Ctrl,,,,,,medium,3.0,False
aMEM-Ctrl 3,19,0.492,0.522,1.5,aMEM-Ctrl 3,aMEM-Ctrl,,,,,,medium,3.0,False
aMEM-Ctrl 3,20,0.484,0.52,2.0,aMEM-Ctrl 3,aMEM-Ctrl,,,,,,medium,3.0,False
aMEM-Ctrl 3,21,0.476,0.518,2.5,aMEM-Ctrl 3,aMEM-Ctrl,,,,,,medium,3.0,False
aMEM-Ctrl 3,22,0.465,0.515,3.5,aMEM-Ctrl 3,aMEM-Ctrl,,,,,,medium,3.0,False
aMEM-Ctrl 3,23,0.452,0.513,4.5,aMEM-Ctrl 3,aMEM-Ctrl,,,,,,medium,3.0,False
aMEM-Ctrl 3,24,0.44,0.511,5.5,aMEM-Ctrl 3,aMEM-Ctrl,,,,,,medium,3.0,False
aMEM-Ctrl 3,25,0.423,0.507,7.5,aMEM-Ctrl 3,aMEM-Ctrl,,,,,,medium,3.0,False
aMEM-Ctrl 3,26,0.402,0.502,9.5,aMEM-Ctrl 3,aMEM-Ctrl,,,,,,medium,3.0,False
aMEM-Ctrl 3,27,0.383,0.498,11.5,aMEM-Ctrl 3,aMEM-Ctrl,,,,,,medium,3.0,False
aMEM-Ctrl 3,28,0.359,0.492,14.5,aMEM-Ctrl 3,aMEM-Ctrl,,,,,,medium,3.0,False
aMEM-Ctrl 3,29,0.33,0.484,18.5,aMEM-Ctrl 3,aMEM-Ctrl,,,,,,medium,3.0,False
aMEM-Ctrl 3,30,0.307,0.476,22.5,aMEM-Ctrl 3,aMEM-Ctrl,,,,,,medium,3.0,False
aMEM-Ctrl 3,31,0.279,0.464,28.5,aMEM-Ctrl 3,aMEM-Ctrl,,,,,,medium,3.0,False
aMEM-Ctrl 3,32,0.251,0.451,36.5,aMEM-Ctrl 3,aMEM-Ctrl,,,,,,medium,3.0,False
aMEM-Ctrl 3,33,0.23,0.439,44.5,aMEM-Ctrl 3,aMEM-Ctrl,,,,,,medium,3.0,False
aMEM-Ctrl 3,34,0.208,0.422,56.5,aMEM-Ctrl 3,aMEM-Ctrl,,,,,,medium,3.0,False
aMEM-Ctrl 3,35,0.188,0.402,68.5,aMEM-Ctrl 3,aMEM-Ctrl,,,,,,medium,3.0,False
aMEM-Ctrl 3,36,0.174,0.385,84.5,aMEM-Ctrl 3,aMEM-Ctrl,,,,,,medium,3.0,False
aMEM-Ctrl 3,37,0.157,0.36,109.0,aMEM-Ctrl 3,aMEM-Ctrl,,,,,,medium,3.0,False
aMEM-Ctrl 3,38,0.14,0.333,141.0,aMEM-Ctrl 3,aMEM-Ctrl,,,,,,medium,3.0,False
aMEM-Ctrl 3,39,0.126,0.308,173.0,aMEM-Ctrl 3,aMEM-Ctrl,,,,,,medium,3.0,False
aMEM-Ctrl 3,40,0.107,0.276,221.0,aMEM-Ctrl 3,aMEM-Ctrl,,,,,,medium,3.0,False
aMEM-Ctrl-mean,1,0.918,0.356,0.708,aMEM-Ctrl-mean,aMEM-Ctrl-mean,,,,,,medium,,True
aMEM-Ctrl-mean,2,0.916,0.295,0.697,aMEM-Ctrl-mean,aMEM-Ctrl-mean,,,,,,medium,,True
aMEM-Ctrl-mean,3,0.915,0.222,0.686,aMEM-Ctrl-mean,aMEM-Ctrl-mean,,,,,,medium,,True
aMEM-Ctrl-mean,4,0.912,0.152,0.673,aMEM-Ctrl-mean,aMEM-Ctrl-mean,,,,,,medium,,True
aMEM-Ctrl-mean,5,0.91,0.105,0.662,aMEM-Ctrl-mean,aMEM-Ctrl-mean,,,,,,medium,,True
aMEM-Ctrl-mean,6,0.909,0.0594,0.647,aMEM-Ctrl-mean,aMEM-Ctrl-mean,,,,,,medium,,True
aMEM-Ctrl-mean,7,0.907,0.028,0.628,aMEM-Ctrl-mean,aMEM-Ctrl-mean,,,,,,medium,,True
aMEM-Ctrl-mean,8,0.906,0.0132,0.606,aMEM-Ctrl-mean,aMEM-Ctrl-mean,,,,,,medium,,True
aMEM-Ctrl-mean,9,0.905,0.00425,0.591,aMEM-Ctrl-mean,aMEM-Ctrl-mean,,,,,,medium,,True
aMEM-Ctrl-mean,10,0.903,0.917,0.563,aMEM-Ctrl-mean,aMEM-Ctrl-mean,,,,,,medium,,True
aMEM-Ctrl-mean,11,0.902,0.916,0.535,aMEM-Ctrl-mean,aMEM-Ctrl-mean,,,,,,medium,,True
aMEM-Ctrl-mean,12,0.9,0.918,0.49,aMEM-Ctrl-mean,aMEM-Ctrl-mean,,,,,,medium,,True
aMEM-Ctrl-mean,13,0.898,0.913,0.45,aMEM-Ctrl-mean,aMEM-Ctrl-mean,,,,,,medium,,True
aMEM-Ctrl-mean,14,0.895,0.912,0.432,aMEM-Ctrl-mean,aMEM-Ctrl-mean,,,,,,medium,,True
aMEM-Ctrl-mean,15,0.893,0.905,0.388,aMEM-Ctrl-mean,aMEM-Ctrl-mean,,,,,,medium,,True
aMEM-Ctrl-mean,16,0.889,0.907,0.309,aMEM-Ctrl-mean,aMEM-Ctrl-mean,,,,,,medium,,True
aMEM-Ctrl-mean,17,0.885,0.904,0.257,aMEM-Ctrl-mean,aMEM-Ctrl-mean,,,,,,medium,,True
aMEM-Ctrl-mean,18,0.88,0.904,0.185,aMEM-Ctrl-mean,aMEM-Ctrl-mean,,,,,,medium,,True
aMEM-Ctrl-mean,19,0.874,0.903,1.5,aMEM-Ctrl-mean,aMEM-Ctrl-mean,,,,,,medium,,True
aMEM-Ctrl-mean,20,0.866,0.9,2.0,aMEM-Ctrl-mean,aMEM-Ctrl-mean,,,,,,medium,,True
aMEM-Ctrl-mean,21,0.859,0.9,2.5,aMEM-Ctrl-mean,aMEM-Ctrl-mean,,,,,,medium,,True
aMEM-Ctrl-mean,22,0.85,0.899,3.5,aMEM-Ctrl-mean,aMEM-Ctrl-mean,,,,,,medium,,True
aMEM-Ctrl-mean,23,0.84,0.895,4.5,aMEM-Ctrl-mean,aMEM-Ctrl-mean,,,,,,medium,,True
aMEM-Ctrl-mean,24,0.833,0.891,5.5,aMEM-Ctrl-mean,aMEM-Ctrl-mean,,,,,,medium,,True
aMEM-Ctrl-mean,25,0.823,0.889,7.5,aMEM-Ctrl-mean,aMEM-Ctrl-mean,,,,,,medium,,True
aMEM-Ctrl-mean,26,0.814,0.885,9.5,aMEM-Ctrl-mean,aMEM-Ctrl-mean,,,,,,medium,,True
aMEM-Ctrl-mean,27,0.807,0.882,11.5,aMEM-Ctrl-mean,aMEM-Ctrl-mean,,,,,,medium,,True
aMEM-Ctrl-mean,28,0.798,0.876,14.5,aMEM-Ctrl-mean,aMEM-Ctrl-mean,,,,,,medium,,True
aMEM-Ctrl-mean,29,0.788,0.868,18.5,aMEM-Ctrl-mean,aMEM-Ctrl-mean,,,,,,medium,,True
aMEM-Ctrl-mean,30,0.779,0.861,22.5,aMEM-Ctrl-mean,aMEM-Ctrl-mean,,,,,,medium,,True
aMEM-Ctrl-mean,31,0.765,0.852,28.5,aMEM-Ctrl-mean,aMEM-Ctrl-mean,,,,,,medium,,True
aMEM-Ctrl-mean,32,0.747,0.843,36.5,aMEM-Ctrl-mean,aMEM-Ctrl-mean,,,,,,medium,,True
aMEM-Ctrl-mean,33,0.73,0.833,44.5,aMEM-Ctrl-mean,aMEM-Ctrl-mean,,,,,,medium,,True
aMEM-Ctrl-mean,34,0.704,0.82,56.5,aMEM-Ctrl-mean,aMEM-Ctrl-mean,,,,,,medium,,True
aMEM-Ctrl-mean,35,0.672,0.805,68.5,aMEM-Ctrl-mean,aMEM-Ctrl-mean,,,,,,medium,,True
aMEM-Ctrl-mean,36,0.641,0.793,84.5,aMEM-Ctrl-mean,aMEM-Ctrl-mean,,,,,,medium,,True
aMEM-Ctrl-mean,37,0.597,0.777,109.0,aMEM-Ctrl-mean,aMEM-Ctrl-mean,,,,,,medium,,True
aMEM-Ctrl-mean,38,0.544,0.757,141.0,aMEM-Ctrl-mean,aMEM-Ctrl-mean,,,,,,medium,,True
aMEM-Ctrl-mean,39,0.495,0.744,173.0,aMEM-Ctrl-mean,aMEM-Ctrl-mean,,,,,,medium,,True
aMEM-Ctrl-mean,40,0.43,0.726,221.0,aMEM-Ctrl-mean,aMEM-Ctrl-mean,,,,,,medium,,True
i_2S-20ug_mL 1,1,1.05,0.401,0.798,i_2S-20ug_mL 1,i_2S-20ug_mL,i,iota,20.0,ug/mL,20 ug/mL,water,1.0,False
i_2S-20ug_mL 1,2,1.05,0.332,0.785,i_2S-20ug_mL 1,i_2S-20ug_mL,i,iota,20.0,ug/mL,20 ug/mL,water,1.0,False
i_2S-20ug_mL 1,3,1.05,0.25,0.771,i_2S-20ug_mL 1,i_2S-20ug_mL,i,iota,20.0,ug/mL,20 ug/mL,water,1.0,False
i_2S-20ug_mL 1,4,1.04,0.172,0.753,i_2S-20ug_mL 1,i_2S-20ug_mL,i,iota,20.0,ug/mL,20 ug/mL,water,1.0,False
i_2S-20ug_mL 1,5,1.04,0.118,0.735,i_2S-20ug_mL 1,i_2S-20ug_mL,i,iota,20.0,ug/mL,20 ug/mL,water,1.0,False
i_2S-20ug_mL 1,6,1.04,0.0669,0.716,i_2S-20ug_mL 1,i_2S-20ug_mL,i,iota,20.0,ug/mL,20 ug/mL,water,1.0,False
i_2S-20ug_mL 1,7,1.04,0.0315,0.69,i_2S-20ug_mL 1,i_2S-20ug_mL,i,iota,20.0,ug/mL,20 ug/mL,water,1.0,False
i_2S-20ug_mL 1,8,1.04,0.0148,0.672,i_2S-20ug_mL 1,i_2S-20ug_mL,i,iota,20.0,ug/mL,20 ug/mL,water,1.0,False
i_2S-20ug_mL 1,9,1.04,0.00479,0.65,i_2S-20ug_mL 1,i_2S-20ug_mL,i,iota,20.0,ug/mL,20 ug/mL,water,1.0,False
i_2S-20ug_mL 1,10,1.04,1.05,0.629,i_2S-20ug_mL 1,i_2S-20ug_mL,i,iota,20.0,ug/mL,20 ug/mL,water,1.0,False
i_2S-20ug_mL 1,11,1.04,1.05,0.618,i_2S-20ug_mL 1,i_2S-20ug_mL,i,iota,20.0,ug/mL,20 ug/mL,water,1.0,False
i_2S-20ug_mL 1,12,1.04,1.05,0.598,i_2S-20ug_mL 1,i_2S-20ug_mL,i,iota,20.0,ug/mL,20 ug/mL,water,1.0,False
i_2S-20ug_mL 1,13,1.03,1.04,0.569,i_2S-20ug_mL 1,i_2S-20ug_mL,i,iota,20.0,ug/mL,20 ug/mL,water,1.0,False
i_2S-20ug_mL 1,14,1.03,1.04,0.531,i_2S-20ug_mL 1,i_2S-20ug_mL,i,iota,20.0,ug/mL,20 ug/mL,water,1.0,False
i_2S-20ug_mL 1,15,1.03,1.05,0.46,i_2S-20ug_mL 1,i_2S-20ug_mL,i,iota,20.0,ug/mL,20 ug/mL,water,1.0,False
i_2S-20ug_mL 1,16,1.02,1.04,0.403,i_2S-20ug_mL 1,i_2S-20ug_mL,i,iota,20.0,ug/mL,20 ug/mL,water,1.0,False
i_2S-20ug_mL 1,17,1.02,1.04,0.337,i_2S-20ug_mL 1,i_2S-20ug_mL,i,iota,20.0,ug/mL,20 ug/mL,water,1.0,False
i_2S-20ug_mL 1,18,1.01,1.04,0.202,i_2S-20ug_mL 1,i_2S-20ug_mL,i,iota,20.0,ug/mL,20 ug/mL,water,1.0,False
i_2S-20ug_mL 1,19,1.0,1.04,1.5,i_2S-20ug_mL 1,i_2S-20ug_mL,i,iota,20.0,ug/mL,20 ug/mL,water,1.0,False
i_2S-20ug_mL 1,20,0.991,1.04,2.0,i_2S-20ug_mL 1,i_2S-20ug_mL,i,iota,20.0,ug/mL,20 ug/mL,water,1.0,False
i_2S-20ug_mL 1,21,0.982,1.03,2.5,i_2S-20ug_mL 1,i_2S-20ug_mL,i,iota,20.0,ug/mL,20 ug/mL,water,1.0,False
i_2S-20ug_mL 1,22,0.971,1.03,3.5,i_2S-20ug_mL 1,i_2S-20ug_mL,i,iota,20.0,ug/mL,20 ug/mL,water,1.0,False
i_2S-20ug_mL 1,23,0.958,1.03,4.5,i_2S-20ug_mL 1,i_2S-20ug_mL,i,iota,20.0,ug/mL,20 ug/mL,water,1.0,False
i_2S-20ug_mL 1,24,0.947,1.02,5.5,i_2S-20ug_mL 1,i_2S-20ug_mL,i,iota,20.0,ug/mL,20 ug/mL,water,1.0,False
i_2S-20ug_mL 1,25,0.934,1.02,7.5,i_2S-20ug_mL 1,i_2S-20ug_mL,i,iota,20.0,ug/mL,20 ug/mL,water,1.0,False
i_2S-20ug_mL 1,26,0.922,1.02,9.5,i_2S-20ug_mL 1,i_2S-20ug_mL,i,iota,20.0,ug/mL,20 ug/mL,water,1.0,False
i_2S-20ug_mL 1,27,0.912,1.01,11.5,i_2S-20ug_mL 1,i_2S-20ug_mL,i,iota,20.0,ug/mL,20 ug/mL,water,1.0,False
i_2S-20ug_mL 1,28,0.901,1.0,14.5,i_2S-20ug_mL 1,i_2S-20ug_mL,i,iota,20.0,ug/mL,20 ug/mL,water,1.0,False
i_2S-20ug_mL 1,29,0.889,0.994,18.5,i_2S-20ug_mL 1,i_2S-20ug_mL,i,iota,20.0,ug/mL,20 ug/mL,water,1.0,False
i_2S-20ug_mL 1,30,0.878,0.986,22.5,i_2S-20ug_mL 1,i_2S-20ug_mL,i,iota,20.0,ug/mL,20 ug/mL,water,1.0,False
i_2S-20ug_mL 1,31,0.862,0.975,28.5,i_2S-20ug_mL 1,i_2S-20ug_mL,i,iota,20.0,ug/mL,20 ug/mL,water,1.0,False
i_2S-20ug_mL 1,32,0.842,0.961,36.5,i_2S-20ug_mL 1,i_2S-20ug_mL,i,iota,20.0,ug/mL,20 ug/mL,water,1.0,False
i_2S-20ug_mL 1,33,0.822,0.949,44.5,i_2S-20ug_mL 1,i_2S-20ug_mL,i,iota,20.0,ug/mL,20 ug/mL,water,1.0,False
i_2S-20ug_mL 1,34,0.794,0.933,56.5,i_2S-20ug_mL 1,i_2S-20ug_mL,i,iota,20.0,ug/mL,20 ug/mL,water,1.0,False
i_2S-20ug_mL 1,35,0.757,0.915,68.5,i_2S-20ug_mL 1,i_2S-20ug_mL,i,iota,20.0,ug/mL,20 ug/mL,water,1.0,False
i_2S-20ug_mL 1,36,0.722,0.899,84.5,i_2S-20ug_mL 1,i_2S-20ug_mL,i,iota,20.0,ug/mL,20 ug/mL,water,1.0,False
i_2S-20ug_mL 1,37,0.673,0.878,109.0,i_2S-20ug_mL 1,i_2S-20ug_mL,i,iota,20.0,ug/mL,20 ug/mL,water,1.0,False
i_2S-20ug_mL 1,38,0.613,0.856,141.0,i_2S-20ug_mL 1,i_2S-20ug_mL,i,iota,20.0,ug/mL,20 ug/mL,water,1.0,False
i_2S-20ug_mL 1,39,0.557,0.837,173.0,i_2S-20ug_mL 1,i_2S-20ug_mL,i,iota,20.0,ug/mL,20 ug/mL,water,1.0,False
i_2S-20ug_mL 1,40,0.484,0.817,221.0,i_2S-20ug_mL 1,i_2S-20ug_mL,i,iota,20.0,ug/mL,20 ug/mL,water,1.0,False
i_2S-20ug_mL 2,1,0.656,0.138,0.306,i_2S-20ug_mL 2,i_2S-20ug_mL,i,iota,20.0,ug/mL,20 ug/mL,water,2.0,False
i_2S-20ug_mL 2,2,0.654,0.113,0.294,i_2S-20ug_mL 2,i_2S-20ug_mL,i,iota,20.0,ug/mL,20 ug/mL,water,2.0,False
i_2S-20ug_mL 2,3,0.652,0.0837,0.281,i_2S-20ug_mL 2,i_2S-20ug_mL,i,iota,20.0,ug/mL,20 ug/mL,water,2.0,False
i_2S-20ug_mL 2,4,0.65,0.0563,0.27,i_2S-20ug_mL 2,i_2S-20ug_mL,i,iota,20.0,ug/mL,20 ug/mL,water,2.0,False
i_2S-20ug_mL 2,5,0.649,0.0379,0.261,i_2S-20ug_mL 2,i_2S-20ug_mL,i,iota,20.0,ug/mL,20 ug/mL,water,2.0,False
i_2S-20ug_mL 2,6,0.648,0.0209,0.245,i_2S-20ug_mL 2,i_2S-20ug_mL,i,iota,20.0,ug/mL,20 ug/mL,water,2.0,False
i_2S-20ug_mL 2,7,0.645,0.00954,0.23,i_2S-20ug_mL 2,i_2S-20ug_mL,i,iota,20.0,ug/mL,20 ug/mL,water,2.0,False
i_2S-20ug_mL 2,8,0.643,0.00436,0.222,i_2S-20ug_mL 2,i_2S-20ug_mL,i,iota,20.0,ug/mL,20 ug/mL,water,2.0,False
i_2S-20ug_mL 2,9,0.642,0.00135,0.204,i_2S-20ug_mL 2,i_2S-20ug_mL,i,iota,20.0,ug/mL,20 ug/mL,water,2.0,False
i_2S-20ug_mL 2,10,0.639,0.658,0.188,i_2S-20ug_mL 2,i_2S-20ug_mL,i,iota,20.0,ug/mL,20 ug/mL,water,2.0,False
i_2S-20ug_mL 2,11,0.636,0.65,0.172,i_2S-20ug_mL 2,i_2S-20ug_mL,i,iota,20.0,ug/mL,20 ug/mL,water,2.0,False
i_2S-20ug_mL 2,12,0.633,0.65,0.156,i_2S-20ug_mL 2,i_2S-20ug_mL,i,iota,20.0,ug/mL,20 ug/mL,water,2.0,False
i_2S-20ug_mL 2,13,0.629,0.652,0.153,i_2S-20ug_mL 2,i_2S-20ug_mL,i,iota,20.0,ug/mL,20 ug/mL,water,2.0,False
i_2S-20ug_mL 2,14,0.623,0.653,0.139,i_2S-20ug_mL 2,i_2S-20ug_mL,i,iota,20.0,ug/mL,20 ug/mL,water,2.0,False
i_2S-20ug_mL 2,15,0.619,0.647,0.128,i_2S-20ug_mL 2,i_2S-20ug_mL,i,iota,20.0,ug/mL,20 ug/mL,water,2.0,False
i_2S-20ug_mL 2,16,0.612,0.644,0.112,i_2S-20ug_mL 2,i_2S-20ug_mL,i,iota,20.0,ug/mL,20 ug/mL,water,2.0,False
i_2S-20ug_mL 2,17,0.605,0.643,0.0951,i_2S-20ug_mL 2,i_2S-20ug_mL,i,iota,20.0,ug/mL,20 ug/mL,water,2.0,False
i_2S-20ug_mL 2,18,0.597,0.641,0.0788,i_2S-20ug_mL 2,i_2S-20ug_mL,i,iota,20.0,ug/mL,20 ug/mL,water,2.0,False
i_2S-20ug_mL 2,19,0.586,0.639,1.5,i_2S-20ug_mL 2,i_2S-20ug_mL,i,iota,20.0,ug/mL,20 ug/mL,water,2.0,False
i_2S-20ug_mL 2,20,0.572,0.634,2.0,i_2S-20ug_mL 2,i_2S-20ug_mL,i,iota,20.0,ug/mL,20 ug/mL,water,2.0,False
i_2S-20ug_mL 2,21,0.56,0.634,2.5,i_2S-20ug_mL 2,i_2S-20ug_mL,i,iota,20.0,ug/mL,20 ug/mL,water,2.0,False
i_2S-20ug_mL 2,22,0.544,0.629,3.5,i_2S-20ug_mL 2,i_2S-20ug_mL,i,iota,20.0,ug/mL,20 ug/mL,water,2.0,False
i_2S-20ug_mL 2,23,0.524,0.624,4.5,i_2S-20ug_mL 2,i_2S-20ug_mL,i,iota,20.0,ug/mL,20 ug/mL,water,2.0,False
i_2S-20ug_mL 2,24,0.506,0.619,5.5,i_2S-20ug_mL 2,i_2S-20ug_mL,i,iota,20.0,ug/mL,20 ug/mL,water,2.0,False
i_2S-20ug_mL 2,25,0.483,0.61,7.5,i_2S-20ug_mL 2,i_2S-20ug_mL,i,iota,20.0,ug/mL,20 ug/mL,water,2.0,False
i_2S-20ug_mL 2,26,0.457,0.606,9.5,i_2S-20ug_mL 2,i_2S-20ug_mL,i,iota,20.0,ug/mL,20 ug/mL,water,2.0,False
i_2S-20ug_mL 2,27,0.434,0.598,11.5,i_2S-20ug_mL 2,i_2S-20ug_mL,i,iota,20.0,ug/mL,20 ug/mL,water,2.0,False
i_2S-20ug_mL 2,28,0.407,0.586,14.5,i_2S-20ug_mL 2,i_2S-20ug_mL,i,iota,20.0,ug/mL,20 ug/mL,water,2.0,False
i_2S-20ug_mL 2,29,0.379,0.571,18.5,i_2S-20ug_mL 2,i_2S-20ug_mL,i,iota,20.0,ug/mL,20 ug/mL,water,2.0,False
i_2S-20ug_mL 2,30,0.358,0.559,22.5,i_2S-20ug_mL 2,i_2S-20ug_mL,i,iota,20.0,ug/mL,20 ug/mL,water,2.0,False
i_2S-20ug_mL 2,31,0.335,0.543,28.5,i_2S-20ug_mL 2,i_2S-20ug_mL,i,iota,20.0,ug/mL,20 ug/mL,water,2.0,False
i_2S-20ug_mL 2,32,0.316,0.524,36.5,i_2S-20ug_mL 2,i_2S-20ug_mL,i,iota,20.0,ug/mL,20 ug/mL,water,2.0,False
i_2S-20ug_mL 2,33,0.302,0.507,44.5,i_2S-20ug_mL 2,i_2S-20ug_mL,i,iota,20.0,ug/mL,20 ug/mL,water,2.0,False
i_2S-20ug_mL 2,34,0.287,0.484,56.5,i_2S-20ug_mL 2,i_2S-20ug_mL,i,iota,20.0,ug/mL,20 ug/mL,water,2.0,False
i_2S-20ug_mL 2,35,0.271,0.457,68.5,i_2S-20ug_mL 2,i_2S-20ug_mL,i,iota,20.0,ug/mL,20 ug/mL,water,2.0,False
i_2S-20ug_mL 2,36,0.257,0.436,84.5,i_2S-20ug_mL 2,i_2S-20ug_mL,i,iota,20.0,ug/mL,20 ug/mL,water,2.0,False
i_2S-20ug_mL 2,37,0.239,0.408,109.0,i_2S-20ug_mL 2,i_2S-20ug_mL,i,iota,20.0,ug/mL,20 ug/mL,water,2.0,False
i_2S-20ug_mL 2,38,0.216,0.378,141.0,i_2S-20ug_mL 2,i_2S-20ug_mL,i,iota,20.0,ug/mL,20 ug/mL,water,2.0,False
i_2S-20ug_mL 2,39,0.195,0.355,173.0,i_2S-20ug_mL 2,i_2S-20ug_mL,i,iota,20.0,ug/mL,20 ug/mL,water,2.0,False
i_2S-20ug_mL 2,40,0.168,0.328,221.0,i_2S-20ug_mL 2,i_2S-20ug_mL,i,iota,20.0,ug/mL,20 ug/mL,water,2.0,False
i_2S-20ug_mL 3,1,0.516,0.0756,0.198,i_2S-20ug_mL 3,i_2S-20ug_mL,i,iota,20.0,ug/mL,20 ug/mL,water,3.0,False
i_2S-20ug_mL 3,2,0.515,0.0614,0.178,i_2S-20ug_mL 3,i_2S-20ug_mL,i,iota,20.0,ug/mL,20 ug/mL,water,3.0,False
i_2S-20ug_mL 3,3,0.515,0.045,0.167,i_2S-20ug_mL 3,i_2S-20ug_mL,i,iota,20.0,ug/mL,20 ug/mL,water,3.0,False
i_2S-20ug_mL 3,4,0.514,0.0298,0.167,i_2S-20ug_mL 3,i_2S-20ug_mL,i,iota,20.0,ug/mL,20 ug/mL,water,3.0,False
i_2S-20ug_mL 3,5,0.513,0.0198,0.166,i_2S-20ug_mL 3,i_2S-20ug_mL,i,iota,20.0,ug/mL,20 ug/mL,water,3.0,False
i_2S-20ug_mL 3,6,0.512,0.0107,0.156,i_2S-20ug_mL 3,i_2S-20ug_mL,i,iota,20.0,ug/mL,20 ug/mL,water,3.0,False
i_2S-20ug_mL 3,7,0.511,0.00477,0.15,i_2S-20ug_mL 3,i_2S-20ug_mL,i,iota,20.0,ug/mL,20 ug/mL,water,3.0,False
i_2S-20ug_mL 3,8,0.51,0.00214,0.144,i_2S-20ug_mL 3,i_2S-20ug_mL,i,iota,20.0,ug/mL,20 ug/mL,water,3.0,False
i_2S-20ug_mL 3,9,0.51,0.000647,0.14,i_2S-20ug_mL 3,i_2S-20ug_mL,i,iota,20.0,ug/mL,20 ug/mL,water,3.0,False
i_2S-20ug_mL 3,10,0.508,0.516,0.127,i_2S-20ug_mL 3,i_2S-20ug_mL,i,iota,20.0,ug/mL,20 ug/mL,water,3.0,False
i_2S-20ug_mL 3,11,0.507,0.515,0.126,i_2S-20ug_mL 3,i_2S-20ug_mL,i,iota,20.0,ug/mL,20 ug/mL,water,3.0,False
i_2S-20ug_mL 3,12,0.505,0.515,0.114,i_2S-20ug_mL 3,i_2S-20ug_mL,i,iota,20.0,ug/mL,20 ug/mL,water,3.0,False
i_2S-20ug_mL 3,13,0.503,0.513,0.0923,i_2S-20ug_mL 3,i_2S-20ug_mL,i,iota,20.0,ug/mL,20 ug/mL,water,3.0,False
i_2S-20ug_mL 3,14,0.501,0.515,0.079,i_2S-20ug_mL 3,i_2S-20ug_mL,i,iota,20.0,ug/mL,20 ug/mL,water,3.0,False
i_2S-20ug_mL 3,15,0.498,0.512,0.077,i_2S-20ug_mL 3,i_2S-20ug_mL,i,iota,20.0,ug/mL,20 ug/mL,water,3.0,False
i_2S-20ug_mL 3,16,0.494,0.509,0.0512,i_2S-20ug_mL 3,i_2S-20ug_mL,i,iota,20.0,ug/mL,20 ug/mL,water,3.0,False
i_2S-20ug_mL 3,17,0.491,0.511,0.0519,i_2S-20ug_mL 3,i_2S-20ug_mL,i,iota,20.0,ug/mL,20 ug/mL,water,3.0,False
i_2S-20ug_mL 3,18,0.487,0.509,0.041,i_2S-20ug_mL 3,i_2S-20ug_mL,i,iota,20.0,ug/mL,20 ug/mL,water,3.0,False
i_2S-20ug_mL 3,19,0.48,0.509,1.5,i_2S-20ug_mL 3,i_2S-20ug_mL,i,iota,20.0,ug/mL,20 ug/mL,water,3.0,False
i_2S-20ug_mL 3,20,0.473,0.507,2.0,i_2S-20ug_mL 3,i_2S-20ug_mL,i,iota,20.0,ug/mL,20 ug/mL,water,3.0,False
i_2S-20ug_mL 3,21,0.465,0.506,2.5,i_2S-20ug_mL 3,i_2S-20ug_mL,i,iota,20.0,ug/mL,20 ug/mL,water,3.0,False
i_2S-20ug_mL 3,22,0.454,0.504,3.5,i_2S-20ug_mL 3,i_2S-20ug_mL,i,iota,20.0,ug/mL,20 ug/mL,water,3.0,False
i_2S-20ug_mL 3,23,0.44,0.501,4.5,i_2S-20ug_mL 3,i_2S-20ug_mL,i,iota,20.0,ug/mL,20 ug/mL,water,3.0,False
i_2S-20ug_mL 3,24,0.427,0.497,5.5,i_2S-20ug_mL 3,i_2S-20ug_mL,i,iota,20.0,ug/mL,20 ug/mL,water,3.0,False
i_2S-20ug_mL 3,25,0.408,0.495,7.5,i_2S-20ug_mL 3,i_2S-20ug_mL,i,iota,20.0,ug/mL,20 ug/mL,water,3.0,False
i_2S-20ug_mL 3,26,0.386,0.491,9.5,i_2S-20ug_mL 3,i_2S-20ug_mL,i,iota,20.0,ug/mL,20 ug/mL,water,3.0,False
i_2S-20ug_mL 3,27,0.365,0.486,11.5,i_2S-20ug_mL 3,i_2S-20ug_mL,i,iota,20.0,ug/mL,20 ug/mL,water,3.0,False
i_2S-20ug_mL 3,28,0.338,0.48,14.5,i_2S-20ug_mL 3,i_2S-20ug_mL,i,iota,20.0,ug/mL,20 ug/mL,water,3.0,False
i_2S-20ug_mL 3,29,0.308,0.472,18.5,i_2S-20ug_mL 3,i_2S-20ug_mL,i,iota,20.0,ug/mL,20 ug/mL,water,3.0,False
i_2S-20ug_mL 3,30,0.283,0.464,22.5,i_2S-20ug_mL 3,i_2S-20ug_mL,i,iota,20.0,ug/mL,20 ug/mL,water,3.0,False
i_2S-20ug_mL 3,31,0.253,0.453,28.5,i_2S-20ug_mL 3,i_2S-20ug_mL,i,iota,20.0,ug/mL,20 ug/mL,water,3.0,False
i_2S-20ug_mL 3,32,0.223,0.44,36.5,i_2S-20ug_mL 3,i_2S-20ug_mL,i,iota,20.0,ug/mL,20 ug/mL,water,3.0,False
i_2S-20ug_mL 3,33,0.202,0.428,44.5,i_2S-20ug_mL 3,i_2S-20ug_mL,i,iota,20.0,ug/mL,20 ug/mL,water,3.0,False
i_2S-20ug_mL 3,34,0.181,0.411,56.5,i_2S-20ug_mL 3,i_2S-20ug_mL,i,iota,20.0,ug/mL,20 ug/mL,water,3.0,False
i_2S-20ug_mL 3,35,0.162,0.389,68.5,i_2S-20ug_mL 3,i_2S-20ug_mL,i,iota,20.0,ug/mL,20 ug/mL,water,3.0,False
i_2S-20ug_mL 3,36,0.15,0.369,84.5,i_2S-20ug_mL 3,i_2S-20ug_mL,i,iota,20.0,ug/mL,20 ug/mL,water,3.0,False
i_2S-20ug_mL 3,37,0.136,0.34,109.0,i_2S-20ug_mL 3,i_2S-20ug_mL,i,iota,20.0,ug/mL,20 ug/mL,water,3.0,False
i_2S-20ug_mL 3,38,0.121,0.305,141.0,i_2S-20ug_mL 3,i_2S-20ug_mL,i,iota,20.0,ug/mL,20 ug/mL,water,3.0,False
i_2S-20ug_mL 3,39,0.109,0.274,173.0,i_2S-20ug_mL 3,i_2S-20ug_mL,i,iota,20.0,ug/mL,20 ug/mL,water,3.0,False
i_2S-20ug_mL 3,40,0.0931,0.234,221.0,i_2S-20ug_mL 3,i_2S-20ug_mL,i,iota,20.0,ug/mL,20 ug/mL,water,3.0,False
L_3S-35ug_mL 1,1,0.805,0.245,0.494,L_3S-35ug_mL 1,L_3S-35ug_mL,l,lambda,35.0,ug/mL,35 ug/mL,water,1.0,False
L_3S-35ug_mL 1,2,0.804,0.203,0.468,L_3S-35ug_mL 1,L_3S-35ug_mL,l,lambda,35.0,ug/mL,35 ug/mL,water,1.0,False
L_3S-35ug_mL 1,3,0.804,0.153,0.441,L_3S-35ug_mL 1,L_3S-35ug_mL,l,lambda,35.0,ug/mL,35 ug/mL,water,1.0,False
L_3S-35ug_mL 1,4,0.803,0.105,0.421,L_3S-35ug_mL 1,L_3S-35ug_mL,l,lambda,35.0,ug/mL,35 ug/mL,water,1.0,False
L_3S-35ug_mL 1,5,0.802,0.0719,0.409,L_3S-35ug_mL 1,L_3S-35ug_mL,l,lambda,35.0,ug/mL,35 ug/mL,water,1.0,False
L_3S-35ug_mL 1,6,0.801,0.0408,0.402,L_3S-35ug_mL 1,L_3S-35ug_mL,l,lambda,35.0,ug/mL,35 ug/mL,water,1.0,False
L_3S-35ug_mL 1,7,0.8,0.0192,0.396,L_3S-35ug_mL 1,L_3S-35ug_mL,l,lambda,35.0,ug/mL,35 ug/mL,water,1.0,False
L_3S-35ug_mL 1,8,0.798,0.00904,0.391,L_3S-35ug_mL 1,L_3S-35ug_mL,l,lambda,35.0,ug/mL,35 ug/mL,water,1.0,False
L_3S-35ug_mL 1,9,0.797,0.00292,0.391,L_3S-35ug_mL 1,L_3S-35ug_mL,l,lambda,35.0,ug/mL,35 ug/mL,water,1.0,False
L_3S-35ug_mL 1,10,0.795,0.801,0.379,L_3S-35ug_mL 1,L_3S-35ug_mL,l,lambda,35.0,ug/mL,35 ug/mL,water,1.0,False
L_3S-35ug_mL 1,11,0.792,0.807,0.373,L_3S-35ug_mL 1,L_3S-35ug_mL,l,lambda,35.0,ug/mL,35 ug/mL,water,1.0,False
L_3S-35ug_mL 1,12,0.79,0.801,0.357,L_3S-35ug_mL 1,L_3S-35ug_mL,l,lambda,35.0,ug/mL,35 ug/mL,water,1.0,False
L_3S-35ug_mL 1,13,0.787,0.806,0.349,L_3S-35ug_mL 1,L_3S-35ug_mL,l,lambda,35.0,ug/mL,35 ug/mL,water,1.0,False
L_3S-35ug_mL 1,14,0.782,0.803,0.315,L_3S-35ug_mL 1,L_3S-35ug_mL,l,lambda,35.0,ug/mL,35 ug/mL,water,1.0,False
L_3S-35ug_mL 1,15,0.779,0.8,0.278,L_3S-35ug_mL 1,L_3S-35ug_mL,l,lambda,35.0,ug/mL,35 ug/mL,water,1.0,False
L_3S-35ug_mL 1,16,0.774,0.8,0.231,L_3S-35ug_mL 1,L_3S-35ug_mL,l,lambda,35.0,ug/mL,35 ug/mL,water,1.0,False
L_3S-35ug_mL 1,17,0.769,0.799,0.174,L_3S-35ug_mL 1,L_3S-35ug_mL,l,lambda,35.0,ug/mL,35 ug/mL,water,1.0,False
L_3S-35ug_mL 1,18,0.763,0.8,0.0796,L_3S-35ug_mL 1,L_3S-35ug_mL,l,lambda,35.0,ug/mL,35 ug/mL,water,1.0,False
L_3S-35ug_mL 1,19,0.756,0.793,1.5,L_3S-35ug_mL 1,L_3S-35ug_mL,l,lambda,35.0,ug/mL,35 ug/mL,water,1.0,False
L_3S-35ug_mL 1,20,0.746,0.791,2.0,L_3S-35ug_mL 1,L_3S-35ug_mL,l,lambda,35.0,ug/mL,35 ug/mL,water,1.0,False
L_3S-35ug_mL 1,21,0.738,0.79,2.5,L_3S-35ug_mL 1,L_3S-35ug_mL,l,lambda,35.0,ug/mL,35 ug/mL,water,1.0,False
L_3S-35ug_mL 1,22,0.725,0.786,3.5,L_3S-35ug_mL 1,L_3S-35ug_mL,l,lambda,35.0,ug/mL,35 ug/mL,water,1.0,False
L_3S-35ug_mL 1,23,0.71,0.782,4.5,L_3S-35ug_mL 1,L_3S-35ug_mL,l,lambda,35.0,ug/mL,35 ug/mL,water,1.0,False
L_3S-35ug_mL 1,24,0.695,0.779,5.5,L_3S-35ug_mL 1,L_3S-35ug_mL,l,lambda,35.0,ug/mL,35 ug/mL,water,1.0,False
L_3S-35ug_mL 1,25,0.676,0.774,7.5,L_3S-35ug_mL 1,L_3S-35ug_mL,l,lambda,35.0,ug/mL,35 ug/mL,water,1.0,False
L_3S-35ug_mL 1,26,0.654,0.769,9.5,L_3S-35ug_mL 1,L_3S-35ug_mL,l,lambda,35.0,ug/mL,35 ug/mL,water,1.0,False
L_3S-35ug_mL 1,27,0.634,0.763,11.5,L_3S-35ug_mL 1,L_3S-35ug_mL,l,lambda,35.0,ug/mL,35 ug/mL,water,1.0,False
L_3S-35ug_mL 1,28,0.61,0.755,14.5,L_3S-35ug_mL 1,L_3S-35ug_mL,l,lambda,35.0,ug/mL,35 ug/mL,water,1.0,False
L_3S-35ug_mL 1,29,0.585,0.746,18.5,L_3S-35ug_mL 1,L_3S-35ug_mL,l,lambda,35.0,ug/mL,35 ug/mL,water,1.0,False
L_3S-35ug_mL 1,30,0.566,0.736,22.5,L_3S-35ug_mL 1,L_3S-35ug_mL,l,lambda,35.0,ug/mL,35 ug/mL,water,1.0,False
L_3S-35ug_mL 1,31,0.544,0.725,28.5,L_3S-35ug_mL 1,L_3S-35ug_mL,l,lambda,35.0,ug/mL,35 ug/mL,water,1.0,False
L_3S-35ug_mL 1,32,0.522,0.709,36.5,L_3S-35ug_mL 1,L_3S-35ug_mL,l,lambda,35.0,ug/mL,35 ug/mL,water,1.0,False
L_3S-35ug_mL 1,33,0.506,0.696,44.5,L_3S-35ug_mL 1,L_3S-35ug_mL,l,lambda,35.0,ug/mL,35 ug/mL,water,1.0,False
L_3S-35ug_mL 1,34,0.486,0.679,56.5,L_3S-35ug_mL 1,L_3S-35ug_mL,l,lambda,35.0,ug/mL,35 ug/mL,water,1.0,False
L_3S-35ug_mL 1,35,0.462,0.658,68.5,L_3S-35ug_mL 1,L_3S-35ug_mL,l,lambda,35.0,ug/mL,35 ug/mL,water,1.0,False
L_3S-35ug_mL 1,36,0.441,0.639,84.5,L_3S-35ug_mL 1,L_3S-35ug_mL,l,lambda,35.0,ug/mL,35 ug/mL,water,1.0,False
L_3S-35ug_mL 1,37,0.411,0.614,109.0,L_3S-35ug_mL 1,L_3S-35ug_mL,l,lambda,35.0,ug/mL,35 ug/mL,water,1.0,False
L_3S-35ug_mL 1,38,0.374,0.585,141.0,L_3S-35ug_mL 1,L_3S-35ug_mL,l,lambda,35.0,ug/mL,35 ug/mL,water,1.0,False
L_3S-35ug_mL 1,39,0.34,0.56,173.0,L_3S-35ug_mL 1,L_3S-35ug_mL,l,lambda,35.0,ug/mL,35 ug/mL,water,1.0,False
L_3S-35ug_mL 1,40,0.295,0.528,221.0,L_3S-35ug_mL 1,L_3S-35ug_mL,l,lambda,35.0,ug/mL,35 ug/mL,water,1.0,False
L_3S-35ug_mL 2,1,0.737,0.134,0.337,L_3S-35ug_mL 2,L_3S-35ug_mL,l,lambda,35.0,ug/mL,35 ug/mL,water,2.0,False
L_3S-35ug_mL 2,2,0.736,0.11,0.302,L_3S-35ug_mL 2,L_3S-35ug_mL,l,lambda,35.0,ug/mL,35 ug/mL,water,2.0,False
L_3S-35ug_mL 2,3,0.736,0.082,0.271,L_3S-35ug_mL 2,L_3S-35ug_mL,l,lambda,35.0,ug/mL,35 ug/mL,water,2.0,False
L_3S-35ug_mL 2,4,0.735,0.0555,0.258,L_3S-35ug_mL 2,L_3S-35ug_mL,l,lambda,35.0,ug/mL,35 ug/mL,water,2.0,False
L_3S-35ug_mL 2,5,0.733,0.0376,0.256,L_3S-35ug_mL 2,L_3S-35ug_mL,l,lambda,35.0,ug/mL,35 ug/mL,water,2.0,False
L_3S-35ug_mL 2,6,0.732,0.021,0.247,L_3S-35ug_mL 2,L_3S-35ug_mL,l,lambda,35.0,ug/mL,35 ug/mL,water,2.0,False
L_3S-35ug_mL 2,7,0.73,0.00968,0.219,L_3S-35ug_mL 2,L_3S-35ug_mL,l,lambda,35.0,ug/mL,35 ug/mL,water,2.0,False
L_3S-35ug_mL 2,8,0.728,0.00447,0.215,L_3S-35ug_mL 2,L_3S-35ug_mL,l,lambda,35.0,ug/mL,35 ug/mL,water,2.0,False
L_3S-35ug_mL 2,9,0.726,0.00141,0.208,L_3S-35ug_mL 2,L_3S-35ug_mL,l,lambda,35.0,ug/mL,35 ug/mL,water,2.0,False
L_3S-35ug_mL 2,10,0.724,0.736,0.204,L_3S-35ug_mL 2,L_3S-35ug_mL,l,lambda,35.0,ug/mL,35 ug/mL,water,2.0,False
L_3S-35ug_mL 2,11,0.721,0.738,0.199,L_3S-35ug_mL 2,L_3S-35ug_mL,l,lambda,35.0,ug/mL,35 ug/mL,water,2.0,False
L_3S-35ug_mL 2,12,0.718,0.735,0.189,L_3S-35ug_mL 2,L_3S-35ug_mL,l,lambda,35.0,ug/mL,35 ug/mL,water,2.0,False
L_3S-35ug_mL 2,13,0.714,0.735,0.176,L_3S-35ug_mL 2,L_3S-35ug_mL,l,lambda,35.0,ug/mL,35 ug/mL,water,2.0,False
L_3S-35ug_mL 2,14,0.709,0.734,0.173,L_3S-35ug_mL 2,L_3S-35ug_mL,l,lambda,35.0,ug/mL,35 ug/mL,water,2.0,False
L_3S-35ug_mL 2,15,0.704,0.73,0.176,L_3S-35ug_mL 2,L_3S-35ug_mL,l,lambda,35.0,ug/mL,35 ug/mL,water,2.0,False
L_3S-35ug_mL 2,16,0.698,0.731,0.146,L_3S-35ug_mL 2,L_3S-35ug_mL,l,lambda,35.0,ug/mL,35 ug/mL,water,2.0,False
L_3S-35ug_mL 2,17,0.692,0.728,0.134,L_3S-35ug_mL 2,L_3S-35ug_mL,l,lambda,35.0,ug/mL,35 ug/mL,water,2.0,False
L_3S-35ug_mL 2,18,0.685,0.726,0.0813,L_3S-35ug_mL 2,L_3S-35ug_mL,l,lambda,35.0,ug/mL,35 ug/mL,water,2.0,False
L_3S-35ug_mL 2,19,0.676,0.725,1.5,L_3S-35ug_mL 2,L_3S-35ug_mL,l,lambda,35.0,ug/mL,35 ug/mL,water,2.0,False
L_3S-35ug_mL 2,20,0.664,0.72,2.0,L_3S-35ug_mL 2,L_3S-35ug_mL,l,lambda,35.0,ug/mL,35 ug/mL,water,2.0,False
L_3S-35ug_mL 2,21,0.654,0.718,2.5,L_3S-35ug_mL 2,L_3S-35ug_mL,l,lambda,35.0,ug/mL,35 ug/mL,water,2.0,False
L_3S-35ug_mL 2,22,0.641,0.713,3.5,L_3S-35ug_mL 2,L_3S-35ug_mL,l,lambda,35.0,ug/mL,35 ug/mL,water,2.0,False
L_3S-35ug_mL 2,23,0.624,0.709,4.5,L_3S-35ug_mL 2,L_3S-35ug_mL,l,lambda,35.0,ug/mL,35 ug/mL,water,2.0,False
L_3S-35ug_mL 2,24,0.608,0.705,5.5,L_3S-35ug_mL 2,L_3S-35ug_mL,l,lambda,35.0,ug/mL,35 ug/mL,water,2.0,False
L_3S-35ug_mL 2,25,0.585,0.697,7.5,L_3S-35ug_mL 2,L_3S-35ug_mL,l,lambda,35.0,ug/mL,35 ug/mL,water,2.0,False
L_3S-35ug_mL 2,26,0.558,0.692,9.5,L_3S-35ug_mL 2,L_3S-35ug_mL,l,lambda,35.0,ug/mL,35 ug/mL,water,2.0,False
L_3S-35ug_mL 2,27,0.533,0.686,11.5,L_3S-35ug_mL 2,L_3S-35ug_mL,l,lambda,35.0,ug/mL,35 ug/mL,water,2.0,False
L_3S-35ug_mL 2,28,0.5,0.675,14.5,L_3S-35ug_mL 2,L_3S-35ug_mL,l,lambda,35.0,ug/mL,35 ug/mL,water,2.0,False
L_3S-35ug_mL 2,29,0.462,0.665,18.5,L_3S-35ug_mL 2,L_3S-35ug_mL,l,lambda,35.0,ug/mL,35 ug/mL,water,2.0,False
L_3S-35ug_mL 2,30,0.431,0.654,22.5,L_3S-35ug_mL 2,L_3S-35ug_mL,l,lambda,35.0,ug/mL,35 ug/mL,water,2.0,False
L_3S-35ug_mL 2,31,0.393,0.639,28.5,L_3S-35ug_mL 2,L_3S-35ug_mL,l,lambda,35.0,ug/mL,35 ug/mL,water,2.0,False
L_3S-35ug_mL 2,32,0.355,0.623,36.5,L_3S-35ug_mL 2,L_3S-35ug_mL,l,lambda,35.0,ug/mL,35 ug/mL,water,2.0,False
L_3S-35ug_mL 2,33,0.327,0.606,44.5,L_3S-35ug_mL 2,L_3S-35ug_mL,l,lambda,35.0,ug/mL,35 ug/mL,water,2.0,False
L_3S-35ug_mL 2,34,0.298,0.585,56.5,L_3S-35ug_mL 2,L_3S-35ug_mL,l,lambda,35.0,ug/mL,35 ug/mL,water,2.0,False
L_3S-35ug_mL 2,35,0.271,0.56,68.5,L_3S-35ug_mL 2,L_3S-35ug_mL,l,lambda,35.0,ug/mL,35 ug/mL,water,2.0,False
L_3S-35ug_mL 2,36,0.252,0.537,84.5,L_3S-35ug_mL 2,L_3S-35ug_mL,l,lambda,35.0,ug/mL,35 ug/mL,water,2.0,False
L_3S-35ug_mL 2,37,0.231,0.505,109.0,L_3S-35ug_mL 2,L_3S-35ug_mL,l,lambda,35.0,ug/mL,35 ug/mL,water,2.0,False
L_3S-35ug_mL 2,38,0.208,0.466,141.0,L_3S-35ug_mL 2,L_3S-35ug_mL,l,lambda,35.0,ug/mL,35 ug/mL,water,2.0,False
L_3S-35ug_mL 2,39,0.188,0.431,173.0,L_3S-35ug_mL 2,L_3S-35ug_mL,l,lambda,35.0,ug/mL,35 ug/mL,water,2.0,False
L_3S-35ug_mL 2,40,0.163,0.385,221.0,L_3S-35ug_mL 2,L_3S-35ug_mL,l,lambda,35.0,ug/mL,35 ug/mL,water,2.0,False
L_3S-35ug_mL 3,1,0.668,0.0623,0.274,L_3S-35ug_mL 3,L_3S-35ug_mL,l,lambda,35.0,ug/mL,35 ug/mL,water,3.0,False
L_3S-35ug_mL 3,2,0.667,0.0501,0.229,L_3S-35ug_mL 3,L_3S-35ug_mL,l,lambda,35.0,ug/mL,35 ug/mL,water,3.0,False
L_3S-35ug_mL 3,3,0.666,0.0363,0.18,L_3S-35ug_mL 3,L_3S-35ug_mL,l,lambda,35.0,ug/mL,35 ug/mL,water,3.0,False
L_3S-35ug_mL 3,4,0.665,0.0237,0.155,L_3S-35ug_mL 3,L_3S-35ug_mL,l,lambda,35.0,ug/mL,35 ug/mL,water,3.0,False
L_3S-35ug_mL 3,5,0.663,0.0155,0.156,L_3S-35ug_mL 3,L_3S-35ug_mL,l,lambda,35.0,ug/mL,35 ug/mL,water,3.0,False
L_3S-35ug_mL 3,6,0.662,0.00829,0.165,L_3S-35ug_mL 3,L_3S-35ug_mL,l,lambda,35.0,ug/mL,35 ug/mL,water,3.0,False
L_3S-35ug_mL 3,7,0.66,0.00362,0.143,L_3S-35ug_mL 3,L_3S-35ug_mL,l,lambda,35.0,ug/mL,35 ug/mL,water,3.0,False
L_3S-35ug_mL 3,8,0.658,0.00159,0.124,L_3S-35ug_mL 3,L_3S-35ug_mL,l,lambda,35.0,ug/mL,35 ug/mL,water,3.0,False
L_3S-35ug_mL 3,9,0.656,0.000473,0.117,L_3S-35ug_mL 3,L_3S-35ug_mL,l,lambda,35.0,ug/mL,35 ug/mL,water,3.0,False
L_3S-35ug_mL 3,10,0.654,0.669,0.11,L_3S-35ug_mL 3,L_3S-35ug_mL,l,lambda,35.0,ug/mL,35 ug/mL,water,3.0,False
L_3S-35ug_mL 3,11,0.651,0.667,0.11,L_3S-35ug_mL 3,L_3S-35ug_mL,l,lambda,35.0,ug/mL,35 ug/mL,water,3.0,False
L_3S-35ug_mL 3,12,0.648,0.665,0.098,L_3S-35ug_mL 3,L_3S-35ug_mL,l,lambda,35.0,ug/mL,35 ug/mL,water,3.0,False
L_3S-35ug_mL 3,13,0.645,0.665,0.0775,L_3S-35ug_mL 3,L_3S-35ug_mL,l,lambda,35.0,ug/mL,35 ug/mL,water,3.0,False
L_3S-35ug_mL 3,14,0.64,0.663,0.0887,L_3S-35ug_mL 3,L_3S-35ug_mL,l,lambda,35.0,ug/mL,35 ug/mL,water,3.0,False
L_3S-35ug_mL 3,15,0.636,0.665,0.0894,L_3S-35ug_mL 3,L_3S-35ug_mL,l,lambda,35.0,ug/mL,35 ug/mL,water,3.0,False
L_3S-35ug_mL 3,16,0.631,0.658,0.0539,L_3S-35ug_mL 3,L_3S-35ug_mL,l,lambda,35.0,ug/mL,35 ug/mL,water,3.0,False
L_3S-35ug_mL 3,17,0.625,0.66,0.0461,L_3S-35ug_mL 3,L_3S-35ug_mL,l,lambda,35.0,ug/mL,35 ug/mL,water,3.0,False
L_3S-35ug_mL 3,18,0.618,0.655,0.0294,L_3S-35ug_mL 3,L_3S-35ug_mL,l,lambda,35.0,ug/mL,35 ug/mL,water,3.0,False
L_3S-35ug_mL 3,19,0.609,0.652,1.5,L_3S-35ug_mL 3,L_3S-35ug_mL,l,lambda,35.0,ug/mL,35 ug/mL,water,3.0,False
L_3S-35ug_mL 3,20,0.598,0.65,2.0,L_3S-35ug_mL 3,L_3S-35ug_mL,l,lambda,35.0,ug/mL,35 ug/mL,water,3.0,False
L_3S-35ug_mL 3,21,0.588,0.647,2.5,L_3S-35ug_mL 3,L_3S-35ug_mL,l,lambda,35.0,ug/mL,35 ug/mL,water,3.0,False
L_3S-35ug_mL 3,22,0.574,0.646,3.5,L_3S-35ug_mL 3,L_3S-35ug_mL,l,lambda,35.0,ug/mL,35 ug/mL,water,3.0,False
L_3S-35ug_mL 3,23,0.558,0.642,4.5,L_3S-35ug_mL 3,L_3S-35ug_mL,l,lambda,35.0,ug/mL,35 ug/mL,water,3.0,False
L_3S-35ug_mL 3,24,0.543,0.636,5.5,L_3S-35ug_mL 3,L_3S-35ug_mL,l,lambda,35.0,ug/mL,35 ug/mL,water,3.0,False
L_3S-35ug_mL 3,25,0.522,0.63,7.5,L_3S-35ug_mL 3,L_3S-35ug_mL,l,lambda,35.0,ug/mL,35 ug/mL,water,3.0,False
L_3S-35ug_mL 3,26,0.498,0.625,9.5,L_3S-35ug_mL 3,L_3S-35ug_mL,l,lambda,35.0,ug/mL,35 ug/mL,water,3.0,False
L_3S-35ug_mL 3,27,0.475,0.619,11.5,L_3S-35ug_mL 3,L_3S-35ug_mL,l,lambda,35.0,ug/mL,35 ug/mL,water,3.0,False
L_3S-35ug_mL 3,28,0.443,0.61,14.5,L_3S-35ug_mL 3,L_3S-35ug_mL,l,lambda,35.0,ug/mL,35 ug/mL,water,3.0,False
L_3S-35ug_mL 3,29,0.406,0.597,18.5,L_3S-35ug_mL 3,L_3S-35ug_mL,l,lambda,35.0,ug/mL,35 ug/mL,water,3.0,False
L_3S-35ug_mL 3,30,0.373,0.588,22.5,L_3S-35ug_mL 3,L_3S-35ug_mL,l,lambda,35.0,ug/mL,35 ug/mL,water,3.0,False
L_3S-35ug_mL 3,31,0.331,0.574,28.5,L_3S-35ug_mL 3,L_3S-35ug_mL,l,lambda,35.0,ug/mL,35 ug/mL,water,3.0,False
L_3S-35ug_mL 3,32,0.286,0.557,36.5,L_3S-35ug_mL 3,L_3S-35ug_mL,l,lambda,35.0,ug/mL,35 ug/mL,water,3.0,False
L_3S-35ug_mL 3,33,0.251,0.541,44.5,L_3S-35ug_mL 3,L_3S-35ug_mL,l,lambda,35.0,ug/mL,35 ug/mL,water,3.0,False
L_3S-35ug_mL 3,34,0.211,0.522,56.5,L_3S-35ug_mL 3,L_3S-35ug_mL,l,lambda,35.0,ug/mL,35 ug/mL,water,3.0,False
L_3S-35ug_mL 3,35,0.175,0.498,68.5,L_3S-35ug_mL 3,L_3S-35ug_mL,l,lambda,35.0,ug/mL,35 ug/mL,water,3.0,False
L_3S-35ug_mL 3,36,0.151,0.476,84.5,L_3S-35ug_mL 3,L_3S-35ug_mL,l,lambda,35.0,ug/mL,35 ug/mL,water,3.0,False
L_3S-35ug_mL 3,37,0.127,0.445,109.0,L_3S-35ug_mL 3,L_3S-35ug_mL,l,lambda,35.0,ug/mL,35 ug/mL,water,3.0,False
L_3S-35ug_mL 3,38,0.107,0.409,141.0,L_3S-35ug_mL 3,L_3S-35ug_mL,l,lambda,35.0,ug/mL,35 ug/mL,water,3.0,False
L_3S-35ug_mL 3,39,0.0932,0.375,173.0,L_3S-35ug_mL 3,L_3S-35ug_mL,l,lambda,35.0,ug/mL,35 ug/mL,water,3.0,False
L_3S-35ug_mL 3,40,0.0778,0.329,221.0,L_3S-35ug_mL 3,L_3S-35ug_mL,l,lambda,35.0,ug/mL,35 ug/mL,water,3.0,False
i_2S-20ug_mL-mean,1,1.05,0.401,0.798,i_2S-20ug_mL-mean,i_2S-20ug_mL-mean,i,iota,20.0,ug/mL,20 ug/mL,water,,True
i_2S-20ug_mL-mean,2,1.05,0.332,0.785,i_2S-20ug_mL-mean,i_2S-20ug_mL-mean,i,iota,20.0,ug/mL,20 ug/mL,water,,True
i_2S-20ug_mL-mean,3,1.05,0.25,0.771,i_2S-20ug_mL-mean,i_2S-20ug_mL-mean,i,iota,20.0,ug/mL,20 ug/mL,water,,True
i_2S-20ug_mL-mean,4,1.04,0.172,0.753,i_2S-20ug_mL-mean,i_2S-20ug_mL-mean,i,iota,20.0,ug/mL,20 ug/mL,water,,True
i_2S-20ug_mL-mean,5,1.04,0.118,0.735,i_2S-20ug_mL-mean,i_2S-20ug_mL-mean,i,iota,20.0,ug/mL,20 ug/mL,water,,True
i_2S-20ug_mL-mean,6,1.04,0.0669,0.716,i_2S-20ug_mL-mean,i_2S-20ug_mL-mean,i,iota,20.0,ug/mL,20 ug/mL,water,,True
i_2S-20ug_mL-mean,7,1.04,0.0315,0.69,i_2S-20ug_mL-mean,i_2S-20ug_mL-mean,i,iota,20.0,ug/mL,20 ug/mL,water,,True
i_2S-20ug_mL-mean,8,1.04,0.0148,0.672,i_2S-20ug_mL-mean,i_2S-20ug_mL-mean,i,iota,20.0,ug/mL,20 ug/mL,water,,True
i_2S-20ug_mL-mean,9,1.04,0.00479,0.65,i_2S-20ug_mL-mean,i_2S-20ug_mL-mean,i,iota,20.0,ug/mL,20 ug/mL,water,,True
i_2S-20ug_mL-mean,10,1.04,1.05,0.629,i_2S-20ug_mL-mean,i_2S-20ug_mL-mean,i,iota,20.0,ug/mL,20 ug/mL,water,,True
i_2S-20ug_mL-mean,11,1.04,1.05,0.618,i_2S-20ug_mL-mean,i_2S-20ug_mL-mean,i,iota,20.0,ug/mL,20 ug/mL,water,,True
i_2S-20ug_mL-mean,12,1.04,1.05,0.598,i_2S-20ug_mL-mean,i_2S-20ug_mL-mean,i,iota,20.0,ug/mL,20 ug/mL,water,,True
i_2S-20ug_mL-mean,13,1.03,1.04,0.569,i_2S-20ug_mL-mean,i_2S-20ug_mL-mean,i,iota,20.0,ug/mL,20 ug/mL,water,,True
i_2S-20ug_mL-mean,14,1.03,1.04,0.531,i_2S-20ug_mL-mean,i_2S-20ug_mL-mean,i,iota,20.0,ug/mL,20 ug/mL,water,,True
i_2S-20ug_mL-mean,15,1.03,1.05,0.46,i_2S-20ug_mL-mean,i_2S-20ug_mL-mean,i,iota,20.0,ug/mL,20 ug/mL,water,,True
i_2S-20ug_mL-mean,16,1.02,1.04,0.403,i_2S-20ug_mL-mean,i_2S-20ug_mL-mean,i,iota,20.0,ug/mL,20 ug/mL,water,,True
i_2S-20ug_mL-mean,17,1.02,1.04,0.337,i_2S-20ug_mL-mean,i_2S-20ug_mL-mean,i,iota,20.0,ug/mL,20 ug/mL,water,,True
i_2S-20ug_mL-mean,18,1.01,1.04,0.202,i_2S-20ug_mL-mean,i_2S-20ug_mL-mean,i,iota,20.0,ug/mL,20 ug/mL,water,,True
i_2S-20ug_mL-mean,19,1.0,1.04,1.5,i_2S-20ug_mL-mean,i_2S-20ug_mL-mean,i,iota,20.0,ug/mL,20 ug/mL,water,,True
i_2S-20ug_mL-mean,20,0.991,1.04,2.0,i_2S-20ug_mL-mean,i_2S-20ug_mL-mean,i,iota,20.0,ug/mL,20 ug/mL,water,,True
i_2S-20ug_mL-mean,21,0.982,1.03,2.5,i_2S-20ug_mL-mean,i_2S-20ug_mL-mean,i,iota,20.0,ug/mL,20 ug/mL,water,,True
i_2S-20ug_mL-mean,22,0.971,1.03,3.5,i_2S-20ug_mL-mean,i_2S-20ug_mL-mean,i,iota,20.0,ug/mL,20 ug/mL,water,,True
i_2S-20ug_mL-mean,23,0.958,1.03,4.5,i_2S-20ug_mL-mean,i_2S-20ug_mL-mean,i,iota,20.0,ug/mL,20 ug/mL,water,,True
i_2S-20ug_mL-mean,24,0.947,1.02,5.5,i_2S-20ug_mL-mean,i_2S-20ug_mL-mean,i,iota,20.0,ug/mL,20 ug/mL,water,,True
i_2S-20ug_mL-mean,25,0.934,1.02,7.5,i_2S-20ug_mL-mean,i_2S-20ug_mL-mean,i,iota,20.0,ug/mL,20 ug/mL,water,,True
i_2S-20ug_mL-mean,26,0.922,1.02,9.5,i_2S-20ug_mL-mean,i_2S-20ug_mL-mean,i,iota,20.0,ug/mL,20 ug/mL,water,,True
i_2S-20ug_mL-mean,27,0.912,1.01,11.5,i_2S-20ug_mL-mean,i_2S-20ug_mL-mean,i,iota,20.0,ug/mL,20 ug/mL,water,,True
i_2S-20ug_mL-mean,28,0.901,1.0,14.5,i_2S-20ug_mL-mean,i_2S-20ug_mL-mean,i,iota,20.0,ug/mL,20 ug/mL,water,,True
i_2S-20ug_mL-mean,29,0.889,0.994,18.5,i_2S-20ug_mL-mean,i_2S-20ug_mL-mean,i,iota,20.0,ug/mL,20 ug/mL,water,,True
i_2S-20ug_mL-mean,30,0.878,0.986,22.5,i_2S-20ug_mL-mean,i_2S-20ug_mL-mean,i,iota,20.0,ug/mL,20 ug/mL,water,,True
i_2S-20ug_mL-mean,31,0.862,0.975,28.5,i_2S-20ug_mL-mean,i_2S-20ug_mL-mean,i,iota,20.0,ug/mL,20 ug/mL,water,,True
i_2S-20ug_mL-mean,32,0.842,0.961,36.5,i_2S-20ug_mL-mean,i_2S-20ug_mL-mean,i,iota,20.0,ug/mL,20 ug/mL,water,,True
i_2S-20ug_mL-mean,33,0.822,0.949,44.5,i_2S-20ug_mL-mean,i_2S-20ug_mL-mean,i,iota,20.0,ug/mL,20 ug/mL,water,,True
i_2S-20ug_mL-mean,34,0.794,0.933,56.5,i_2S-20ug_mL-mean,i_2S-20ug_mL-mean,i,iota,20.0,ug/mL,20 ug/mL,water,,True
i_2S-20ug_mL-mean,35,0.757,0.915,68.5,i_2S-20ug_mL-mean,i_2S-20ug_mL-mean,i,iota,20.0,ug/mL,20 ug/mL,water,,True
i_2S-20ug_mL-mean,36,0.722,0.899,84.5,i_2S-20ug_mL-mean,i_2S-20ug_mL-mean,i,iota,20.0,ug/mL,20 ug/mL,water,,True
i_2S-20ug_mL-mean,37,0.673,0.878,109.0,i_2S-20ug_mL-mean,i_2S-20ug_mL-mean,i,iota,20.0,ug/mL,20 ug/mL,water,,True
i_2S-20ug_mL-mean,38,0.613,0.856,141.0,i_2S-20ug_mL-mean,i_2S-20ug_mL-mean,i,iota,20.0,ug/mL,20 ug/mL,water,,True
i_2S-20ug_mL-mean,39,0.557,0.837,173.0,i_2S-20ug_mL-mean,i_2S-20ug_mL-mean,i,iota,20.0,ug/mL,20 ug/mL,water,,True
i_2S-20ug_mL-mean,40,0.484,0.817,221.0,i_2S-20ug_mL-mean,i_2S-20ug_mL-mean,i,iota,20.0,ug/mL,20 ug/mL,water,,True
L_3S-35ug_mL-mean,1,0.805,0.245,0.494,L_3S-35ug_mL-mean,L_3S-35ug_mL-mean,l,lambda,35.0,ug/mL,35 ug/mL,water,,True
L_3S-35ug_mL-mean,2,0.804,0.203,0.468,L_3S-35ug_mL-mean,L_3S-35ug_mL-mean,l,lambda,35.0,ug/mL,35 ug/mL,water,,True
L_3S-35ug_mL-mean,3,0.804,0.153,0.441,L_3S-35ug_mL-mean,L_3S-35ug_mL-mean,l,lambda,35.0,ug/mL,35 ug/mL,water,,True
L_3S-35ug_mL-mean,4,0.803,0.105,0.421,L_3S-35ug_mL-mean,L_3S-35ug_mL-mean,l,lambda,35.0,ug/mL,35 ug/mL,water,,True
L_3S-35ug_mL-mean,5,0.802,0.0719,0.409,L_3S-35ug_mL-mean,L_3S-35ug_mL-mean,l,lambda,35.0,ug/mL,35 ug/mL,water,,True
L_3S-35ug_mL-mean,6,0.801,0.0408,0.402,L_3S-35ug_mL-mean,L_3S-35ug_mL-mean,l,lambda,35.0,ug/mL,35 ug/mL,water,,True
L_3S-35ug_mL-mean,7,0.8,0.0192,0.396,L_3S-35ug_mL-mean,L_3S-35ug_mL-mean,l,lambda,35.0,ug/mL,35 ug/mL,water,,True
L_3S-35ug_mL-mean,8,0.798,0.00904,0.391,L_3S-35ug_mL-mean,L_3S-35ug_mL-mean,l,lambda,35.0,ug/mL,35 ug/mL,water,,True
L_3S-35ug_mL-mean,9,0.797,0.00292,0.391,L_3S-35ug_mL-mean,L_3S-35ug_mL-mean,l,lambda,35.0,ug/mL,35 ug/mL,water,,True
L_3S-35ug_mL-mean,10,0.795,0.801,0.379,L_3S-35ug_mL-mean,L_3S-35ug_mL-mean,l,lambda,35.0,ug/mL,35 ug/mL,water,,True
L_3S-35ug_mL-mean,11,0.792,0.807,0.373,L_3S-35ug_mL-mean,L_3S-35ug_mL-mean,l,lambda,35.0,ug/mL,35 ug/mL,water,,True
L_3S-35ug_mL-mean,12,0.79,0.801,0.357,L_3S-35ug_mL-mean,L_3S-35ug_mL-mean,l,lambda,35.0,ug/mL,35 ug/mL,water,,True
L_3S-35ug_mL-mean,13,0.787,0.806,0.349,L_3S-35ug_mL-mean,L_3S-35ug_mL-mean,l,lambda,35.0,ug/mL,35 ug/mL,water,,True
L_3S-35ug_mL-mean,14,0.782,0.803,0.315,L_3S-35ug_mL-mean,L_3S-35ug_mL-mean,l,lambda,35.0,ug/mL,35 ug/mL,water,,True
L_3S-35ug_mL-mean,15,0.779,0.8,0.278,L_3S-35ug_mL-mean,L_3S-35ug_mL-mean,l,lambda,35.0,ug/mL,35 ug/mL,water,,True
L_3S-35ug_mL-mean,16,0.774,0.8,0.231,L_3S-35ug_mL-mean,L_3S-35ug_mL-mean,l,lambda,35.0,ug/mL,35 ug/mL,water,,True
L_3S-35ug_mL-mean,17,0.769,0.799,0.174,L_3S-35ug_mL-mean,L_3S-35ug_mL-mean,l,lambda,35.0,ug/mL,35 ug/mL,water,,True
L_3S-35ug_mL-mean,18,0.763,0.8,0.0796,L_3S-35ug_mL-mean,L_3S-35ug_mL-mean,l,lambda,35.0,ug/mL,35 ug/mL,water,,True
L_3S-35ug_mL-mean,19,0.756,0.793,1.5,L_3S-35ug_mL-mean,L_3S-35ug_mL-mean,l,lambda,35.0,ug/mL,35 ug/mL,water,,True
L_3S-35ug_mL-mean,20,0.746,0.791,2.0,L_3S-35ug_mL-mean,L_3S-35ug_mL-mean,l,lambda,35.0,ug/mL,35 ug/mL,water,,True
L_3S-35ug_mL-mean,21,0.738,0.79,2.5,L_3S-35ug_mL-mean,L_3S-35ug_mL-mean,l,lambda,35.0,ug/mL,35 ug/mL,water,,True
L_3S-35ug_mL-mean,22,0.725,0.786,3.5,L_3S-35ug_mL-mean,L_3S-35ug_mL-mean,l,lambda,35.0,ug/mL,35 ug/mL,water,,True
L_3S-35ug_mL-mean,23,0.71,0.782,4.5,L_3S-35ug_mL-mean,L_3S-35ug_mL-mean,l,lambda,35.0,ug/mL,35 ug/mL,water,,True
L_3S-35ug_mL-mean,24,0.695,0.779,5.5,L_3S-35ug_mL-mean,L_3S-35ug_mL-mean,l,lambda,35.0,ug/mL,35 ug/mL,water,,True
L_3S-35ug_mL-mean,25,0.676,0.774,7.5,L_3S-35ug_mL-mean,L_3S-35ug_mL-mean,l,lambda,35.0,ug/mL,35 ug/mL,water,,True
L_3S-35ug_mL-mean,26,0.654,0.769,9.5,L_3S-35ug_mL-mean,L_3S-35ug_mL-mean,l,lambda,35.0,ug/mL,35 ug/mL,water,,True
L_3S-35ug_mL-mean,27,0.634,0.763,11.5,L_3S-35ug_mL-mean,L_3S-35ug_mL-mean,l,lambda,35.0,ug/mL,35 ug/mL,water,,True
L_3S-35ug_mL-mean,28,0.61,0.755,14.5,L_3S-35ug_mL-mean,L_3S-35ug_mL-mean,l,lambda,35.0,ug/mL,35 ug/mL,water,,True
L_3S-35ug_mL-mean,29,0.585,0.746,18.5,L_3S-35ug_mL-mean,L_3S-35ug_mL-mean,l,lambda,35.0,ug/mL,35 ug/mL,water,,True
L_3S-35ug_mL-mean,30,0.566,0.736,22.5,L_3S-35ug_mL-mean,L_3S-35ug_mL-mean,l,lambda,35.0,ug/mL,35 ug/mL,water,,True
L_3S-35ug_mL-mean,31,0.544,0.725,28.5,L_3S-35ug_mL-mean,L_3S-35ug_mL-mean,l,lambda,35.0,ug/mL,35 ug/mL,water,,True
L_3S-35ug_mL-mean,32,0.522,0.709,36.5,L_3S-35ug_mL-mean,L_3S-35ug_mL-mean,l,lambda,35.0,ug/mL,35 ug/mL,water,,True
L_3S-35ug_mL-mean,33,0.506,0.696,44.5,L_3S-35ug_mL-mean,L_3S-35ug_mL-mean,l,lambda,35.0,ug/mL,35 ug/mL,water,,True
L_3S-35ug_mL-mean,34,0.486,0.679,56.5,L_3S-35ug_mL-mean,L_3S-35ug_mL-mean,l,lambda,35.0,ug/mL,35 ug/mL,water,,True
L_3S-35ug_mL-mean,35,0.462,0.658,68.5,L_3S-35ug_mL-mean,L_3S-35ug_mL-mean,l,lambda,35.0,ug/mL,35 ug/mL,water,,True
L_3S-35ug_mL-mean,36,0.441,0.639,84.5,L_3S-35ug_mL-mean,L_3S-35ug_mL-mean,l,lambda,35.0,ug/mL,35 ug/mL,water,,True
L_3S-35ug_mL-mean,37,0.411,0.614,109.0,L_3S-35ug_mL-mean,L_3S-35ug_mL-mean,l,lambda,35.0,ug/mL,35 ug/mL,water,,True
L_3S-35ug_mL-mean,38,0.374,0.585,141.0,L_3S-35ug_mL-mean,L_3S-35ug_mL-mean,l,lambda,35.0,ug/mL,35 ug/mL,water,,True
L_3S-35ug_mL-mean,39,0.34,0.56,173.0,L_3S-35ug_mL-mean,L_3S-35ug_mL-mean,l,lambda,35.0,ug/mL,35 ug/mL,water,,True
L_3S-35ug_mL-mean,40,0.295,0.528,221.0,L_3S-35ug_mL-mean,L_3S-35ug_mL-mean,l,lambda,35.0,ug/mL,35 ug/mL,water,,True
i_2S-1mg_mL 1,1,0.98,0.272,0.575,i_2S-1mg_mL 1,i_2S-1mg_mL,i,iota,1.0,mg/mL,1 mg/mL,water,1.0,False
i_2S-1mg_mL 1,2,0.979,0.225,0.543,i_2S-1mg_mL 1,i_2S-1mg_mL,i,iota,1.0,mg/mL,1 mg/mL,water,1.0,False
i_2S-1mg_mL 1,3,0.978,0.17,0.51,i_2S-1mg_mL 1,i_2S-1mg_mL,i,iota,1.0,mg/mL,1 mg/mL,water,1.0,False
i_2S-1mg_mL 1,4,0.977,0.117,0.477,i_2S-1mg_mL 1,i_2S-1mg_mL,i,iota,1.0,mg/mL,1 mg/mL,water,1.0,False
i_2S-1mg_mL 1,5,0.975,0.08,0.458,i_2S-1mg_mL 1,i_2S-1mg_mL,i,iota,1.0,mg/mL,1 mg/mL,water,1.0,False
i_2S-1mg_mL 1,6,0.974,0.0454,0.445,i_2S-1mg_mL 1,i_2S-1mg_mL,i,iota,1.0,mg/mL,1 mg/mL,water,1.0,False
i_2S-1mg_mL 1,7,0.971,0.0214,0.432,i_2S-1mg_mL 1,i_2S-1mg_mL,i,iota,1.0,mg/mL,1 mg/mL,water,1.0,False
i_2S-1mg_mL 1,8,0.969,0.0101,0.415,i_2S-1mg_mL 1,i_2S-1mg_mL,i,iota,1.0,mg/mL,1 mg/mL,water,1.0,False
i_2S-1mg_mL 1,9,0.967,0.00325,0.408,i_2S-1mg_mL 1,i_2S-1mg_mL,i,iota,1.0,mg/mL,1 mg/mL,water,1.0,False
i_2S-1mg_mL 1,10,0.964,0.98,0.404,i_2S-1mg_mL 1,i_2S-1mg_mL,i,iota,1.0,mg/mL,1 mg/mL,water,1.0,False
i_2S-1mg_mL 1,11,0.961,0.979,0.388,i_2S-1mg_mL 1,i_2S-1mg_mL,i,iota,1.0,mg/mL,1 mg/mL,water,1.0,False
i_2S-1mg_mL 1,12,0.958,0.978,0.383,i_2S-1mg_mL 1,i_2S-1mg_mL,i,iota,1.0,mg/mL,1 mg/mL,water,1.0,False
i_2S-1mg_mL 1,13,0.953,0.977,0.358,i_2S-1mg_mL 1,i_2S-1mg_mL,i,iota,1.0,mg/mL,1 mg/mL,water,1.0,False
i_2S-1mg_mL 1,14,0.948,0.975,0.347,i_2S-1mg_mL 1,i_2S-1mg_mL,i,iota,1.0,mg/mL,1 mg/mL,water,1.0,False
i_2S-1mg_mL 1,15,0.943,0.974,0.323,i_2S-1mg_mL 1,i_2S-1mg_mL,i,iota,1.0,mg/mL,1 mg/mL,water,1.0,False
i_2S-1mg_mL 1,16,0.936,0.971,0.27,i_2S-1mg_mL 1,i_2S-1mg_mL,i,iota,1.0,mg/mL,1 mg/mL,water,1.0,False
i_2S-1mg_mL 1,17,0.93,0.969,0.22,i_2S-1mg_mL 1,i_2S-1mg_mL,i,iota,1.0,mg/mL,1 mg/mL,water,1.0,False
i_2S-1mg_mL 1,18,0.922,0.967,0.15,i_2S-1mg_mL 1,i_2S-1mg_mL,i,iota,1.0,mg/mL,1 mg/mL,water,1.0,False
i_2S-1mg_mL 1,19,0.911,0.965,1.5,i_2S-1mg_mL 1,i_2S-1mg_mL,i,iota,1.0,mg/mL,1 mg/mL,water,1.0,False
i_2S-1mg_mL 1,20,0.899,0.961,2.0,i_2S-1mg_mL 1,i_2S-1mg_mL,i,iota,1.0,mg/mL,1 mg/mL,water,1.0,False
i_2S-1mg_mL 1,21,0.887,0.958,2.5,i_2S-1mg_mL 1,i_2S-1mg_mL,i,iota,1.0,mg/mL,1 mg/mL,water,1.0,False
i_2S-1mg_mL 1,22,0.871,0.953,3.5,i_2S-1mg_mL 1,i_2S-1mg_mL,i,iota,1.0,mg/mL,1 mg/mL,water,1.0,False
i_2S-1mg_mL 1,23,0.852,0.948,4.5,i_2S-1mg_mL 1,i_2S-1mg_mL,i,iota,1.0,mg/mL,1 mg/mL,water,1.0,False
i_2S-1mg_mL 1,24,0.833,0.943,5.5,i_2S-1mg_mL 1,i_2S-1mg_mL,i,iota,1.0,mg/mL,1 mg/mL,water,1.0,False
i_2S-1mg_mL 1,25,0.808,0.936,7.5,i_2S-1mg_mL 1,i_2S-1mg_mL,i,iota,1.0,mg/mL,1 mg/mL,water,1.0,False
i_2S-1mg_mL 1,26,0.779,0.93,9.5,i_2S-1mg_mL 1,i_2S-1mg_mL,i,iota,1.0,mg/mL,1 mg/mL,water,1.0,False
i_2S-1mg_mL 1,27,0.753,0.922,11.5,i_2S-1mg_mL 1,i_2S-1mg_mL,i,iota,1.0,mg/mL,1 mg/mL,water,1.0,False
i_2S-1mg_mL 1,28,0.72,0.911,14.5,i_2S-1mg_mL 1,i_2S-1mg_mL,i,iota,1.0,mg/mL,1 mg/mL,water,1.0,False
i_2S-1mg_mL 1,29,0.684,0.898,18.5,i_2S-1mg_mL 1,i_2S-1mg_mL,i,iota,1.0,mg/mL,1 mg/mL,water,1.0,False
i_2S-1mg_mL 1,30,0.656,0.886,22.5,i_2S-1mg_mL 1,i_2S-1mg_mL,i,iota,1.0,mg/mL,1 mg/mL,water,1.0,False
i_2S-1mg_mL 1,31,0.624,0.87,28.5,i_2S-1mg_mL 1,i_2S-1mg_mL,i,iota,1.0,mg/mL,1 mg/mL,water,1.0,False
i_2S-1mg_mL 1,32,0.593,0.851,36.5,i_2S-1mg_mL 1,i_2S-1mg_mL,i,iota,1.0,mg/mL,1 mg/mL,water,1.0,False
i_2S-1mg_mL 1,33,0.57,0.833,44.5,i_2S-1mg_mL 1,i_2S-1mg_mL,i,iota,1.0,mg/mL,1 mg/mL,water,1.0,False
i_2S-1mg_mL 1,34,0.544,0.809,56.5,i_2S-1mg_mL 1,i_2S-1mg_mL,i,iota,1.0,mg/mL,1 mg/mL,water,1.0,False
i_2S-1mg_mL 1,35,0.516,0.781,68.5,i_2S-1mg_mL 1,i_2S-1mg_mL,i,iota,1.0,mg/mL,1 mg/mL,water,1.0,False
i_2S-1mg_mL 1,36,0.491,0.757,84.5,i_2S-1mg_mL 1,i_2S-1mg_mL,i,iota,1.0,mg/mL,1 mg/mL,water,1.0,False
i_2S-1mg_mL 1,37,0.457,0.724,109.0,i_2S-1mg_mL 1,i_2S-1mg_mL,i,iota,1.0,mg/mL,1 mg/mL,water,1.0,False
i_2S-1mg_mL 1,38,0.416,0.687,141.0,i_2S-1mg_mL 1,i_2S-1mg_mL,i,iota,1.0,mg/mL,1 mg/mL,water,1.0,False
i_2S-1mg_mL 1,39,0.378,0.655,173.0,i_2S-1mg_mL 1,i_2S-1mg_mL,i,iota,1.0,mg/mL,1 mg/mL,water,1.0,False
i_2S-1mg_mL 1,40,0.329,0.616,221.0,i_2S-1mg_mL 1,i_2S-1mg_mL,i,iota,1.0,mg/mL,1 mg/mL,water,1.0,False
i_2S-1mg_mL 2,1,0.921,0.175,0.433,i_2S-1mg_mL 2,i_2S-1mg_mL,i,iota,1.0,mg/mL,1 mg/mL,water,2.0,False
i_2S-1mg_mL 2,2,0.92,0.145,0.391,i_2S-1mg_mL 2,i_2S-1mg_mL,i,iota,1.0,mg/mL,1 mg/mL,water,2.0,False
i_2S-1mg_mL 2,3,0.919,0.109,0.349,i_2S-1mg_mL 2,i_2S-1mg_mL,i,iota,1.0,mg/mL,1 mg/mL,water,2.0,False
i_2S-1mg_mL 2,4,0.918,0.0743,0.314,i_2S-1mg_mL 2,i_2S-1mg_mL,i,iota,1.0,mg/mL,1 mg/mL,water,2.0,False
i_2S-1mg_mL 2,5,0.916,0.0508,0.292,i_2S-1mg_mL 2,i_2S-1mg_mL,i,iota,1.0,mg/mL,1 mg/mL,water,2.0,False
i_2S-1mg_mL 2,6,0.914,0.0287,0.282,i_2S-1mg_mL 2,i_2S-1mg_mL,i,iota,1.0,mg/mL,1 mg/mL,water,2.0,False
i_2S-1mg_mL 2,7,0.911,0.0134,0.276,i_2S-1mg_mL 2,i_2S-1mg_mL,i,iota,1.0,mg/mL,1 mg/mL,water,2.0,False
i_2S-1mg_mL 2,8,0.909,0.00627,0.279,i_2S-1mg_mL 2,i_2S-1mg_mL,i,iota,1.0,mg/mL,1 mg/mL,water,2.0,False
i_2S-1mg_mL 2,9,0.906,0.00201,0.271,i_2S-1mg_mL 2,i_2S-1mg_mL,i,iota,1.0,mg/mL,1 mg/mL,water,2.0,False
i_2S-1mg_mL 2,10,0.903,0.921,0.265,i_2S-1mg_mL 2,i_2S-1mg_mL,i,iota,1.0,mg/mL,1 mg/mL,water,2.0,False
i_2S-1mg_mL 2,11,0.899,0.921,0.251,i_2S-1mg_mL 2,i_2S-1mg_mL,i,iota,1.0,mg/mL,1 mg/mL,water,2.0,False
i_2S-1mg_mL 2,12,0.895,0.919,0.256,i_2S-1mg_mL 2,i_2S-1mg_mL,i,iota,1.0,mg/mL,1 mg/mL,water,2.0,False
i_2S-1mg_mL 2,13,0.89,0.917,0.235,i_2S-1mg_mL 2,i_2S-1mg_mL,i,iota,1.0,mg/mL,1 mg/mL,water,2.0,False
i_2S-1mg_mL 2,14,0.884,0.916,0.238,i_2S-1mg_mL 2,i_2S-1mg_mL,i,iota,1.0,mg/mL,1 mg/mL,water,2.0,False
i_2S-1mg_mL 2,15,0.879,0.915,0.205,i_2S-1mg_mL 2,i_2S-1mg_mL,i,iota,1.0,mg/mL,1 mg/mL,water,2.0,False
i_2S-1mg_mL 2,16,0.871,0.912,0.189,i_2S-1mg_mL 2,i_2S-1mg_mL,i,iota,1.0,mg/mL,1 mg/mL,water,2.0,False
i_2S-1mg_mL 2,17,0.863,0.908,0.155,i_2S-1mg_mL 2,i_2S-1mg_mL,i,iota,1.0,mg/mL,1 mg/mL,water,2.0,False
i_2S-1mg_mL 2,18,0.854,0.906,0.101,i_2S-1mg_mL 2,i_2S-1mg_mL,i,iota,1.0,mg/mL,1 mg/mL,water,2.0,False
i_2S-1mg_mL 2,19,0.841,0.903,1.5,i_2S-1mg_mL 2,i_2S-1mg_mL,i,iota,1.0,mg/mL,1 mg/mL,water,2.0,False
i_2S-1mg_mL 2,20,0.826,0.899,2.0,i_2S-1mg_mL 2,i_2S-1mg_mL,i,iota,1.0,mg/mL,1 mg/mL,water,2.0,False
i_2S-1mg_mL 2,21,0.812,0.895,2.5,i_2S-1mg_mL 2,i_2S-1mg_mL,i,iota,1.0,mg/mL,1 mg/mL,water,2.0,False
i_2S-1mg_mL 2,22,0.794,0.891,3.5,i_2S-1mg_mL 2,i_2S-1mg_mL,i,iota,1.0,mg/mL,1 mg/mL,water,2.0,False
i_2S-1mg_mL 2,23,0.771,0.884,4.5,i_2S-1mg_mL 2,i_2S-1mg_mL,i,iota,1.0,mg/mL,1 mg/mL,water,2.0,False
i_2S-1mg_mL 2,24,0.751,0.878,5.5,i_2S-1mg_mL 2,i_2S-1mg_mL,i,iota,1.0,mg/mL,1 mg/mL,water,2.0,False
i_2S-1mg_mL 2,25,0.723,0.871,7.5,i_2S-1mg_mL 2,i_2S-1mg_mL,i,iota,1.0,mg/mL,1 mg/mL,water,2.0,False
i_2S-1mg_mL 2,26,0.689,0.863,9.5,i_2S-1mg_mL 2,i_2S-1mg_mL,i,iota,1.0,mg/mL,1 mg/mL,water,2.0,False
i_2S-1mg_mL 2,27,0.658,0.854,11.5,i_2S-1mg_mL 2,i_2S-1mg_mL,i,iota,1.0,mg/mL,1 mg/mL,water,2.0,False
i_2S-1mg_mL 2,28,0.617,0.842,14.5,i_2S-1mg_mL 2,i_2S-1mg_mL,i,iota,1.0,mg/mL,1 mg/mL,water,2.0,False
i_2S-1mg_mL 2,29,0.571,0.827,18.5,i_2S-1mg_mL 2,i_2S-1mg_mL,i,iota,1.0,mg/mL,1 mg/mL,water,2.0,False
i_2S-1mg_mL 2,30,0.533,0.812,22.5,i_2S-1mg_mL 2,i_2S-1mg_mL,i,iota,1.0,mg/mL,1 mg/mL,water,2.0,False
i_2S-1mg_mL 2,31,0.488,0.793,28.5,i_2S-1mg_mL 2,i_2S-1mg_mL,i,iota,1.0,mg/mL,1 mg/mL,water,2.0,False
i_2S-1mg_mL 2,32,0.443,0.77,36.5,i_2S-1mg_mL 2,i_2S-1mg_mL,i,iota,1.0,mg/mL,1 mg/mL,water,2.0,False
i_2S-1mg_mL 2,33,0.41,0.75,44.5,i_2S-1mg_mL 2,i_2S-1mg_mL,i,iota,1.0,mg/mL,1 mg/mL,water,2.0,False
i_2S-1mg_mL 2,34,0.376,0.722,56.5,i_2S-1mg_mL 2,i_2S-1mg_mL,i,iota,1.0,mg/mL,1 mg/mL,water,2.0,False
i_2S-1mg_mL 2,35,0.346,0.689,68.5,i_2S-1mg_mL 2,i_2S-1mg_mL,i,iota,1.0,mg/mL,1 mg/mL,water,2.0,False
i_2S-1mg_mL 2,36,0.324,0.66,84.5,i_2S-1mg_mL 2,i_2S-1mg_mL,i,iota,1.0,mg/mL,1 mg/mL,water,2.0,False
i_2S-1mg_mL 2,37,0.298,0.621,109.0,i_2S-1mg_mL 2,i_2S-1mg_mL,i,iota,1.0,mg/mL,1 mg/mL,water,2.0,False
i_2S-1mg_mL 2,38,0.27,0.574,141.0,i_2S-1mg_mL 2,i_2S-1mg_mL,i,iota,1.0,mg/mL,1 mg/mL,water,2.0,False
i_2S-1mg_mL 2,39,0.245,0.535,173.0,i_2S-1mg_mL 2,i_2S-1mg_mL,i,iota,1.0,mg/mL,1 mg/mL,water,2.0,False
i_2S-1mg_mL 2,40,0.212,0.485,221.0,i_2S-1mg_mL 2,i_2S-1mg_mL,i,iota,1.0,mg/mL,1 mg/mL,water,2.0,False
i_2S-1mg_mL 3,1,0.913,0.141,0.454,i_2S-1mg_mL 3,i_2S-1mg_mL,i,iota,1.0,mg/mL,1 mg/mL,water,3.0,False
i_2S-1mg_mL 3,2,0.912,0.116,0.396,i_2S-1mg_mL 3,i_2S-1mg_mL,i,iota,1.0,mg/mL,1 mg/mL,water,3.0,False
i_2S-1mg_mL 3,3,0.911,0.0865,0.348,i_2S-1mg_mL 3,i_2S-1mg_mL,i,iota,1.0,mg/mL,1 mg/mL,water,3.0,False
i_2S-1mg_mL 3,4,0.909,0.0587,0.295,i_2S-1mg_mL 3,i_2S-1mg_mL,i,iota,1.0,mg/mL,1 mg/mL,water,3.0,False
i_2S-1mg_mL 3,5,0.908,0.0398,0.256,i_2S-1mg_mL 3,i_2S-1mg_mL,i,iota,1.0,mg/mL,1 mg/mL,water,3.0,False
i_2S-1mg_mL 3,6,0.906,0.0223,0.235,i_2S-1mg_mL 3,i_2S-1mg_mL,i,iota,1.0,mg/mL,1 mg/mL,water,3.0,False
i_2S-1mg_mL 3,7,0.903,0.0103,0.222,i_2S-1mg_mL 3,i_2S-1mg_mL,i,iota,1.0,mg/mL,1 mg/mL,water,3.0,False
i_2S-1mg_mL 3,8,0.9,0.00476,0.22,i_2S-1mg_mL 3,i_2S-1mg_mL,i,iota,1.0,mg/mL,1 mg/mL,water,3.0,False
i_2S-1mg_mL 3,9,0.898,0.0015,0.233,i_2S-1mg_mL 3,i_2S-1mg_mL,i,iota,1.0,mg/mL,1 mg/mL,water,3.0,False
i_2S-1mg_mL 3,10,0.894,0.000324,0.239,i_2S-1mg_mL 3,i_2S-1mg_mL,i,iota,1.0,mg/mL,1 mg/mL,water,3.0,False
i_2S-1mg_mL 3,11,0.89,0.913,0.222,i_2S-1mg_mL 3,i_2S-1mg_mL,i,iota,1.0,mg/mL,1 mg/mL,water,3.0,False
i_2S-1mg_mL 3,12,0.886,0.912,0.21,i_2S-1mg_mL 3,i_2S-1mg_mL,i,iota,1.0,mg/mL,1 mg/mL,water,3.0,False
i_2S-1mg_mL 3,13,0.881,0.911,0.202,i_2S-1mg_mL 3,i_2S-1mg_mL,i,iota,1.0,mg/mL,1 mg/mL,water,3.0,False
i_2S-1mg_mL 3,14,0.874,0.909,0.192,i_2S-1mg_mL 3,i_2S-1mg_mL,i,iota,1.0,mg/mL,1 mg/mL,water,3.0,False
i_2S-1mg_mL 3,15,0.868,0.908,0.182,i_2S-1mg_mL 3,i_2S-1mg_mL,i,iota,1.0,mg/mL,1 mg/mL,water,3.0,False
i_2S-1mg_mL 3,16,0.86,0.906,0.176,i_2S-1mg_mL 3,i_2S-1mg_mL,i,iota,1.0,mg/mL,1 mg/mL,water,3.0,False
i_2S-1mg_mL 3,17,0.852,0.903,0.128,i_2S-1mg_mL 3,i_2S-1mg_mL,i,iota,1.0,mg/mL,1 mg/mL,water,3.0,False
i_2S-1mg_mL 3,18,0.842,0.901,0.124,i_2S-1mg_mL 3,i_2S-1mg_mL,i,iota,1.0,mg/mL,1 mg/mL,water,3.0,False
i_2S-1mg_mL 3,19,0.829,0.897,0.0958,i_2S-1mg_mL 3,i_2S-1mg_mL,i,iota,1.0,mg/mL,1 mg/mL,water,3.0,False
i_2S-1mg_mL 3,20,0.812,0.894,0.0359,i_2S-1mg_mL 3,i_2S-1mg_mL,i,iota,1.0,mg/mL,1 mg/mL,water,3.0,False
i_2S-1mg_mL 3,21,0.797,0.89,1.5,i_2S-1mg_mL 3,i_2S-1mg_mL,i,iota,1.0,mg/mL,1 mg/mL,water,3.0,False
i_2S-1mg_mL 3,22,0.777,0.886,2.0,i_2S-1mg_mL 3,i_2S-1mg_mL,i,iota,1.0,mg/mL,1 mg/mL,water,3.0,False
i_2S-1mg_mL 3,23,0.753,0.881,2.5,i_2S-1mg_mL 3,i_2S-1mg_mL,i,iota,1.0,mg/mL,1 mg/mL,water,3.0,False
i_2S-1mg_mL 3,24,0.731,0.874,3.5,i_2S-1mg_mL 3,i_2S-1mg_mL,i,iota,1.0,mg/mL,1 mg/mL,water,3.0,False
i_2S-1mg_mL 3,25,0.702,0.868,4.5,i_2S-1mg_mL 3,i_2S-1mg_mL,i,iota,1.0,mg/mL,1 mg/mL,water,3.0,False
i_2S-1mg_mL 3,26,0.666,0.86,5.5,i_2S-1mg_mL 3,i_2S-1mg_mL,i,iota,1.0,mg/mL,1 mg/mL,water,3.0,False
i_2S-1mg_mL 3,27,0.634,0.852,7.5,i_2S-1mg_mL 3,i_2S-1mg_mL,i,iota,1.0,mg/mL,1 mg/mL,water,3.0,False
i_2S-1mg_mL 3,28,0.592,0.842,9.5,i_2S-1mg_mL 3,i_2S-1mg_mL,i,iota,1.0,mg/mL,1 mg/mL,water,3.0,False
i_2S-1mg_mL 3,29,0.544,0.829,11.5,i_2S-1mg_mL 3,i_2S-1mg_mL,i,iota,1.0,mg/mL,1 mg/mL,water,3.0,False
i_2S-1mg_mL 3,30,0.503,0.813,14.5,i_2S-1mg_mL 3,i_2S-1mg_mL,i,iota,1.0,mg/mL,1 mg/mL,water,3.0,False
i_2S-1mg_mL 3,31,0.453,0.798,18.5,i_2S-1mg_mL 3,i_2S-1mg_mL,i,iota,1.0,mg/mL,1 mg/mL,water,3.0,False
i_2S-1mg_mL 3,32,0.403,0.777,22.5,i_2S-1mg_mL 3,i_2S-1mg_mL,i,iota,1.0,mg/mL,1 mg/mL,water,3.0,False
i_2S-1mg_mL 3,33,0.366,0.753,28.5,i_2S-1mg_mL 3,i_2S-1mg_mL,i,iota,1.0,mg/mL,1 mg/mL,water,3.0,False
i_2S-1mg_mL 3,34,0.327,0.73,36.5,i_2S-1mg_mL 3,i_2S-1mg_mL,i,iota,1.0,mg/mL,1 mg/mL,water,3.0,False
i_2S-1mg_mL 3,35,0.293,0.701,44.5,i_2S-1mg_mL 3,i_2S-1mg_mL,i,iota,1.0,mg/mL,1 mg/mL,water,3.0,False
i_2S-1mg_mL 3,36,0.27,0.666,56.5,i_2S-1mg_mL 3,i_2S-1mg_mL,i,iota,1.0,mg/mL,1 mg/mL,water,3.0,False
i_2S-1mg_mL 3,37,0.245,0.635,68.5,i_2S-1mg_mL 3,i_2S-1mg_mL,i,iota,1.0,mg/mL,1 mg/mL,water,3.0,False
i_2S-1mg_mL 3,38,0.219,0.594,84.5,i_2S-1mg_mL 3,i_2S-1mg_mL,i,iota,1.0,mg/mL,1 mg/mL,water,3.0,False
i_2S-1mg_mL 3,39,0.198,0.547,109.0,i_2S-1mg_mL 3,i_2S-1mg_mL,i,iota,1.0,mg/mL,1 mg/mL,water,3.0,False
i_2S-1mg_mL 3,40,0.171,0.507,141.0,i_2S-1mg_mL 3,i_2S-1mg_mL,i,iota,1.0,mg/mL,1 mg/mL,water,3.0,False
i_2S-1mg_mL-mean,1,0.98,0.272,0.575,i_2S-1mg_mL-mean,i_2S-1mg_mL-mean,i,iota,1.0,mg/mL,1 mg/mL,water,,True
i_2S-1mg_mL-mean,2,0.979,0.225,0.543,i_2S-1mg_mL-mean,i_2S-1mg_mL-mean,i,iota,1.0,mg/mL,1 mg/mL,water,,True
i_2S-1mg_mL-mean,3,0.978,0.17,0.51,i_2S-1mg_mL-mean,i_2S-1mg_mL-mean,i,iota,1.0,mg/mL,1 mg/mL,water,,True
i_2S-1mg_mL-mean,4,0.977,0.117,0.477,i_2S-1mg_mL-mean,i_2S-1mg_mL-mean,i,iota,1.0,mg/mL,1 mg/mL,water,,True
i_2S-1mg_mL-mean,5,0.975,0.08,0.458,i_2S-1mg_mL-mean,i_2S-1mg_mL-mean,i,iota,1.0,mg/mL,1 mg/mL,water,,True
i_2S-1mg_mL-mean,6,0.974,0.0454,0.445,i_2S-1mg_mL-mean,i_2S-1mg_mL-mean,i,iota,1.0,mg/mL,1 mg/mL,water,,True
i_2S-1mg_mL-mean,7,0.971,0.0214,0.432,i_2S-1mg_mL-mean,i_2S-1mg_mL-mean,i,iota,1.0,mg/mL,1 mg/mL,water,,True
i_2S-1mg_mL-mean,8,0.969,0.0101,0.415,i_2S-1mg_mL-mean,i_2S-1mg_mL-mean,i,iota,1.0,mg/mL,1 mg/mL,water,,True
i_2S-1mg_mL-mean,9,0.967,0.00325,0.408,i_2S-1mg_mL-mean,i_2S-1mg_mL-mean,i,iota,1.0,mg/mL,1 mg/mL,water,,True
i_2S-1mg_mL-mean,10,0.964,0.98,0.404,i_2S-1mg_mL-mean,i_2S-1mg_mL-mean,i,iota,1.0,mg/mL,1 mg/mL,water,,True
i_2S-1mg_mL-mean,11,0.961,0.979,0.388,i_2S-1mg_mL-mean,i_2S-1mg_mL-mean,i,iota,1.0,mg/mL,1 mg/mL,water,,True
i_2S-1mg_mL-mean,12,0.958,0.978,0.383,i_2S-1mg_mL-mean,i_2S-1mg_mL-mean,i,iota,1.0,mg/mL,1 mg/mL,water,,True
i_2S-1mg_mL-mean,13,0.953,0.977,0.358,i_2S-1mg_mL-mean,i_2S-1mg_mL-mean,i,iota,1.0,mg/mL,1 mg/mL,water,,True
i_2S-1mg_mL-mean,14,0.948,0.975,0.347,i_2S-1mg_mL-mean,i_2S-1mg_mL-mean,i,iota,1.0,mg/mL,1 mg/mL,water,,True
i_2S-1mg_mL-mean,15,0.943,0.974,0.323,i_2S-1mg_mL-mean,i_2S-1mg_mL-mean,i,iota,1.0,mg/mL,1 mg/mL,water,,True
i_2S-1mg_mL-mean,16,0.936,0.971,0.27,i_2S-1mg_mL-mean,i_2S-1mg_mL-mean,i,iota,1.0,mg/mL,1 mg/mL,water,,True
i_2S-1mg_mL-mean,17,0.93,0.969,0.22,i_2S-1mg_mL-mean,i_2S-1mg_mL-mean,i,iota,1.0,mg/mL,1 mg/mL,water,,True
i_2S-1mg_mL-mean,18,0.922,0.967,0.15,i_2S-1mg_mL-mean,i_2S-1mg_mL-mean,i,iota,1.0,mg/mL,1 mg/mL,water,,True
i_2S-1mg_mL-mean,19,0.911,0.965,1.5,i_2S-1mg_mL-mean,i_2S-1mg_mL-mean,i,iota,1.0,mg/mL,1 mg/mL,water,,True
i_2S-1mg_mL-mean,20,0.899,0.961,2.0,i_2S-1mg_mL-mean,i_2S-1mg_mL-mean,i,iota,1.0,mg/mL,1 mg/mL,water,,True
i_2S-1mg_mL-mean,21,0.887,0.958,2.5,i_2S-1mg_mL-mean,i_2S-1mg_mL-mean,i,iota,1.0,mg/mL,1 mg/mL,water,,True
i_2S-1mg_mL-mean,22,0.871,0.953,3.5,i_2S-1mg_mL-mean,i_2S-1mg_mL-mean,i,iota,1.0,mg/mL,1 mg/mL,water,,True
i_2S-1mg_mL-mean,23,0.852,0.948,4.5,i_2S-1mg_mL-mean,i_2S-1mg_mL-mean,i,iota,1.0,mg/mL,1 mg/mL,water,,True
i_2S-1mg_mL-mean,24,0.833,0.943,5.5,i_2S-1mg_mL-mean,i_2S-1mg_mL-mean,i,iota,1.0,mg/mL,1 mg/mL,water,,True
i_2S-1mg_mL-mean,25,0.808,0.936,7.5,i_2S-1mg_mL-mean,i_2S-1mg_mL-mean,i,iota,1.0,mg/mL,1 mg/mL,water,,True
i_2S-1mg_mL-mean,26,0.779,0.93,9.5,i_2S-1mg_mL-mean,i_2S-1mg_mL-mean,i,iota,1.0,mg/mL,1 mg/mL,water,,True
i_2S-1mg_mL-mean,27,0.753,0.922,11.5,i_2S-1mg_mL-mean,i_2S-1mg_mL-mean,i,iota,1.0,mg/mL,1 mg/mL,water,,True
i_2S-1mg_mL-mean,28,0.72,0.911,14.5,i_2S-1mg_mL-mean,i_2S-1mg_mL-mean,i,iota,1.0,mg/mL,1 mg/mL,water,,True
i_2S-1mg_mL-mean,29,0.684,0.898,18.5,i_2S-1mg_mL-mean,i_2S-1mg_mL-mean,i,iota,1.0,mg/mL,1 mg/mL,water,,True
i_2S-1mg_mL-mean,30,0.656,0.886,22.5,i_2S-1mg_mL-mean,i_2S-1mg_mL-mean,i,iota,1.0,mg/mL,1 mg/mL,water,,True
i_2S-1mg_mL-mean,31,0.624,0.87,28.5,i_2S-1mg_mL-mean,i_2S-1mg_mL-mean,i,iota,1.0,mg/mL,1 mg/mL,water,,True
i_2S-1mg_mL-mean,32,0.593,0.851,36.5,i_2S-1mg_mL-mean,i_2S-1mg_mL-mean,i,iota,1.0,mg/mL,1 mg/mL,water,,True
i_2S-1mg_mL-mean,33,0.57,0.833,44.5,i_2S-1mg_mL-mean,i_2S-1mg_mL-mean,i,iota,1.0,mg/mL,1 mg/mL,water,,True
i_2S-1mg_mL-mean,34,0.544,0.809,56.5,i_2S-1mg_mL-mean,i_2S-1mg_mL-mean,i,iota,1.0,mg/mL,1 mg/mL,water,,True
i_2S-1mg_mL-mean,35,0.516,0.781,68.5,i_2S-1mg_mL-mean,i_2S-1mg_mL-mean,i,iota,1.0,mg/mL,1 mg/mL,water,,True
i_2S-1mg_mL-mean,36,0.491,0.757,84.5,i_2S-1mg_mL-mean,i_2S-1mg_mL-mean,i,iota,1.0,mg/mL,1 mg/mL,water,,True
i_2S-1mg_mL-mean,37,0.457,0.724,109.0,i_2S-1mg_mL-mean,i_2S-1mg_mL-mean,i,iota,1.0,mg/mL,1 mg/mL,water,,True
i_2S-1mg_mL-mean,38,0.416,0.687,141.0,i_2S-1mg_mL-mean,i_2S-1mg_mL-mean,i,iota,1.0,mg/mL,1 mg/mL,water,,True
i_2S-1mg_mL-mean,39,0.378,0.655,173.0,i_2S-1mg_mL-mean,i_2S-1mg_mL-mean,i,iota,1.0,mg/mL,1 mg/mL,water,,True
i_2S-1mg_mL-mean,40,0.329,0.616,221.0,i_2S-1mg_mL-mean,i_2S-1mg_mL-mean,i,iota,1.0,mg/mL,1 mg/mL,water,,True
L_3S-1mg_mL 1,1,0.94,0.191,0.637,L_3S-1mg_mL 1,L_3S-1mg_mL,l,lambda,1.0,mg/mL,1 mg/mL,water,1.0,False
L_3S-1mg_mL 1,2,0.94,0.155,0.594,L_3S-1mg_mL 1,L_3S-1mg_mL,l,lambda,1.0,mg/mL,1 mg/mL,water,1.0,False
L_3S-1mg_mL 1,3,0.939,0.115,0.535,L_3S-1mg_mL 1,L_3S-1mg_mL,l,lambda,1.0,mg/mL,1 mg/mL,water,1.0,False
L_3S-1mg_mL 1,4,0.938,0.078,0.472,L_3S-1mg_mL 1,L_3S-1mg_mL,l,lambda,1.0,mg/mL,1 mg/mL,water,1.0,False
L_3S-1mg_mL 1,5,0.937,0.0528,0.42,L_3S-1mg_mL 1,L_3S-1mg_mL,l,lambda,1.0,mg/mL,1 mg/mL,water,1.0,False
L_3S-1mg_mL 1,6,0.936,0.0294,0.365,L_3S-1mg_mL 1,L_3S-1mg_mL,l,lambda,1.0,mg/mL,1 mg/mL,water,1.0,False
L_3S-1mg_mL 1,7,0.934,0.0135,0.315,L_3S-1mg_mL 1,L_3S-1mg_mL,l,lambda,1.0,mg/mL,1 mg/mL,water,1.0,False
L_3S-1mg_mL 1,8,0.933,0.00624,0.285,L_3S-1mg_mL 1,L_3S-1mg_mL,l,lambda,1.0,mg/mL,1 mg/mL,water,1.0,False
L_3S-1mg_mL 1,9,0.931,0.00196,0.262,L_3S-1mg_mL 1,L_3S-1mg_mL,l,lambda,1.0,mg/mL,1 mg/mL,water,1.0,False
L_3S-1mg_mL 1,10,0.93,0.94,0.249,L_3S-1mg_mL 1,L_3S-1mg_mL,l,lambda,1.0,mg/mL,1 mg/mL,water,1.0,False
L_3S-1mg_mL 1,11,0.928,0.94,0.229,L_3S-1mg_mL 1,L_3S-1mg_mL,l,lambda,1.0,mg/mL,1 mg/mL,water,1.0,False
L_3S-1mg_mL 1,12,0.926,0.938,0.193,L_3S-1mg_mL 1,L_3S-1mg_mL,l,lambda,1.0,mg/mL,1 mg/mL,water,1.0,False
L_3S-1mg_mL 1,13,0.923,0.938,0.2,L_3S-1mg_mL 1,L_3S-1mg_mL,l,lambda,1.0,mg/mL,1 mg/mL,water,1.0,False
L_3S-1mg_mL 1,14,0.92,0.937,0.227,L_3S-1mg_mL 1,L_3S-1mg_mL,l,lambda,1.0,mg/mL,1 mg/mL,water,1.0,False
L_3S-1mg_mL 1,15,0.917,0.936,0.209,L_3S-1mg_mL 1,L_3S-1mg_mL,l,lambda,1.0,mg/mL,1 mg/mL,water,1.0,False
L_3S-1mg_mL 1,16,0.913,0.934,0.179,L_3S-1mg_mL 1,L_3S-1mg_mL,l,lambda,1.0,mg/mL,1 mg/mL,water,1.0,False
L_3S-1mg_mL 1,17,0.909,0.934,0.134,L_3S-1mg_mL 1,L_3S-1mg_mL,l,lambda,1.0,mg/mL,1 mg/mL,water,1.0,False
L_3S-1mg_mL 1,18,0.904,0.931,0.083,L_3S-1mg_mL 1,L_3S-1mg_mL,l,lambda,1.0,mg/mL,1 mg/mL,water,1.0,False
L_3S-1mg_mL 1,19,0.897,0.93,1.5,L_3S-1mg_mL 1,L_3S-1mg_mL,l,lambda,1.0,mg/mL,1 mg/mL,water,1.0,False
L_3S-1mg_mL 1,20,0.889,0.927,2.0,L_3S-1mg_mL 1,L_3S-1mg_mL,l,lambda,1.0,mg/mL,1 mg/mL,water,1.0,False
L_3S-1mg_mL 1,21,0.882,0.926,2.5,L_3S-1mg_mL 1,L_3S-1mg_mL,l,lambda,1.0,mg/mL,1 mg/mL,water,1.0,False
L_3S-1mg_mL 1,22,0.872,0.924,3.5,L_3S-1mg_mL 1,L_3S-1mg_mL,l,lambda,1.0,mg/mL,1 mg/mL,water,1.0,False
L_3S-1mg_mL 1,23,0.861,0.92,4.5,L_3S-1mg_mL 1,L_3S-1mg_mL,l,lambda,1.0,mg/mL,1 mg/mL,water,1.0,False
L_3S-1mg_mL 1,24,0.85,0.917,5.5,L_3S-1mg_mL 1,L_3S-1mg_mL,l,lambda,1.0,mg/mL,1 mg/mL,water,1.0,False
L_3S-1mg_mL 1,25,0.836,0.913,7.5,L_3S-1mg_mL 1,L_3S-1mg_mL,l,lambda,1.0,mg/mL,1 mg/mL,water,1.0,False
L_3S-1mg_mL 1,26,0.818,0.909,9.5,L_3S-1mg_mL 1,L_3S-1mg_mL,l,lambda,1.0,mg/mL,1 mg/mL,water,1.0,False
L_3S-1mg_mL 1,27,0.801,0.904,11.5,L_3S-1mg_mL 1,L_3S-1mg_mL,l,lambda,1.0,mg/mL,1 mg/mL,water,1.0,False
L_3S-1mg_mL 1,28,0.777,0.897,14.5,L_3S-1mg_mL 1,L_3S-1mg_mL,l,lambda,1.0,mg/mL,1 mg/mL,water,1.0,False
L_3S-1mg_mL 1,29,0.748,0.89,18.5,L_3S-1mg_mL 1,L_3S-1mg_mL,l,lambda,1.0,mg/mL,1 mg/mL,water,1.0,False
L_3S-1mg_mL 1,30,0.72,0.882,22.5,L_3S-1mg_mL 1,L_3S-1mg_mL,l,lambda,1.0,mg/mL,1 mg/mL,water,1.0,False
L_3S-1mg_mL 1,31,0.681,0.872,28.5,L_3S-1mg_mL 1,L_3S-1mg_mL,l,lambda,1.0,mg/mL,1 mg/mL,water,1.0,False
L_3S-1mg_mL 1,32,0.635,0.861,36.5,L_3S-1mg_mL 1,L_3S-1mg_mL,l,lambda,1.0,mg/mL,1 mg/mL,water,1.0,False
L_3S-1mg_mL 1,33,0.593,0.85,44.5,L_3S-1mg_mL 1,L_3S-1mg_mL,l,lambda,1.0,mg/mL,1 mg/mL,water,1.0,False
L_3S-1mg_mL 1,34,0.54,0.835,56.5,L_3S-1mg_mL 1,L_3S-1mg_mL,l,lambda,1.0,mg/mL,1 mg/mL,water,1.0,False
L_3S-1mg_mL 1,35,0.482,0.817,68.5,L_3S-1mg_mL 1,L_3S-1mg_mL,l,lambda,1.0,mg/mL,1 mg/mL,water,1.0,False
L_3S-1mg_mL 1,36,0.435,0.8,84.5,L_3S-1mg_mL 1,L_3S-1mg_mL,l,lambda,1.0,mg/mL,1 mg/mL,water,1.0,False
L_3S-1mg_mL 1,37,0.379,0.777,109.0,L_3S-1mg_mL 1,L_3S-1mg_mL,l,lambda,1.0,mg/mL,1 mg/mL,water,1.0,False
L_3S-1mg_mL 1,38,0.324,0.749,141.0,L_3S-1mg_mL 1,L_3S-1mg_mL,l,lambda,1.0,mg/mL,1 mg/mL,water,1.0,False
L_3S-1mg_mL 1,39,0.283,0.723,173.0,L_3S-1mg_mL 1,L_3S-1mg_mL,l,lambda,1.0,mg/mL,1 mg/mL,water,1.0,False
L_3S-1mg_mL 1,40,0.236,0.685,221.0,L_3S-1mg_mL 1,L_3S-1mg_mL,l,lambda,1.0,mg/mL,1 mg/mL,water,1.0,False
L_3S-1mg_mL 2,1,0.931,0.191,0.628,L_3S-1mg_mL 2,L_3S-1mg_mL,l,lambda,1.0,mg/mL,1 mg/mL,water,2.0,False
L_3S-1mg_mL 2,2,0.93,0.151,0.589,L_3S-1mg_mL 2,L_3S-1mg_mL,l,lambda,1.0,mg/mL,1 mg/mL,water,2.0,False
L_3S-1mg_mL 2,3,0.93,0.106,0.538,L_3S-1mg_mL 2,L_3S-1mg_mL,l,lambda,1.0,mg/mL,1 mg/mL,water,2.0,False
L_3S-1mg_mL 2,4,0.929,0.067,0.485,L_3S-1mg_mL 2,L_3S-1mg_mL,l,lambda,1.0,mg/mL,1 mg/mL,water,2.0,False
L_3S-1mg_mL 2,5,0.928,0.0426,0.445,L_3S-1mg_mL 2,L_3S-1mg_mL,l,lambda,1.0,mg/mL,1 mg/mL,water,2.0,False
L_3S-1mg_mL 2,6,0.927,0.0218,0.4,L_3S-1mg_mL 2,L_3S-1mg_mL,l,lambda,1.0,mg/mL,1 mg/mL,water,2.0,False
L_3S-1mg_mL 2,7,0.926,0.00909,0.341,L_3S-1mg_mL 2,L_3S-1mg_mL,l,lambda,1.0,mg/mL,1 mg/mL,water,2.0,False
L_3S-1mg_mL 2,8,0.924,0.00386,0.292,L_3S-1mg_mL 2,L_3S-1mg_mL,l,lambda,1.0,mg/mL,1 mg/mL,water,2.0,False
L_3S-1mg_mL 2,9,0.923,0.0011,0.239,L_3S-1mg_mL 2,L_3S-1mg_mL,l,lambda,1.0,mg/mL,1 mg/mL,water,2.0,False
L_3S-1mg_mL 2,10,0.921,0.93,0.182,L_3S-1mg_mL 2,L_3S-1mg_mL,l,lambda,1.0,mg/mL,1 mg/mL,water,2.0,False
L_3S-1mg_mL 2,11,0.919,0.932,0.175,L_3S-1mg_mL 2,L_3S-1mg_mL,l,lambda,1.0,mg/mL,1 mg/mL,water,2.0,False
L_3S-1mg_mL 2,12,0.917,0.928,0.13,L_3S-1mg_mL 2,L_3S-1mg_mL,l,lambda,1.0,mg/mL,1 mg/mL,water,2.0,False
L_3S-1mg_mL 2,13,0.914,0.928,0.134,L_3S-1mg_mL 2,L_3S-1mg_mL,l,lambda,1.0,mg/mL,1 mg/mL,water,2.0,False
L_3S-1mg_mL 2,14,0.91,0.928,0.119,L_3S-1mg_mL 2,L_3S-1mg_mL,l,lambda,1.0,mg/mL,1 mg/mL,water,2.0,False
L_3S-1mg_mL 2,15,0.907,0.927,0.108,L_3S-1mg_mL 2,L_3S-1mg_mL,l,lambda,1.0,mg/mL,1 mg/mL,water,2.0,False
L_3S-1mg_mL 2,16,0.903,0.926,0.109,L_3S-1mg_mL 2,L_3S-1mg_mL,l,lambda,1.0,mg/mL,1 mg/mL,water,2.0,False
L_3S-1mg_mL 2,17,0.899,0.925,0.0874,L_3S-1mg_mL 2,L_3S-1mg_mL,l,lambda,1.0,mg/mL,1 mg/mL,water,2.0,False
L_3S-1mg_mL 2,18,0.894,0.923,0.0971,L_3S-1mg_mL 2,L_3S-1mg_mL,l,lambda,1.0,mg/mL,1 mg/mL,water,2.0,False
L_3S-1mg_mL 2,19,0.887,0.921,1.5,L_3S-1mg_mL 2,L_3S-1mg_mL,l,lambda,1.0,mg/mL,1 mg/mL,water,2.0,False
L_3S-1mg_mL 2,20,0.878,0.919,2.0,L_3S-1mg_mL 2,L_3S-1mg_mL,l,lambda,1.0,mg/mL,1 mg/mL,water,2.0,False
L_3S-1mg_mL 2,21,0.871,0.917,2.5,L_3S-1mg_mL 2,L_3S-1mg_mL,l,lambda,1.0,mg/mL,1 mg/mL,water,2.0,False
L_3S-1mg_mL 2,22,0.86,0.914,3.5,L_3S-1mg_mL 2,L_3S-1mg_mL,l,lambda,1.0,mg/mL,1 mg/mL,water,2.0,False
L_3S-1mg_mL 2,23,0.848,0.91,4.5,L_3S-1mg_mL 2,L_3S-1mg_mL,l,lambda,1.0,mg/mL,1 mg/mL,water,2.0,False
L_3S-1mg_mL 2,24,0.836,0.907,5.5,L_3S-1mg_mL 2,L_3S-1mg_mL,l,lambda,1.0,mg/mL,1 mg/mL,water,2.0,False
L_3S-1mg_mL 2,25,0.821,0.903,7.5,L_3S-1mg_mL 2,L_3S-1mg_mL,l,lambda,1.0,mg/mL,1 mg/mL,water,2.0,False
L_3S-1mg_mL 2,26,0.802,0.898,9.5,L_3S-1mg_mL 2,L_3S-1mg_mL,l,lambda,1.0,mg/mL,1 mg/mL,water,2.0,False
L_3S-1mg_mL 2,27,0.786,0.894,11.5,L_3S-1mg_mL 2,L_3S-1mg_mL,l,lambda,1.0,mg/mL,1 mg/mL,water,2.0,False
L_3S-1mg_mL 2,28,0.762,0.887,14.5,L_3S-1mg_mL 2,L_3S-1mg_mL,l,lambda,1.0,mg/mL,1 mg/mL,water,2.0,False
L_3S-1mg_mL 2,29,0.733,0.878,18.5,L_3S-1mg_mL 2,L_3S-1mg_mL,l,lambda,1.0,mg/mL,1 mg/mL,water,2.0,False
L_3S-1mg_mL 2,30,0.707,0.871,22.5,L_3S-1mg_mL 2,L_3S-1mg_mL,l,lambda,1.0,mg/mL,1 mg/mL,water,2.0,False
L_3S-1mg_mL 2,31,0.67,0.86,28.5,L_3S-1mg_mL 2,L_3S-1mg_mL,l,lambda,1.0,mg/mL,1 mg/mL,water,2.0,False
L_3S-1mg_mL 2,32,0.627,0.848,36.5,L_3S-1mg_mL 2,L_3S-1mg_mL,l,lambda,1.0,mg/mL,1 mg/mL,water,2.0,False
L_3S-1mg_mL 2,33,0.589,0.836,44.5,L_3S-1mg_mL 2,L_3S-1mg_mL,l,lambda,1.0,mg/mL,1 mg/mL,water,2.0,False
L_3S-1mg_mL 2,34,0.541,0.821,56.5,L_3S-1mg_mL 2,L_3S-1mg_mL,l,lambda,1.0,mg/mL,1 mg/mL,water,2.0,False
L_3S-1mg_mL 2,35,0.488,0.802,68.5,L_3S-1mg_mL 2,L_3S-1mg_mL,l,lambda,1.0,mg/mL,1 mg/mL,water,2.0,False
L_3S-1mg_mL 2,36,0.445,0.785,84.5,L_3S-1mg_mL 2,L_3S-1mg_mL,l,lambda,1.0,mg/mL,1 mg/mL,water,2.0,False
L_3S-1mg_mL 2,37,0.393,0.762,109.0,L_3S-1mg_mL 2,L_3S-1mg_mL,l,lambda,1.0,mg/mL,1 mg/mL,water,2.0,False
L_3S-1mg_mL 2,38,0.338,0.734,141.0,L_3S-1mg_mL 2,L_3S-1mg_mL,l,lambda,1.0,mg/mL,1 mg/mL,water,2.0,False
L_3S-1mg_mL 2,39,0.295,0.708,173.0,L_3S-1mg_mL 2,L_3S-1mg_mL,l,lambda,1.0,mg/mL,1 mg/mL,water,2.0,False
L_3S-1mg_mL 2,40,0.244,0.671,221.0,L_3S-1mg_mL 2,L_3S-1mg_mL,l,lambda,1.0,mg/mL,1 mg/mL,water,2.0,False
L_3S-1mg_mL 3,1,0.908,0.154,0.404,L_3S-1mg_mL 3,L_3S-1mg_mL,l,lambda,1.0,mg/mL,1 mg/mL,water,3.0,False
L_3S-1mg_mL 3,2,0.908,0.118,0.351,L_3S-1mg_mL 3,L_3S-1mg_mL,l,lambda,1.0,mg/mL,1 mg/mL,water,3.0,False
L_3S-1mg_mL 3,3,0.907,0.0804,0.296,L_3S-1mg_mL 3,L_3S-1mg_mL,l,lambda,1.0,mg/mL,1 mg/mL,water,3.0,False
L_3S-1mg_mL 3,4,0.906,0.0487,0.256,L_3S-1mg_mL 3,L_3S-1mg_mL,l,lambda,1.0,mg/mL,1 mg/mL,water,3.0,False
L_3S-1mg_mL 3,5,0.905,0.0299,0.199,L_3S-1mg_mL 3,L_3S-1mg_mL,l,lambda,1.0,mg/mL,1 mg/mL,water,3.0,False
L_3S-1mg_mL 3,6,0.904,0.909,0.143,L_3S-1mg_mL 3,L_3S-1mg_mL,l,lambda,1.0,mg/mL,1 mg/mL,water,3.0,False
L_3S-1mg_mL 3,7,0.902,0.907,0.123,L_3S-1mg_mL 3,L_3S-1mg_mL,l,lambda,1.0,mg/mL,1 mg/mL,water,3.0,False
L_3S-1mg_mL 3,8,0.9,0.907,0.109,L_3S-1mg_mL 3,L_3S-1mg_mL,l,lambda,1.0,mg/mL,1 mg/mL,water,3.0,False
L_3S-1mg_mL 3,9,0.899,0.907,0.107,L_3S-1mg_mL 3,L_3S-1mg_mL,l,lambda,1.0,mg/mL,1 mg/mL,water,3.0,False
L_3S-1mg_mL 3,10,0.897,0.904,0.0766,L_3S-1mg_mL 3,L_3S-1mg_mL,l,lambda,1.0,mg/mL,1 mg/mL,water,3.0,False
L_3S-1mg_mL 3,11,0.894,0.904,1.5,L_3S-1mg_mL 3,L_3S-1mg_mL,l,lambda,1.0,mg/mL,1 mg/mL,water,3.0,False
L_3S-1mg_mL 3,12,0.892,0.902,2.0,L_3S-1mg_mL 3,L_3S-1mg_mL,l,lambda,1.0,mg/mL,1 mg/mL,water,3.0,False
L_3S-1mg_mL 3,13,0.889,0.9,2.5,L_3S-1mg_mL 3,L_3S-1mg_mL,l,lambda,1.0,mg/mL,1 mg/mL,water,3.0,False
L_3S-1mg_mL 3,14,0.886,0.899,3.5,L_3S-1mg_mL 3,L_3S-1mg_mL,l,lambda,1.0,mg/mL,1 mg/mL,water,3.0,False
L_3S-1mg_mL 3,15,0.882,0.896,4.5,L_3S-1mg_mL 3,L_3S-1mg_mL,l,lambda,1.0,mg/mL,1 mg/mL,water,3.0,False
L_3S-1mg_mL 3,16,0.877,0.895,5.5,L_3S-1mg_mL 3,L_3S-1mg_mL,l,lambda,1.0,mg/mL,1 mg/mL,water,3.0,False
L_3S-1mg_mL 3,17,0.873,0.892,7.5,L_3S-1mg_mL 3,L_3S-1mg_mL,l,lambda,1.0,mg/mL,1 mg/mL,water,3.0,False
L_3S-1mg_mL 3,18,0.867,0.889,9.5,L_3S-1mg_mL 3,L_3S-1mg_mL,l,lambda,1.0,mg/mL,1 mg/mL,water,3.0,False
L_3S-1mg_mL 3,19,0.86,0.885,11.5,L_3S-1mg_mL 3,L_3S-1mg_mL,l,lambda,1.0,mg/mL,1 mg/mL,water,3.0,False
L_3S-1mg_mL 3,20,0.851,0.883,14.5,L_3S-1mg_mL 3,L_3S-1mg_mL,l,lambda,1.0,mg/mL,1 mg/mL,water,3.0,False
L_3S-1mg_mL 3,21,0.842,0.877,18.5,L_3S-1mg_mL 3,L_3S-1mg_mL,l,lambda,1.0,mg/mL,1 mg/mL,water,3.0,False
L_3S-1mg_mL 3,22,0.831,0.873,22.5,L_3S-1mg_mL 3,L_3S-1mg_mL,l,lambda,1.0,mg/mL,1 mg/mL,water,3.0,False
L_3S-1mg_mL 3,23,0.818,0.867,28.5,L_3S-1mg_mL 3,L_3S-1mg_mL,l,lambda,1.0,mg/mL,1 mg/mL,water,3.0,False
L_3S-1mg_mL 3,24,0.806,0.859,36.5,L_3S-1mg_mL 3,L_3S-1mg_mL,l,lambda,1.0,mg/mL,1 mg/mL,water,3.0,False
L_3S-1mg_mL 3,25,0.789,0.851,44.5,L_3S-1mg_mL 3,L_3S-1mg_mL,l,lambda,1.0,mg/mL,1 mg/mL,water,3.0,False
L_3S-1mg_mL 3,26,0.769,0.842,56.5,L_3S-1mg_mL 3,L_3S-1mg_mL,l,lambda,1.0,mg/mL,1 mg/mL,water,3.0,False
L_3S-1mg_mL 3,27,0.752,0.831,68.5,L_3S-1mg_mL 3,L_3S-1mg_mL,l,lambda,1.0,mg/mL,1 mg/mL,water,3.0,False
L_3S-1mg_mL 3,28,0.727,0.818,84.5,L_3S-1mg_mL 3,L_3S-1mg_mL,l,lambda,1.0,mg/mL,1 mg/mL,water,3.0,False
L_3S-1mg_mL 3,29,0.698,0.806,109.0,L_3S-1mg_mL 3,L_3S-1mg_mL,l,lambda,1.0,mg/mL,1 mg/mL,water,3.0,False
L_3S-1mg_mL 3,30,0.671,0.789,141.0,L_3S-1mg_mL 3,L_3S-1mg_mL,l,lambda,1.0,mg/mL,1 mg/mL,water,3.0,False
L_3S-1mg_mL 3,31,0.634,0.769,173.0,L_3S-1mg_mL 3,L_3S-1mg_mL,l,lambda,1.0,mg/mL,1 mg/mL,water,3.0,False
L_3S-1mg_mL 3,32,0.59,0.752,221.0,L_3S-1mg_mL 3,L_3S-1mg_mL,l,lambda,1.0,mg/mL,1 mg/mL,water,3.0,False
L_3S-1mg_mL 3,33,0.552,0.727,285.0,L_3S-1mg_mL 3,L_3S-1mg_mL,l,lambda,1.0,mg/mL,1 mg/mL,water,3.0,False
L_3S-1mg_mL 3,34,0.502,0.697,349.0,L_3S-1mg_mL 3,L_3S-1mg_mL,l,lambda,1.0,mg/mL,1 mg/mL,water,3.0,False
L_3S-1mg_mL 3,35,0.447,0.671,445.0,L_3S-1mg_mL 3,L_3S-1mg_mL,l,lambda,1.0,mg/mL,1 mg/mL,water,3.0,False
L_3S-1mg_mL 3,36,0.403,0.635,573.0,L_3S-1mg_mL 3,L_3S-1mg_mL,l,lambda,1.0,mg/mL,1 mg/mL,water,3.0,False
L_3S-1mg_mL 3,37,0.349,0.591,701.0,L_3S-1mg_mL 3,L_3S-1mg_mL,l,lambda,1.0,mg/mL,1 mg/mL,water,3.0,False
L_3S-1mg_mL 3,38,0.294,0.551,893.0,L_3S-1mg_mL 3,L_3S-1mg_mL,l,lambda,1.0,mg/mL,1 mg/mL,water,3.0,False
L_3S-1mg_mL 3,39,0.251,0.499,1150.0,L_3S-1mg_mL 3,L_3S-1mg_mL,l,lambda,1.0,mg/mL,1 mg/mL,water,3.0,False
L_3S-1mg_mL 3,40,0.202,0.446,1400.0,L_3S-1mg_mL 3,L_3S-1mg_mL,l,lambda,1.0,mg/mL,1 mg/mL,water,3.0,False
L_3S-1mg_mL-mean,1,0.94,0.191,0.637,L_3S-1mg_mL-mean,L_3S-1mg_mL-mean,l,lambda,1.0,mg/mL,1 mg/mL,water,,True
L_3S-1mg_mL-mean,2,0.94,0.155,0.594,L_3S-1mg_mL-mean,L_3S-1mg_mL-mean,l,lambda,1.0,mg/mL,1 mg/mL,water,,True
L_3S-1mg_mL-mean,3,0.939,0.115,0.535,L_3S-1mg_mL-mean,L_3S-1mg_mL-mean,l,lambda,1.0,mg/mL,1 mg/mL,water,,True
L_3S-1mg_mL-mean,4,0.938,0.078,0.472,L_3S-1mg_mL-mean,L_3S-1mg_mL-mean,l,lambda,1.0,mg/mL,1 mg/mL,water,,True
L_3S-1mg_mL-mean,5,0.937,0.0528,0.42,L_3S-1mg_mL-mean,L_3S-1mg_mL-mean,l,lambda,1.0,mg/mL,1 mg/mL,water,,True
L_3S-1mg_mL-mean,6,0.936,0.0294,0.365,L_3S-1mg_mL-mean,L_3S-1mg_mL-mean,l,lambda,1.0,mg/mL,1 mg/mL,water,,True
L_3S-1mg_mL-mean,7,0.934,0.0135,0.315,L_3S-1mg_mL-mean,L_3S-1mg_mL-mean,l,lambda,1.0,mg/mL,1 mg/mL,water,,True
L_3S-1mg_mL-mean,8,0.933,0.00624,0.285,L_3S-1mg_mL-mean,L_3S-1mg_mL-mean,l,lambda,1.0,mg/mL,1 mg/mL,water,,True
L_3S-1mg_mL-mean,9,0.931,0.00196,0.262,L_3S-1mg_mL-mean,L_3S-1mg_mL-mean,l,lambda,1.0,mg/mL,1 mg/mL,water,,True
L_3S-1mg_mL-mean,10,0.93,0.94,0.249,L_3S-1mg_mL-mean,L_3S-1mg_mL-mean,l,lambda,1.0,mg/mL,1 mg/mL,water,,True
L_3S-1mg_mL-mean,11,0.928,0.94,0.229,L_3S-1mg_mL-mean,L_3S-1mg_mL-mean,l,lambda,1.0,mg/mL,1 mg/mL,water,,True
L_3S-1mg_mL-mean,12,0.926,0.938,0.193,L_3S-1mg_mL-mean,L_3S-1mg_mL-mean,l,lambda,1.0,mg/mL,1 mg/mL,water,,True
L_3S-1mg_mL-mean,13,0.923,0.938,0.2,L_3S-1mg_mL-mean,L_3S-1mg_mL-mean,l,lambda,1.0,mg/mL,1 mg/mL,water,,True
L_3S-1mg_mL-mean,14,0.92,0.937,0.227,L_3S-1mg_mL-mean,L_3S-1mg_mL-mean,l,lambda,1.0,mg/mL,1 mg/mL,water,,True
L_3S-1mg_mL-mean,15,0.917,0.936,0.209,L_3S-1mg_mL-mean,L_3S-1mg_mL-mean,l,lambda,1.0,mg/mL,1 mg/mL,water,,True
L_3S-1mg_mL-mean,16,0.913,0.934,0.179,L_3S-1mg_mL-mean,L_3S-1mg_mL-mean,l,lambda,1.0,mg/mL,1 mg/mL,water,,True
L_3S-1mg_mL-mean,17,0.909,0.934,0.134,L_3S-1mg_mL-mean,L_3S-1mg_mL-mean,l,lambda,1.0,mg/mL,1 mg/mL,water,,True
L_3S-1mg_mL-mean,18,0.904,0.931,0.083,L_3S-1mg_mL-mean,L_3S-1mg_mL-mean,l,lambda,1.0,mg/mL,1 mg/mL,water,,True
L_3S-1mg_mL-mean,19,0.897,0.93,1.5,L_3S-1mg_mL-mean,L_3S-1mg_mL-mean,l,lambda,1.0,mg/mL,1 mg/mL,water,,True
L_3S-1mg_mL-mean,20,0.889,0.927,2.0,L_3S-1mg_mL-mean,L_3S-1mg_mL-mean,l,lambda,1.0,mg/mL,1 mg/mL,water,,True
L_3S-1mg_mL-mean,21,0.882,0.926,2.5,L_3S-1mg_mL-mean,L_3S-1mg_mL-mean,l,lambda,1.0,mg/mL,1 mg/mL,water,,True
L_3S-1mg_mL-mean,22,0.872,0.924,3.5,L_3S-1mg_mL-mean,L_3S-1mg_mL-mean,l,lambda,1.0,mg/mL,1 mg/mL,water,,True
L_3S-1mg_mL-mean,23,0.861,0.92,4.5,L_3S-1mg_mL-mean,L_3S-1mg_mL-mean,l,lambda,1.0,mg/mL,1 mg/mL,water,,True
L_3S-1mg_mL-mean,24,0.85,0.917,5.5,L_3S-1mg_mL-mean,L_3S-1mg_mL-mean,l,lambda,1.0,mg/mL,1 mg/mL,water,,True
L_3S-1mg_mL-mean,25,0.836,0.913,7.5,L_3S-1mg_mL-mean,L_3S-1mg_mL-mean,l,lambda,1.0,mg/mL,1 mg/mL,water,,True
L_3S-1mg_mL-mean,26,0.818,0.909,9.5,L_3S-1mg_mL-mean,L_3S-1mg_mL-mean,l,lambda,1.0,mg/mL,1 mg/mL,water,,True
L_3S-1mg_mL-mean,27,0.801,0.904,11.5,L_3S-1mg_mL-mean,L_3S-1mg_mL-mean,l,lambda,1.0,mg/mL,1 mg/mL,water,,True
L_3S-1mg_mL-mean,28,0.777,0.897,14.5,L_3S-1mg_mL-mean,L_3S-1mg_mL-mean,l,lambda,1.0,mg/mL,1 mg/mL,water,,True
L_3S-1mg_mL-mean,29,0.748,0.89,18.5,L_3S-1mg_mL-mean,L_3S-1mg_mL-mean,l,lambda,1.0,mg/mL,1 mg/mL,water,,True
L_3S-1mg_mL-mean,30,0.72,0.882,22.5,L_3S-1mg_mL-mean,L_3S-1mg_mL-mean,l,lambda,1.0,mg/mL,1 mg/mL,water,,True
L_3S-1mg_mL-mean,31,0.681,0.872,28.5,L_3S-1mg_mL-mean,L_3S-1mg_mL-mean,l,lambda,1.0,mg/mL,1 mg/mL,water,,True
L_3S-1mg_mL-mean,32,0.635,0.861,36.5,L_3S-1mg_mL-mean,L_3S-1mg_mL-mean,l,lambda,1.0,mg/mL,1 mg/mL,water,,True
L_3S-1mg_mL-mean,33,0.593,0.85,44.5,L_3S-1mg_mL-mean,L_3S-1mg_mL-mean,l,lambda,1.0,mg/mL,1 mg/mL,water,,True
L_3S-1mg_mL-mean,34,0.54,0.835,56.5,L_3S-1mg_mL-mean,L_3S-1mg_mL-mean,l,lambda,1.0,mg/mL,1 mg/mL,water,,True
L_3S-1mg_mL-mean,35,0.482,0.817,68.5,L_3S-1mg_mL-mean,L_3S-1mg_mL-mean,l,lambda,1.0,mg/mL,1 mg/mL,water,,True
L_3S-1mg_mL-mean,36,0.435,0.8,84.5,L_3S-1mg_mL-mean,L_3S-1mg_mL-mean,l,lambda,1.0,mg/mL,1 mg/mL,water,,True
L_3S-1mg_mL-mean,37,0.379,0.777,109.0,L_3S-1mg_mL-mean,L_3S-1mg_mL-mean,l,lambda,1.0,mg/mL,1 mg/mL,water,,True
L_3S-1mg_mL-mean,38,0.324,0.749,141.0,L_3S-1mg_mL-mean,L_3S-1mg_mL-mean,l,lambda,1.0,mg/mL,1 mg/mL,water,,True
L_3S-1mg_mL-mean,39,0.283,0.723,173.0,L_3S-1mg_mL-mean,L_3S-1mg_mL-mean,l,lambda,1.0,mg/mL,1 mg/mL,water,,True
L_3S-1mg_mL-mean,40,0.236,0.685,221.0,L_3S-1mg_mL-mean,L_3S-1mg_mL-mean,l,lambda,1.0,mg/mL,1 mg/mL,water,,True
aMEM_10pct-i_2s 1,1,0.897,0.00889,0.0246,aMEM_10pct-i_2s 1,aMEM_10pct-i_2s,i,iota,20.0,ug/mL,20 ug/mL,medium,1.0,False
aMEM_10pct-i_2s 1,2,0.889,0.00628,0.0231,aMEM_10pct-i_2s 1,aMEM_10pct-i_2s,i,iota,20.0,ug/mL,20 ug/mL,medium,1.0,False
aMEM_10pct-i_2s 1,3,0.881,0.00382,0.0198,aMEM_10pct-i_2s 1,aMEM_10pct-i_2s,i,iota,20.0,ug/mL,20 ug/mL,medium,1.0,False
aMEM_10pct-i_2s 1,4,0.866,0.895,0.0258,aMEM_10pct-i_2s 1,aMEM_10pct-i_2s,i,iota,20.0,ug/mL,20 ug/mL,medium,1.0,False
aMEM_10pct-i_2s 1,5,0.851,0.89,0.0215,aMEM_10pct-i_2s 1,aMEM_10pct-i_2s,i,iota,20.0,ug/mL,20 ug/mL,medium,1.0,False
aMEM_10pct-i_2s 1,6,0.837,0.882,0.0242,aMEM_10pct-i_2s 1,aMEM_10pct-i_2s,i,iota,20.0,ug/mL,20 ug/mL,medium,1.0,False
aMEM_10pct-i_2s 1,7,0.81,0.868,1.5,aMEM_10pct-i_2s 1,aMEM_10pct-i_2s,i,iota,20.0,ug/mL,20 ug/mL,medium,1.0,False
aMEM_10pct-i_2s 1,8,0.785,0.85,2.0,aMEM_10pct-i_2s 1,aMEM_10pct-i_2s,i,iota,20.0,ug/mL,20 ug/mL,medium,1.0,False
aMEM_10pct-i_2s 1,9,0.762,0.837,2.5,aMEM_10pct-i_2s 1,aMEM_10pct-i_2s,i,iota,20.0,ug/mL,20 ug/mL,medium,1.0,False
aMEM_10pct-i_2s 1,10,0.73,0.81,3.5,aMEM_10pct-i_2s 1,aMEM_10pct-i_2s,i,iota,20.0,ug/mL,20 ug/mL,medium,1.0,False
aMEM_10pct-i_2s 1,11,0.691,0.785,4.5,aMEM_10pct-i_2s 1,aMEM_10pct-i_2s,i,iota,20.0,ug/mL,20 ug/mL,medium,1.0,False
aMEM_10pct-i_2s 1,12,0.657,0.762,5.5,aMEM_10pct-i_2s 1,aMEM_10pct-i_2s,i,iota,20.0,ug/mL,20 ug/mL,medium,1.0,False
aMEM_10pct-i_2s 1,13,0.612,0.729,7.5,aMEM_10pct-i_2s 1,aMEM_10pct-i_2s,i,iota,20.0,ug/mL,20 ug/mL,medium,1.0,False
aMEM_10pct-i_2s 1,14,0.562,0.691,9.5,aMEM_10pct-i_2s 1,aMEM_10pct-i_2s,i,iota,20.0,ug/mL,20 ug/mL,medium,1.0,False
aMEM_10pct-i_2s 1,15,0.52,0.657,11.5,aMEM_10pct-i_2s 1,aMEM_10pct-i_2s,i,iota,20.0,ug/mL,20 ug/mL,medium,1.0,False
aMEM_10pct-i_2s 1,16,0.469,0.612,14.5,aMEM_10pct-i_2s 1,aMEM_10pct-i_2s,i,iota,20.0,ug/mL,20 ug/mL,medium,1.0,False
aMEM_10pct-i_2s 1,17,0.427,0.562,18.5,aMEM_10pct-i_2s 1,aMEM_10pct-i_2s,i,iota,20.0,ug/mL,20 ug/mL,medium,1.0,False
aMEM_10pct-i_2s 1,18,0.381,0.52,22.5,aMEM_10pct-i_2s 1,aMEM_10pct-i_2s,i,iota,20.0,ug/mL,20 ug/mL,medium,1.0,False
aMEM_10pct-i_2s 1,19,0.327,0.469,28.5,aMEM_10pct-i_2s 1,aMEM_10pct-i_2s,i,iota,20.0,ug/mL,20 ug/mL,medium,1.0,False
aMEM_10pct-i_2s 1,20,0.273,0.428,36.5,aMEM_10pct-i_2s 1,aMEM_10pct-i_2s,i,iota,20.0,ug/mL,20 ug/mL,medium,1.0,False
aMEM_10pct-i_2s 1,21,0.232,0.38,44.5,aMEM_10pct-i_2s 1,aMEM_10pct-i_2s,i,iota,20.0,ug/mL,20 ug/mL,medium,1.0,False
aMEM_10pct-i_2s 1,22,0.187,0.326,56.5,aMEM_10pct-i_2s 1,aMEM_10pct-i_2s,i,iota,20.0,ug/mL,20 ug/mL,medium,1.0,False
aMEM_10pct-i_2s 1,23,0.146,0.273,68.5,aMEM_10pct-i_2s 1,aMEM_10pct-i_2s,i,iota,20.0,ug/mL,20 ug/mL,medium,1.0,False
aMEM_10pct-i_2s 1,24,0.119,0.232,84.5,aMEM_10pct-i_2s 1,aMEM_10pct-i_2s,i,iota,20.0,ug/mL,20 ug/mL,medium,1.0,False
aMEM_10pct-i_2s 1,25,0.093,0.186,109.0,aMEM_10pct-i_2s 1,aMEM_10pct-i_2s,i,iota,20.0,ug/mL,20 ug/mL,medium,1.0,False
aMEM_10pct-i_2s 1,26,0.0742,0.147,141.0,aMEM_10pct-i_2s 1,aMEM_10pct-i_2s,i,iota,20.0,ug/mL,20 ug/mL,medium,1.0,False
aMEM_10pct-i_2s 1,27,0.0639,0.12,173.0,aMEM_10pct-i_2s 1,aMEM_10pct-i_2s,i,iota,20.0,ug/mL,20 ug/mL,medium,1.0,False
aMEM_10pct-i_2s 1,28,0.0558,0.101,221.0,aMEM_10pct-i_2s 1,aMEM_10pct-i_2s,i,iota,20.0,ug/mL,20 ug/mL,medium,1.0,False
aMEM_10pct-i_2s 1,29,0.0507,0.0773,285.0,aMEM_10pct-i_2s 1,aMEM_10pct-i_2s,i,iota,20.0,ug/mL,20 ug/mL,medium,1.0,False
aMEM_10pct-i_2s 1,30,0.0479,0.0497,349.0,aMEM_10pct-i_2s 1,aMEM_10pct-i_2s,i,iota,20.0,ug/mL,20 ug/mL,medium,1.0,False
aMEM_10pct-i_2s 1,31,0.0452,0.0375,445.0,aMEM_10pct-i_2s 1,aMEM_10pct-i_2s,i,iota,20.0,ug/mL,20 ug/mL,medium,1.0,False
aMEM_10pct-i_2s 1,32,0.0425,0.0288,573.0,aMEM_10pct-i_2s 1,aMEM_10pct-i_2s,i,iota,20.0,ug/mL,20 ug/mL,medium,1.0,False
aMEM_10pct-i_2s 1,33,0.0401,0.019,701.0,aMEM_10pct-i_2s 1,aMEM_10pct-i_2s,i,iota,20.0,ug/mL,20 ug/mL,medium,1.0,False
aMEM_10pct-i_2s 1,34,0.0369,0.0282,893.0,aMEM_10pct-i_2s 1,aMEM_10pct-i_2s,i,iota,20.0,ug/mL,20 ug/mL,medium,1.0,False
aMEM_10pct-i_2s 1,35,0.033,0.0226,1150.0,aMEM_10pct-i_2s 1,aMEM_10pct-i_2s,i,iota,20.0,ug/mL,20 ug/mL,medium,1.0,False
aMEM_10pct-i_2s 1,36,0.0297,0.0319,1400.0,aMEM_10pct-i_2s 1,aMEM_10pct-i_2s,i,iota,20.0,ug/mL,20 ug/mL,medium,1.0,False
aMEM_10pct-i_2s 1,37,0.0254,0.0316,1790.0,aMEM_10pct-i_2s 1,aMEM_10pct-i_2s,i,iota,20.0,ug/mL,20 ug/mL,medium,1.0,False
aMEM_10pct-i_2s 1,38,0.0207,0.0285,2300.0,aMEM_10pct-i_2s 1,aMEM_10pct-i_2s,i,iota,20.0,ug/mL,20 ug/mL,medium,1.0,False
aMEM_10pct-i_2s 1,39,0.017,0.0268,2810.0,aMEM_10pct-i_2s 1,aMEM_10pct-i_2s,i,iota,20.0,ug/mL,20 ug/mL,medium,1.0,False
aMEM_10pct-i_2s 1,40,0.0128,0.0262,3580.0,aMEM_10pct-i_2s 1,aMEM_10pct-i_2s,i,iota,20.0,ug/mL,20 ug/mL,medium,1.0,False
aMEM_10pct-i_2s 2,1,0.895,0.895,1.5,aMEM_10pct-i_2s 2,aMEM_10pct-i_2s,i,iota,20.0,ug/mL,20 ug/mL,medium,2.0,False
aMEM_10pct-i_2s 2,2,0.887,0.888,2.0,aMEM_10pct-i_2s 2,aMEM_10pct-i_2s,i,iota,20.0,ug/mL,20 ug/mL,medium,2.0,False
aMEM_10pct-i_2s 2,3,0.879,0.878,2.5,aMEM_10pct-i_2s 2,aMEM_10pct-i_2s,i,iota,20.0,ug/mL,20 ug/mL,medium,2.0,False
aMEM_10pct-i_2s 2,4,0.863,0.862,3.5,aMEM_10pct-i_2s 2,aMEM_10pct-i_2s,i,iota,20.0,ug/mL,20 ug/mL,medium,2.0,False
aMEM_10pct-i_2s 2,5,0.847,0.848,4.5,aMEM_10pct-i_2s 2,aMEM_10pct-i_2s,i,iota,20.0,ug/mL,20 ug/mL,medium,2.0,False
aMEM_10pct-i_2s 2,6,0.833,0.834,5.5,aMEM_10pct-i_2s 2,aMEM_10pct-i_2s,i,iota,20.0,ug/mL,20 ug/mL,medium,2.0,False
aMEM_10pct-i_2s 2,7,0.805,0.806,7.5,aMEM_10pct-i_2s 2,aMEM_10pct-i_2s,i,iota,20.0,ug/mL,20 ug/mL,medium,2.0,False
aMEM_10pct-i_2s 2,8,0.78,0.779,9.5,aMEM_10pct-i_2s 2,aMEM_10pct-i_2s,i,iota,20.0,ug/mL,20 ug/mL,medium,2.0,False
aMEM_10pct-i_2s 2,9,0.756,0.756,11.5,aMEM_10pct-i_2s 2,aMEM_10pct-i_2s,i,iota,20.0,ug/mL,20 ug/mL,medium,2.0,False
aMEM_10pct-i_2s 2,10,0.723,0.723,14.5,aMEM_10pct-i_2s 2,aMEM_10pct-i_2s,i,iota,20.0,ug/mL,20 ug/mL,medium,2.0,False
aMEM_10pct-i_2s 2,11,0.684,0.685,18.5,aMEM_10pct-i_2s 2,aMEM_10pct-i_2s,i,iota,20.0,ug/mL,20 ug/mL,medium,2.0,False
aMEM_10pct-i_2s 2,12,0.65,0.65,22.5,aMEM_10pct-i_2s 2,aMEM_10pct-i_2s,i,iota,20.0,ug/mL,20 ug/mL,medium,2.0,False
aMEM_10pct-i_2s 2,13,0.605,0.604,28.5,aMEM_10pct-i_2s 2,aMEM_10pct-i_2s,i,iota,20.0,ug/mL,20 ug/mL,medium,2.0,False
aMEM_10pct-i_2s 2,14,0.555,0.554,36.5,aMEM_10pct-i_2s 2,aMEM_10pct-i_2s,i,iota,20.0,ug/mL,20 ug/mL,medium,2.0,False
aMEM_10pct-i_2s 2,15,0.512,0.513,44.5,aMEM_10pct-i_2s 2,aMEM_10pct-i_2s,i,iota,20.0,ug/mL,20 ug/mL,medium,2.0,False
aMEM_10pct-i_2s 2,16,0.46,0.46,56.5,aMEM_10pct-i_2s 2,aMEM_10pct-i_2s,i,iota,20.0,ug/mL,20 ug/mL,medium,2.0,False
aMEM_10pct-i_2s 2,17,0.418,0.418,68.5,aMEM_10pct-i_2s 2,aMEM_10pct-i_2s,i,iota,20.0,ug/mL,20 ug/mL,medium,2.0,False
aMEM_10pct-i_2s 2,18,0.372,0.372,84.5,aMEM_10pct-i_2s 2,aMEM_10pct-i_2s,i,iota,20.0,ug/mL,20 ug/mL,medium,2.0,False
aMEM_10pct-i_2s 2,19,0.318,0.319,109.0,aMEM_10pct-i_2s 2,aMEM_10pct-i_2s,i,iota,20.0,ug/mL,20 ug/mL,medium,2.0,False
aMEM_10pct-i_2s 2,20,0.264,0.263,141.0,aMEM_10pct-i_2s 2,aMEM_10pct-i_2s,i,iota,20.0,ug/mL,20 ug/mL,medium,2.0,False
aMEM_10pct-i_2s 2,21,0.224,0.223,173.0,aMEM_10pct-i_2s 2,aMEM_10pct-i_2s,i,iota,20.0,ug/mL,20 ug/mL,medium,2.0,False
aMEM_10pct-i_2s 2,22,0.179,0.18,221.0,aMEM_10pct-i_2s 2,aMEM_10pct-i_2s,i,iota,20.0,ug/mL,20 ug/mL,medium,2.0,False
aMEM_10pct-i_2s 2,23,0.138,0.14,285.0,aMEM_10pct-i_2s 2,aMEM_10pct-i_2s,i,iota,20.0,ug/mL,20 ug/mL,medium,2.0,False
aMEM_10pct-i_2s 2,24,0.11,0.109,349.0,aMEM_10pct-i_2s 2,aMEM_10pct-i_2s,i,iota,20.0,ug/mL,20 ug/mL,medium,2.0,False
aMEM_10pct-i_2s 2,25,0.0813,0.08,445.0,aMEM_10pct-i_2s 2,aMEM_10pct-i_2s,i,iota,20.0,ug/mL,20 ug/mL,medium,2.0,False
aMEM_10pct-i_2s 2,26,0.0583,0.0555,573.0,aMEM_10pct-i_2s 2,aMEM_10pct-i_2s,i,iota,20.0,ug/mL,20 ug/mL,medium,2.0,False
aMEM_10pct-i_2s 2,27,0.0445,0.0343,701.0,aMEM_10pct-i_2s 2,aMEM_10pct-i_2s,i,iota,20.0,ug/mL,20 ug/mL,medium,2.0,False
aMEM_10pct-i_2s 2,28,0.0326,0.0337,893.0,aMEM_10pct-i_2s 2,aMEM_10pct-i_2s,i,iota,20.0,ug/mL,20 ug/mL,medium,2.0,False
aMEM_10pct-i_2s 2,29,0.0246,0.0308,1150.0,aMEM_10pct-i_2s 2,aMEM_10pct-i_2s,i,iota,20.0,ug/mL,20 ug/mL,medium,2.0,False
aMEM_10pct-i_2s 2,30,0.0205,0.0342,1400.0,aMEM_10pct-i_2s 2,aMEM_10pct-i_2s,i,iota,20.0,ug/mL,20 ug/mL,medium,2.0,False
aMEM_10pct-i_2s 2,31,0.0174,0.0264,1790.0,aMEM_10pct-i_2s 2,aMEM_10pct-i_2s,i,iota,20.0,ug/mL,20 ug/mL,medium,2.0,False
aMEM_10pct-i_2s 2,32,0.0155,0.0302,2300.0,aMEM_10pct-i_2s 2,aMEM_10pct-i_2s,i,iota,20.0,ug/mL,20 ug/mL,medium,2.0,False
aMEM_10pct-i_2s 2,33,0.0144,0.032,2810.0,aMEM_10pct-i_2s 2,aMEM_10pct-i_2s,i,iota,20.0,ug/mL,20 ug/mL,medium,2.0,False
aMEM_10pct-i_2s 2,34,0.0132,0.0268,3580.0,aMEM_10pct-i_2s 2,aMEM_10pct-i_2s,i,iota,20.0,ug/mL,20 ug/mL,medium,2.0,False
aMEM_10pct-i_2s 2,35,0.012,0.0126,4600.0,aMEM_10pct-i_2s 2,aMEM_10pct-i_2s,i,iota,20.0,ug/mL,20 ug/mL,medium,2.0,False
aMEM_10pct-i_2s 2,36,0.011,0.0124,5630.0,aMEM_10pct-i_2s 2,aMEM_10pct-i_2s,i,iota,20.0,ug/mL,20 ug/mL,medium,2.0,False
aMEM_10pct-i_2s 2,37,0.00962,0.0259,7160.0,aMEM_10pct-i_2s 2,aMEM_10pct-i_2s,i,iota,20.0,ug/mL,20 ug/mL,medium,2.0,False
aMEM_10pct-i_2s 2,38,0.00808,0.019,9210.0,aMEM_10pct-i_2s 2,aMEM_10pct-i_2s,i,iota,20.0,ug/mL,20 ug/mL,medium,2.0,False
aMEM_10pct-i_2s 2,39,0.0068,0.0189,11300.0,aMEM_10pct-i_2s 2,aMEM_10pct-i_2s,i,iota,20.0,ug/mL,20 ug/mL,medium,2.0,False
aMEM_10pct-i_2s 2,40,0.00529,0.0234,14300.0,aMEM_10pct-i_2s 2,aMEM_10pct-i_2s,i,iota,20.0,ug/mL,20 ug/mL,medium,2.0,False
aMEM_10pct-i_2s 3,1,0.894,0.846,11.5,aMEM_10pct-i_2s 3,aMEM_10pct-i_2s,i,iota,20.0,ug/mL,20 ug/mL,medium,3.0,False
aMEM_10pct-i_2s 3,2,0.885,0.832,14.5,aMEM_10pct-i_2s 3,aMEM_10pct-i_2s,i,iota,20.0,ug/mL,20 ug/mL,medium,3.0,False
aMEM_10pct-i_2s 3,3,0.877,0.804,18.5,aMEM_10pct-i_2s 3,aMEM_10pct-i_2s,i,iota,20.0,ug/mL,20 ug/mL,medium,3.0,False
aMEM_10pct-i_2s 3,4,0.861,0.778,22.5,aMEM_10pct-i_2s 3,aMEM_10pct-i_2s,i,iota,20.0,ug/mL,20 ug/mL,medium,3.0,False
aMEM_10pct-i_2s 3,5,0.846,0.754,28.5,aMEM_10pct-i_2s 3,aMEM_10pct-i_2s,i,iota,20.0,ug/mL,20 ug/mL,medium,3.0,False
aMEM_10pct-i_2s 3,6,0.831,0.722,36.5,aMEM_10pct-i_2s 3,aMEM_10pct-i_2s,i,iota,20.0,ug/mL,20 ug/mL,medium,3.0,False
aMEM_10pct-i_2s 3,7,0.804,0.682,44.5,aMEM_10pct-i_2s 3,aMEM_10pct-i_2s,i,iota,20.0,ug/mL,20 ug/mL,medium,3.0,False
aMEM_10pct-i_2s 3,8,0.778,0.647,56.5,aMEM_10pct-i_2s 3,aMEM_10pct-i_2s,i,iota,20.0,ug/mL,20 ug/mL,medium,3.0,False
aMEM_10pct-i_2s 3,9,0.754,0.604,68.5,aMEM_10pct-i_2s 3,aMEM_10pct-i_2s,i,iota,20.0,ug/mL,20 ug/mL,medium,3.0,False
aMEM_10pct-i_2s 3,10,0.722,0.553,84.5,aMEM_10pct-i_2s 3,aMEM_10pct-i_2s,i,iota,20.0,ug/mL,20 ug/mL,medium,3.0,False
aMEM_10pct-i_2s 3,11,0.683,0.51,109.0,aMEM_10pct-i_2s 3,aMEM_10pct-i_2s,i,iota,20.0,ug/mL,20 ug/mL,medium,3.0,False
aMEM_10pct-i_2s 3,12,0.648,0.457,141.0,aMEM_10pct-i_2s 3,aMEM_10pct-i_2s,i,iota,20.0,ug/mL,20 ug/mL,medium,3.0,False
aMEM_10pct-i_2s 3,13,0.603,0.415,173.0,aMEM_10pct-i_2s 3,aMEM_10pct-i_2s,i,iota,20.0,ug/mL,20 ug/mL,medium,3.0,False
aMEM_10pct-i_2s 3,14,0.552,0.367,221.0,aMEM_10pct-i_2s 3,aMEM_10pct-i_2s,i,iota,20.0,ug/mL,20 ug/mL,medium,3.0,False
aMEM_10pct-i_2s 3,15,0.51,0.313,285.0,aMEM_10pct-i_2s 3,aMEM_10pct-i_2s,i,iota,20.0,ug/mL,20 ug/mL,medium,3.0,False
aMEM_10pct-i_2s 3,16,0.458,0.26,349.0,aMEM_10pct-i_2s 3,aMEM_10pct-i_2s,i,iota,20.0,ug/mL,20 ug/mL,medium,3.0,False
aMEM_10pct-i_2s 3,17,0.415,0.22,445.0,aMEM_10pct-i_2s 3,aMEM_10pct-i_2s,i,iota,20.0,ug/mL,20 ug/mL,medium,3.0,False
aMEM_10pct-i_2s 3,18,0.368,0.174,573.0,aMEM_10pct-i_2s 3,aMEM_10pct-i_2s,i,iota,20.0,ug/mL,20 ug/mL,medium,3.0,False
aMEM_10pct-i_2s 3,19,0.313,0.136,701.0,aMEM_10pct-i_2s 3,aMEM_10pct-i_2s,i,iota,20.0,ug/mL,20 ug/mL,medium,3.0,False
aMEM_10pct-i_2s 3,20,0.26,0.107,893.0,aMEM_10pct-i_2s 3,aMEM_10pct-i_2s,i,iota,20.0,ug/mL,20 ug/mL,medium,3.0,False
aMEM_10pct-i_2s 3,21,0.22,0.0777,1150.0,aMEM_10pct-i_2s 3,aMEM_10pct-i_2s,i,iota,20.0,ug/mL,20 ug/mL,medium,3.0,False
aMEM_10pct-i_2s 3,22,0.176,0.067,1400.0,aMEM_10pct-i_2s 3,aMEM_10pct-i_2s,i,iota,20.0,ug/mL,20 ug/mL,medium,3.0,False
aMEM_10pct-i_2s 3,23,0.136,0.0547,1790.0,aMEM_10pct-i_2s 3,aMEM_10pct-i_2s,i,iota,20.0,ug/mL,20 ug/mL,medium,3.0,False
aMEM_10pct-i_2s 3,24,0.109,0.0327,2300.0,aMEM_10pct-i_2s 3,aMEM_10pct-i_2s,i,iota,20.0,ug/mL,20 ug/mL,medium,3.0,False
aMEM_10pct-i_2s 3,25,0.0827,0.0297,2810.0,aMEM_10pct-i_2s 3,aMEM_10pct-i_2s,i,iota,20.0,ug/mL,20 ug/mL,medium,3.0,False
aMEM_10pct-i_2s 3,26,0.0611,0.0232,3580.0,aMEM_10pct-i_2s 3,aMEM_10pct-i_2s,i,iota,20.0,ug/mL,20 ug/mL,medium,3.0,False
aMEM_10pct-i_2s 3,27,0.0479,0.0359,4600.0,aMEM_10pct-i_2s 3,aMEM_10pct-i_2s,i,iota,20.0,ug/mL,20 ug/mL,medium,3.0,False
aMEM_10pct-i_2s 3,28,0.0363,0.026,5630.0,aMEM_10pct-i_2s 3,aMEM_10pct-i_2s,i,iota,20.0,ug/mL,20 ug/mL,medium,3.0,False
aMEM_10pct-i_2s-mean,1,0.897,0.00889,0.0246,aMEM_10pct-i_2s-mean,aMEM_10pct-i_2s-mean,i,iota,20.0,ug/mL,20 ug/mL,medium,,True
aMEM_10pct-i_2s-mean,2,0.889,0.00628,0.0231,aMEM_10pct-i_2s-mean,aMEM_10pct-i_2s-mean,i,iota,20.0,ug/mL,20 ug/mL,medium,,True
aMEM_10pct-i_2s-mean,3,0.881,0.00382,0.0198,aMEM_10pct-i_2s-mean,aMEM_10pct-i_2s-mean,i,iota,20.0,ug/mL,20 ug/mL,medium,,True
aMEM_10pct-i_2s-mean,4,0.866,0.895,0.0258,aMEM_10pct-i_2s-mean,aMEM_10pct-i_2s-mean,i,iota,20.0,ug/mL,20 ug/mL,medium,,True
aMEM_10pct-i_2s-mean,5,0.851,0.89,0.0215,aMEM_10pct-i_2s-mean,aMEM_10pct-i_2s-mean,i,iota,20.0,ug/mL,20 ug/mL,medium,,True
aMEM_10pct-i_2s-mean,6,0.837,0.882,0.0242,aMEM_10pct-i_2s-mean,aMEM_10pct-i_2s-mean,i,iota,20.0,ug/mL,20 ug/mL,medium,,True
aMEM_10pct-i_2s-mean,7,0.81,0.868,1.5,aMEM_10pct-i_2s-mean,aMEM_10pct-i_2s-mean,i,iota,20.0,ug/mL,20 ug/mL,medium,,True
aMEM_10pct-i_2s-mean,8,0.785,0.85,2.0,aMEM_10pct-i_2s-mean,aMEM_10pct-i_2s-mean,i,iota,20.0,ug/mL,20 ug/mL,medium,,True
aMEM_10pct-i_2s-mean,9,0.762,0.837,2.5,aMEM_10pct-i_2s-mean,aMEM_10pct-i_2s-mean,i,iota,20.0,ug/mL,20 ug/mL,medium,,True
aMEM_10pct-i_2s-mean,10,0.73,0.81,3.5,aMEM_10pct-i_2s-mean,aMEM_10pct-i_2s-mean,i,iota,20.0,ug/mL,20 ug/mL,medium,,True
aMEM_10pct-i_2s-mean,11,0.691,0.785,4.5,aMEM_10pct-i_2s-mean,aMEM_10pct-i_2s-mean,i,iota,20.0,ug/mL,20 ug/mL,medium,,True
aMEM_10pct-i_2s-mean,12,0.657,0.762,5.5,aMEM_10pct-i_2s-mean,aMEM_10pct-i_2s-mean,i,iota,20.0,ug/mL,20 ug/mL,medium,,True
aMEM_10pct-i_2s-mean,13,0.612,0.729,7.5,aMEM_10pct-i_2s-mean,aMEM_10pct-i_2s-mean,i,iota,20.0,ug/mL,20 ug/mL,medium,,True
aMEM_10pct-i_2s-mean,14,0.562,0.691,9.5,aMEM_10pct-i_2s-mean,aMEM_10pct-i_2s-mean,i,iota,20.0,ug/mL,20 ug/mL,medium,,True
aMEM_10pct-i_2s-mean,15,0.52,0.657,11.5,aMEM_10pct-i_2s-mean,aMEM_10pct-i_2s-mean,i,iota,20.0,ug/mL,20 ug/mL,medium,,True
aMEM_10pct-i_2s-mean,16,0.469,0.612,14.5,aMEM_10pct-i_2s-mean,aMEM_10pct-i_2s-mean,i,iota,20.0,ug/mL,20 ug/mL,medium,,True
aMEM_10pct-i_2s-mean,17,0.427,0.562,18.5,aMEM_10pct-i_2s-mean,aMEM_10pct-i_2s-mean,i,iota,20.0,ug/mL,20 ug/mL,medium,,True
aMEM_10pct-i_2s-mean,18,0.381,0.52,22.5,aMEM_10pct-i_2s-mean,aMEM_10pct-i_2s-mean,i,iota,20.0,ug/mL,20 ug/mL,medium,,True
aMEM_10pct-i_2s-mean,19,0.327,0.469,28.5,aMEM_10pct-i_2s-mean,aMEM_10pct-i_2s-mean,i,iota,20.0,ug/mL,20 ug/mL,medium,,True
aMEM_10pct-i_2s-mean,20,0.273,0.428,36.5,aMEM_10pct-i_2s-mean,aMEM_10pct-i_2s-mean,i,iota,20.0,ug/mL,20 ug/mL,medium,,True
aMEM_10pct-i_2s-mean,21,0.232,0.38,44.5,aMEM_10pct-i_2s-mean,aMEM_10pct-i_2s-mean,i,iota,20.0,ug/mL,20 ug/mL,medium,,True
aMEM_10pct-i_2s-mean,22,0.187,0.326,56.5,aMEM_10pct-i_2s-mean,aMEM_10pct-i_2s-mean,i,iota,20.0,ug/mL,20 ug/mL,medium,,True
aMEM_10pct-i_2s-mean,23,0.146,0.273,68.5,aMEM_10pct-i_2s-mean,aMEM_10pct-i_2s-mean,i,iota,20.0,ug/mL,20 ug/mL,medium,,True
aMEM_10pct-i_2s-mean,24,0.119,0.232,84.5,aMEM_10pct-i_2s-mean,aMEM_10pct-i_2s-mean,i,iota,20.0,ug/mL,20 ug/mL,medium,,True
aMEM_10pct-i_2s-mean,25,0.093,0.186,109.0,aMEM_10pct-i_2s-mean,aMEM_10pct-i_2s-mean,i,iota,20.0,ug/mL,20 ug/mL,medium,,True
aMEM_10pct-i_2s-mean,26,0.0742,0.147,141.0,aMEM_10pct-i_2s-mean,aMEM_10pct-i_2s-mean,i,iota,20.0,ug/mL,20 ug/mL,medium,,True
aMEM_10pct-i_2s-mean,27,0.0639,0.12,173.0,aMEM_10pct-i_2s-mean,aMEM_10pct-i_2s-mean,i,iota,20.0,ug/mL,20 ug/mL,medium,,True
aMEM_10pct-i_2s-mean,28,0.0558,0.101,221.0,aMEM_10pct-i_2s-mean,aMEM_10pct-i_2s-mean,i,iota,20.0,ug/mL,20 ug/mL,medium,,True
aMEM_10pct-i_2s-mean,29,0.0507,0.0773,285.0,aMEM_10pct-i_2s-mean,aMEM_10pct-i_2s-mean,i,iota,20.0,ug/mL,20 ug/mL,medium,,True
aMEM_10pct-i_2s-mean,30,0.0479,0.0497,349.0,aMEM_10pct-i_2s-mean,aMEM_10pct-i_2s-mean,i,iota,20.0,ug/mL,20 ug/mL,medium,,True
aMEM_10pct-i_2s-mean,31,0.0452,0.0375,445.0,aMEM_10pct-i_2s-mean,aMEM_10pct-i_2s-mean,i,iota,20.0,ug/mL,20 ug/mL,medium,,True
aMEM_10pct-i_2s-mean,32,0.0425,0.0288,573.0,aMEM_10pct-i_2s-mean,aMEM_10pct-i_2s-mean,i,iota,20.0,ug/mL,20 ug/mL,medium,,True
aMEM_10pct-i_2s-mean,33,0.0401,0.019,701.0,aMEM_10pct-i_2s-mean,aMEM_10pct-i_2s-mean,i,iota,20.0,ug/mL,20 ug/mL,medium,,True
aMEM_10pct-i_2s-mean,34,0.0369,0.0282,893.0,aMEM_10pct-i_2s-mean,aMEM_10pct-i_2s-mean,i,iota,20.0,ug/mL,20 ug/mL,medium,,True
aMEM_10pct-i_2s-mean,35,0.033,0.0226,1150.0,aMEM_10pct-i_2s-mean,aMEM_10pct-i_2s-mean,i,iota,20.0,ug/mL,20 ug/mL,medium,,True
aMEM_10pct-i_2s-mean,36,0.0297,0.0319,1400.0,aMEM_10pct-i_2s-mean,aMEM_10pct-i_2s-mean,i,iota,20.0,ug/mL,20 ug/mL,medium,,True
aMEM_10pct-i_2s-mean,37,0.0254,0.0316,1790.0,aMEM_10pct-i_2s-mean,aMEM_10pct-i_2s-mean,i,iota,20.0,ug/mL,20 ug/mL,medium,,True
aMEM_10pct-i_2s-mean,38,0.0207,0.0285,2300.0,aMEM_10pct-i_2s-mean,aMEM_10pct-i_2s-mean,i,iota,20.0,ug/mL,20 ug/mL,medium,,True
aMEM_10pct-i_2s-mean,39,0.017,0.0268,2810.0,aMEM_10pct-i_2s-mean,aMEM_10pct-i_2s-mean,i,iota,20.0,ug/mL,20 ug/mL,medium,,True
aMEM_10pct-i_2s-mean,40,0.0128,0.0262,3580.0,aMEM_10pct-i_2s-mean,aMEM_10pct-i_2s-mean,i,iota,20.0,ug/mL,20 ug/mL,medium,,True
aMEM_10pct-L_3s 1,1,0.908,0.00504,0.0278,aMEM_10pct-L_3s 1,aMEM_10pct-L_3s,l,lambda,35.0,ug/mL,35 ug/mL,medium,1.0,False
aMEM_10pct-L_3s 1,2,0.901,0.00367,0.0281,aMEM_10pct-L_3s 1,aMEM_10pct-L_3s,l,lambda,35.0,ug/mL,35 ug/mL,medium,1.0,False
aMEM_10pct-L_3s 1,3,0.893,0.00232,0.027,aMEM_10pct-L_3s 1,aMEM_10pct-L_3s,l,lambda,35.0,ug/mL,35 ug/mL,medium,1.0,False
aMEM_10pct-L_3s 1,4,0.879,0.00129,0.0171,aMEM_10pct-L_3s 1,aMEM_10pct-L_3s,l,lambda,35.0,ug/mL,35 ug/mL,medium,1.0,False
aMEM_10pct-L_3s 1,5,0.866,0.908,0.0133,aMEM_10pct-L_3s 1,aMEM_10pct-L_3s,l,lambda,35.0,ug/mL,35 ug/mL,medium,1.0,False
aMEM_10pct-L_3s 1,6,0.853,0.901,0.0278,aMEM_10pct-L_3s 1,aMEM_10pct-L_3s,l,lambda,35.0,ug/mL,35 ug/mL,medium,1.0,False
aMEM_10pct-L_3s 1,7,0.829,0.893,0.0103,aMEM_10pct-L_3s 1,aMEM_10pct-L_3s,l,lambda,35.0,ug/mL,35 ug/mL,medium,1.0,False
aMEM_10pct-L_3s 1,8,0.807,0.879,0.0143,aMEM_10pct-L_3s 1,aMEM_10pct-L_3s,l,lambda,35.0,ug/mL,35 ug/mL,medium,1.0,False
aMEM_10pct-L_3s 1,9,0.786,0.866,1.5,aMEM_10pct-L_3s 1,aMEM_10pct-L_3s,l,lambda,35.0,ug/mL,35 ug/mL,medium,1.0,False
aMEM_10pct-L_3s 1,10,0.757,0.853,2.0,aMEM_10pct-L_3s 1,aMEM_10pct-L_3s,l,lambda,35.0,ug/mL,35 ug/mL,medium,1.0,False
aMEM_10pct-L_3s 1,11,0.723,0.829,2.5,aMEM_10pct-L_3s 1,aMEM_10pct-L_3s,l,lambda,35.0,ug/mL,35 ug/mL,medium,1.0,False
aMEM_10pct-L_3s 1,12,0.693,0.807,3.5,aMEM_10pct-L_3s 1,aMEM_10pct-L_3s,l,lambda,35.0,ug/mL,35 ug/mL,medium,1.0,False
aMEM_10pct-L_3s 1,13,0.654,0.786,4.5,aMEM_10pct-L_3s 1,aMEM_10pct-L_3s,l,lambda,35.0,ug/mL,35 ug/mL,medium,1.0,False
aMEM_10pct-L_3s 1,14,0.609,0.757,5.5,aMEM_10pct-L_3s 1,aMEM_10pct-L_3s,l,lambda,35.0,ug/mL,35 ug/mL,medium,1.0,False
aMEM_10pct-L_3s 1,15,0.572,0.723,7.5,aMEM_10pct-L_3s 1,aMEM_10pct-L_3s,l,lambda,35.0,ug/mL,35 ug/mL,medium,1.0,False
aMEM_10pct-L_3s 1,16,0.526,0.693,9.5,aMEM_10pct-L_3s 1,aMEM_10pct-L_3s,l,lambda,35.0,ug/mL,35 ug/mL,medium,1.0,False
aMEM_10pct-L_3s 1,17,0.487,0.654,11.5,aMEM_10pct-L_3s 1,aMEM_10pct-L_3s,l,lambda,35.0,ug/mL,35 ug/mL,medium,1.0,False
aMEM_10pct-L_3s 1,18,0.445,0.609,14.5,aMEM_10pct-L_3s 1,aMEM_10pct-L_3s,l,lambda,35.0,ug/mL,35 ug/mL,medium,1.0,False
aMEM_10pct-L_3s 1,19,0.392,0.572,18.5,aMEM_10pct-L_3s 1,aMEM_10pct-L_3s,l,lambda,35.0,ug/mL,35 ug/mL,medium,1.0,False
aMEM_10pct-L_3s 1,20,0.338,0.526,22.5,aMEM_10pct-L_3s 1,aMEM_10pct-L_3s,l,lambda,35.0,ug/mL,35 ug/mL,medium,1.0,False
aMEM_10pct-L_3s 1,21,0.295,0.488,28.5,aMEM_10pct-L_3s 1,aMEM_10pct-L_3s,l,lambda,35.0,ug/mL,35 ug/mL,medium,1.0,False
aMEM_10pct-L_3s 1,22,0.245,0.444,36.5,aMEM_10pct-L_3s 1,aMEM_10pct-L_3s,l,lambda,35.0,ug/mL,35 ug/mL,medium,1.0,False
aMEM_10pct-L_3s 1,23,0.197,0.392,44.5,aMEM_10pct-L_3s 1,aMEM_10pct-L_3s,l,lambda,35.0,ug/mL,35 ug/mL,medium,1.0,False
aMEM_10pct-L_3s 1,24,0.162,0.337,56.5,aMEM_10pct-L_3s 1,aMEM_10pct-L_3s,l,lambda,35.0,ug/mL,35 ug/mL,medium,1.0,False
aMEM_10pct-L_3s 1,25,0.126,0.294,68.5,aMEM_10pct-L_3s 1,aMEM_10pct-L_3s,l,lambda,35.0,ug/mL,35 ug/mL,medium,1.0,False
aMEM_10pct-L_3s 1,26,0.0948,0.246,84.5,aMEM_10pct-L_3s 1,aMEM_10pct-L_3s,l,lambda,35.0,ug/mL,35 ug/mL,medium,1.0,False
aMEM_10pct-L_3s 1,27,0.0749,0.198,109.0,aMEM_10pct-L_3s 1,aMEM_10pct-L_3s,l,lambda,35.0,ug/mL,35 ug/mL,medium,1.0,False
aMEM_10pct-L_3s 1,28,0.0563,0.162,141.0,aMEM_10pct-L_3s 1,aMEM_10pct-L_3s,l,lambda,35.0,ug/mL,35 ug/mL,medium,1.0,False
aMEM_10pct-L_3s 1,29,0.0423,0.124,173.0,aMEM_10pct-L_3s 1,aMEM_10pct-L_3s,l,lambda,35.0,ug/mL,35 ug/mL,medium,1.0,False
aMEM_10pct-L_3s 1,30,0.0343,0.0925,221.0,aMEM_10pct-L_3s 1,aMEM_10pct-L_3s,l,lambda,35.0,ug/mL,35 ug/mL,medium,1.0,False
aMEM_10pct-L_3s 1,31,0.0276,0.0563,285.0,aMEM_10pct-L_3s 1,aMEM_10pct-L_3s,l,lambda,35.0,ug/mL,35 ug/mL,medium,1.0,False
aMEM_10pct-L_3s 1,32,0.0231,0.0409,349.0,aMEM_10pct-L_3s 1,aMEM_10pct-L_3s,l,lambda,35.0,ug/mL,35 ug/mL,medium,1.0,False
aMEM_10pct-L_3s 1,33,0.0205,0.0297,445.0,aMEM_10pct-L_3s 1,aMEM_10pct-L_3s,l,lambda,35.0,ug/mL,35 ug/mL,medium,1.0,False
aMEM_10pct-L_3s 1,34,0.0183,0.0314,573.0,aMEM_10pct-L_3s 1,aMEM_10pct-L_3s,l,lambda,35.0,ug/mL,35 ug/mL,medium,1.0,False
aMEM_10pct-L_3s 1,35,0.0162,0.0113,701.0,aMEM_10pct-L_3s 1,aMEM_10pct-L_3s,l,lambda,35.0,ug/mL,35 ug/mL,medium,1.0,False
aMEM_10pct-L_3s 1,36,0.0147,0.0229,893.0,aMEM_10pct-L_3s 1,aMEM_10pct-L_3s,l,lambda,35.0,ug/mL,35 ug/mL,medium,1.0,False
aMEM_10pct-L_3s 1,37,0.0128,0.0399,1150.0,aMEM_10pct-L_3s 1,aMEM_10pct-L_3s,l,lambda,35.0,ug/mL,35 ug/mL,medium,1.0,False
aMEM_10pct-L_3s 1,38,0.0107,0.022,1400.0,aMEM_10pct-L_3s 1,aMEM_10pct-L_3s,l,lambda,35.0,ug/mL,35 ug/mL,medium,1.0,False
aMEM_10pct-L_3s 1,39,0.00902,0.0203,1790.0,aMEM_10pct-L_3s 1,aMEM_10pct-L_3s,l,lambda,35.0,ug/mL,35 ug/mL,medium,1.0,False
aMEM_10pct-L_3s 1,40,0.007,0.025,2300.0,aMEM_10pct-L_3s 1,aMEM_10pct-L_3s,l,lambda,35.0,ug/mL,35 ug/mL,medium,1.0,False
aMEM_10pct-L_3s 2,1,0.911,0.00207,0.0169,aMEM_10pct-L_3s 2,aMEM_10pct-L_3s,l,lambda,35.0,ug/mL,35 ug/mL,medium,2.0,False
aMEM_10pct-L_3s 2,2,0.903,0.00152,0.0263,aMEM_10pct-L_3s 2,aMEM_10pct-L_3s,l,lambda,35.0,ug/mL,35 ug/mL,medium,2.0,False
aMEM_10pct-L_3s 2,3,0.896,0.911,0.018,aMEM_10pct-L_3s 2,aMEM_10pct-L_3s,l,lambda,35.0,ug/mL,35 ug/mL,medium,2.0,False
aMEM_10pct-L_3s 2,4,0.882,0.903,0.0255,aMEM_10pct-L_3s 2,aMEM_10pct-L_3s,l,lambda,35.0,ug/mL,35 ug/mL,medium,2.0,False
aMEM_10pct-L_3s 2,5,0.869,0.895,1.5,aMEM_10pct-L_3s 2,aMEM_10pct-L_3s,l,lambda,35.0,ug/mL,35 ug/mL,medium,2.0,False
aMEM_10pct-L_3s 2,6,0.856,0.883,2.0,aMEM_10pct-L_3s 2,aMEM_10pct-L_3s,l,lambda,35.0,ug/mL,35 ug/mL,medium,2.0,False
aMEM_10pct-L_3s 2,7,0.832,0.869,2.5,aMEM_10pct-L_3s 2,aMEM_10pct-L_3s,l,lambda,35.0,ug/mL,35 ug/mL,medium,2.0,False
aMEM_10pct-L_3s 2,8,0.81,0.856,3.5,aMEM_10pct-L_3s 2,aMEM_10pct-L_3s,l,lambda,35.0,ug/mL,35 ug/mL,medium,2.0,False
aMEM_10pct-L_3s 2,9,0.789,0.832,4.5,aMEM_10pct-L_3s 2,aMEM_10pct-L_3s,l,lambda,35.0,ug/mL,35 ug/mL,medium,2.0,False
aMEM_10pct-L_3s 2,10,0.761,0.811,5.5,aMEM_10pct-L_3s 2,aMEM_10pct-L_3s,l,lambda,35.0,ug/mL,35 ug/mL,medium,2.0,False
aMEM_10pct-L_3s 2,11,0.727,0.789,7.5,aMEM_10pct-L_3s 2,aMEM_10pct-L_3s,l,lambda,35.0,ug/mL,35 ug/mL,medium,2.0,False
aMEM_10pct-L_3s 2,12,0.696,0.76,9.5,aMEM_10pct-L_3s 2,aMEM_10pct-L_3s,l,lambda,35.0,ug/mL,35 ug/mL,medium,2.0,False
aMEM_10pct-L_3s 2,13,0.657,0.727,11.5,aMEM_10pct-L_3s 2,aMEM_10pct-L_3s,l,lambda,35.0,ug/mL,35 ug/mL,medium,2.0,False
aMEM_10pct-L_3s 2,14,0.612,0.695,14.5,aMEM_10pct-L_3s 2,aMEM_10pct-L_3s,l,lambda,35.0,ug/mL,35 ug/mL,medium,2.0,False
aMEM_10pct-L_3s 2,15,0.575,0.657,18.5,aMEM_10pct-L_3s 2,aMEM_10pct-L_3s,l,lambda,35.0,ug/mL,35 ug/mL,medium,2.0,False
aMEM_10pct-L_3s 2,16,0.528,0.612,22.5,aMEM_10pct-L_3s 2,aMEM_10pct-L_3s,l,lambda,35.0,ug/mL,35 ug/mL,medium,2.0,False
aMEM_10pct-L_3s 2,17,0.49,0.575,28.5,aMEM_10pct-L_3s 2,aMEM_10pct-L_3s,l,lambda,35.0,ug/mL,35 ug/mL,medium,2.0,False
aMEM_10pct-L_3s 2,18,0.447,0.529,36.5,aMEM_10pct-L_3s 2,aMEM_10pct-L_3s,l,lambda,35.0,ug/mL,35 ug/mL,medium,2.0,False
aMEM_10pct-L_3s 2,19,0.394,0.489,44.5,aMEM_10pct-L_3s 2,aMEM_10pct-L_3s,l,lambda,35.0,ug/mL,35 ug/mL,medium,2.0,False
aMEM_10pct-L_3s 2,20,0.34,0.446,56.5,aMEM_10pct-L_3s 2,aMEM_10pct-L_3s,l,lambda,35.0,ug/mL,35 ug/mL,medium,2.0,False
aMEM_10pct-L_3s 2,21,0.297,0.394,68.5,aMEM_10pct-L_3s 2,aMEM_10pct-L_3s,l,lambda,35.0,ug/mL,35 ug/mL,medium,2.0,False
aMEM_10pct-L_3s 2,22,0.248,0.34,84.5,aMEM_10pct-L_3s 2,aMEM_10pct-L_3s,l,lambda,35.0,ug/mL,35 ug/mL,medium,2.0,False
aMEM_10pct-L_3s 2,23,0.201,0.297,109.0,aMEM_10pct-L_3s 2,aMEM_10pct-L_3s,l,lambda,35.0,ug/mL,35 ug/mL,medium,2.0,False
aMEM_10pct-L_3s 2,24,0.167,0.248,141.0,aMEM_10pct-L_3s 2,aMEM_10pct-L_3s,l,lambda,35.0,ug/mL,35 ug/mL,medium,2.0,False
aMEM_10pct-L_3s 2,25,0.131,0.202,173.0,aMEM_10pct-L_3s 2,aMEM_10pct-L_3s,l,lambda,35.0,ug/mL,35 ug/mL,medium,2.0,False
aMEM_10pct-L_3s 2,26,0.1,0.167,221.0,aMEM_10pct-L_3s 2,aMEM_10pct-L_3s,l,lambda,35.0,ug/mL,35 ug/mL,medium,2.0,False
aMEM_10pct-L_3s 2,27,0.0802,0.131,285.0,aMEM_10pct-L_3s 2,aMEM_10pct-L_3s,l,lambda,35.0,ug/mL,35 ug/mL,medium,2.0,False
aMEM_10pct-L_3s 2,28,0.0605,0.0962,349.0,aMEM_10pct-L_3s 2,aMEM_10pct-L_3s,l,lambda,35.0,ug/mL,35 ug/mL,medium,2.0,False
aMEM_10pct-L_3s 2,29,0.0446,0.067,445.0,aMEM_10pct-L_3s 2,aMEM_10pct-L_3s,l,lambda,35.0,ug/mL,35 ug/mL,medium,2.0,False
aMEM_10pct-L_3s 2,30,0.0347,0.0399,573.0,aMEM_10pct-L_3s 2,aMEM_10pct-L_3s,l,lambda,35.0,ug/mL,35 ug/mL,medium,2.0,False
aMEM_10pct-L_3s 2,31,0.0256,0.0126,701.0,aMEM_10pct-L_3s 2,aMEM_10pct-L_3s,l,lambda,35.0,ug/mL,35 ug/mL,medium,2.0,False
aMEM_10pct-L_3s 2,32,0.0186,0.0192,893.0,aMEM_10pct-L_3s 2,aMEM_10pct-L_3s,l,lambda,35.0,ug/mL,35 ug/mL,medium,2.0,False
aMEM_10pct-L_3s 2,33,0.0145,0.0137,1150.0,aMEM_10pct-L_3s 2,aMEM_10pct-L_3s,l,lambda,35.0,ug/mL,35 ug/mL,medium,2.0,False
aMEM_10pct-L_3s 2,34,0.0109,0.0179,1400.0,aMEM_10pct-L_3s 2,aMEM_10pct-L_3s,l,lambda,35.0,ug/mL,35 ug/mL,medium,2.0,False
aMEM_10pct-L_3s 2,35,0.00833,0.0198,1790.0,aMEM_10pct-L_3s 2,aMEM_10pct-L_3s,l,lambda,35.0,ug/mL,35 ug/mL,medium,2.0,False
aMEM_10pct-L_3s 2,36,0.00685,0.0339,2300.0,aMEM_10pct-L_3s 2,aMEM_10pct-L_3s,l,lambda,35.0,ug/mL,35 ug/mL,medium,2.0,False
aMEM_10pct-L_3s 2,37,0.00552,0.0135,2810.0,aMEM_10pct-L_3s 2,aMEM_10pct-L_3s,l,lambda,35.0,ug/mL,35 ug/mL,medium,2.0,False
aMEM_10pct-L_3s 2,38,0.00443,0.0126,3580.0,aMEM_10pct-L_3s 2,aMEM_10pct-L_3s,l,lambda,35.0,ug/mL,35 ug/mL,medium,2.0,False
aMEM_10pct-L_3s 2,39,0.00367,0.0235,4600.0,aMEM_10pct-L_3s 2,aMEM_10pct-L_3s,l,lambda,35.0,ug/mL,35 ug/mL,medium,2.0,False
aMEM_10pct-L_3s 2,40,0.00285,0.0193,5630.0,aMEM_10pct-L_3s 2,aMEM_10pct-L_3s,l,lambda,35.0,ug/mL,35 ug/mL,medium,2.0,False
aMEM_10pct-L_3s 3,1,0.909,0.724,173.0,aMEM_10pct-L_3s 3,aMEM_10pct-L_3s,l,lambda,35.0,ug/mL,35 ug/mL,medium,3.0,False
aMEM_10pct-L_3s 3,2,0.902,0.694,221.0,aMEM_10pct-L_3s 3,aMEM_10pct-L_3s,l,lambda,35.0,ug/mL,35 ug/mL,medium,3.0,False
aMEM_10pct-L_3s 3,3,0.894,0.654,285.0,aMEM_10pct-L_3s 3,aMEM_10pct-L_3s,l,lambda,35.0,ug/mL,35 ug/mL,medium,3.0,False
aMEM_10pct-L_3s 3,4,0.88,0.609,349.0,aMEM_10pct-L_3s 3,aMEM_10pct-L_3s,l,lambda,35.0,ug/mL,35 ug/mL,medium,3.0,False
aMEM_10pct-L_3s 3,5,0.867,0.571,445.0,aMEM_10pct-L_3s 3,aMEM_10pct-L_3s,l,lambda,35.0,ug/mL,35 ug/mL,medium,3.0,False
aMEM_10pct-L_3s 3,6,0.854,0.524,573.0,aMEM_10pct-L_3s 3,aMEM_10pct-L_3s,l,lambda,35.0,ug/mL,35 ug/mL,medium,3.0,False
aMEM_10pct-L_3s 3,7,0.83,0.485,701.0,aMEM_10pct-L_3s 3,aMEM_10pct-L_3s,l,lambda,35.0,ug/mL,35 ug/mL,medium,3.0,False
aMEM_10pct-L_3s 3,8,0.808,0.441,893.0,aMEM_10pct-L_3s 3,aMEM_10pct-L_3s,l,lambda,35.0,ug/mL,35 ug/mL,medium,3.0,False
aMEM_10pct-L_3s 3,9,0.787,0.388,1150.0,aMEM_10pct-L_3s 3,aMEM_10pct-L_3s,l,lambda,35.0,ug/mL,35 ug/mL,medium,3.0,False
aMEM_10pct-L_3s 3,10,0.758,0.334,1400.0,aMEM_10pct-L_3s 3,aMEM_10pct-L_3s,l,lambda,35.0,ug/mL,35 ug/mL,medium,3.0,False
aMEM_10pct-L_3s-mean,1,0.908,0.00504,0.0278,aMEM_10pct-L_3s-mean,aMEM_10pct-L_3s-mean,l,lambda,35.0,ug/mL,35 ug/mL,medium,,True
aMEM_10pct-L_3s-mean,2,0.901,0.00367,0.0281,aMEM_10pct-L_3s-mean,aMEM_10pct-L_3s-mean,l,lambda,35.0,ug/mL,35 ug/mL,medium,,True
aMEM_10pct-L_3s-mean,3,0.893,0.00232,0.027,aMEM_10pct-L_3s-mean,aMEM_10pct-L_3s-mean,l,lambda,35.0,ug/mL,35 ug/mL,medium,,True
aMEM_10pct-L_3s-mean,4,0.879,0.00129,0.0171,aMEM_10pct-L_3s-mean,aMEM_10pct-L_3s-mean,l,lambda,35.0,ug/mL,35 ug/mL,medium,,True
aMEM_10pct-L_3s-mean,5,0.866,0.908,0.0133,aMEM_10pct-L_3s-mean,aMEM_10pct-L_3s-mean,l,lambda,35.0,ug/mL,35 ug/mL,medium,,True
aMEM_10pct-L_3s-mean,6,0.853,0.901,0.0278,aMEM_10pct-L_3s-mean,aMEM_10pct-L_3s-mean,l,lambda,35.0,ug/mL,35 ug/mL,medium,,True
aMEM_10pct-L_3s-mean,7,0.829,0.893,0.0103,aMEM_10pct-L_3s-mean,aMEM_10pct-L_3s-mean,l,lambda,35.0,ug/mL,35 ug/mL,medium,,True
aMEM_10pct-L_3s-mean,8,0.807,0.879,0.0143,aMEM_10pct-L_3s-mean,aMEM_10pct-L_3s-mean,l,lambda,35.0,ug/mL,35 ug/mL,medium,,True
aMEM_10pct-L_3s-mean,9,0.786,0.866,1.5,aMEM_10pct-L_3s-mean,aMEM_10pct-L_3s-mean,l,lambda,35.0,ug/mL,35 ug/mL,medium,,True
aMEM_10pct-L_3s-mean,10,0.757,0.853,2.0,aMEM_10pct-L_3s-mean,aMEM_10pct-L_3s-mean,l,lambda,35.0,ug/mL,35 ug/mL,medium,,True
aMEM_10pct-L_3s-mean,11,0.723,0.829,2.5,aMEM_10pct-L_3s-mean,aMEM_10pct-L_3s-mean,l,lambda,35.0,ug/mL,35 ug/mL,medium,,True
aMEM_10pct-L_3s-mean,12,0.693,0.807,3.5,aMEM_10pct-L_3s-mean,aMEM_10pct-L_3s-mean,l,lambda,35.0,ug/mL,35 ug/mL,medium,,True
aMEM_10pct-L_3s-mean,13,0.654,0.786,4.5,aMEM_10pct-L_3s-mean,aMEM_10pct-L_3s-mean,l,lambda,35.0,ug/mL,35 ug/mL,medium,,True
aMEM_10pct-L_3s-mean,14,0.609,0.757,5.5,aMEM_10pct-L_3s-mean,aMEM_10pct-L_3s-mean,l,lambda,35.0,ug/mL,35 ug/mL,medium,,True
aMEM_10pct-L_3s-mean,15,0.572,0.723,7.5,aMEM_10pct-L_3s-mean,aMEM_10pct-L_3s-mean,l,lambda,35.0,ug/mL,35 ug/mL,medium,,True
aMEM_10pct-L_3s-mean,16,0.526,0.693,9.5,aMEM_10pct-L_3s-mean,aMEM_10pct-L_3s-mean,l,lambda,35.0,ug/mL,35 ug/mL,medium,,True
aMEM_10pct-L_3s-mean,17,0.487,0.654,11.5,aMEM_10pct-L_3s-mean,aMEM_10pct-L_3s-mean,l,lambda,35.0,ug/mL,35 ug/mL,medium,,True
aMEM_10pct-L_3s-mean,18,0.445,0.609,14.5,aMEM_10pct-L_3s-mean,aMEM_10pct-L_3s-mean,l,lambda,35.0,ug/mL,35 ug/mL,medium,,True
aMEM_10pct-L_3s-mean,19,0.392,0.572,18.5,aMEM_10pct-L_3s-mean,aMEM_10pct-L_3s-mean,l,lambda,35.0,ug/mL,35 ug/mL,medium,,True
aMEM_10pct-L_3s-mean,20,0.338,0.526,22.5,aMEM_10pct-L_3s-mean,aMEM_10pct-L_3s-mean,l,lambda,35.0,ug/mL,35 ug/mL,medium,,True
aMEM_10pct-L_3s-mean,21,0.295,0.488,28.5,aMEM_10pct-L_3s-mean,aMEM_10pct-L_3s-mean,l,lambda,35.0,ug/mL,35 ug/mL,medium,,True
aMEM_10pct-L_3s-mean,22,0.245,0.444,36.5,aMEM_10pct-L_3s-mean,aMEM_10pct-L_3s-mean,l,lambda,35.0,ug/mL,35 ug/mL,medium,,True
aMEM_10pct-L_3s-mean,23,0.197,0.392,44.5,aMEM_10pct-L_3s-mean,aMEM_10pct-L_3s-mean,l,lambda,35.0,ug/mL,35 ug/mL,medium,,True
aMEM_10pct-L_3s-mean,24,0.162,0.337,56.5,aMEM_10pct-L_3s-mean,aMEM_10pct-L_3s-mean,l,lambda,35.0,ug/mL,35 ug/mL,medium,,True
aMEM_10pct-L_3s-mean,25,0.126,0.294,68.5,aMEM_10pct-L_3s-mean,aMEM_10pct-L_3s-mean,l,lambda,35.0,ug/mL,35 ug/mL,medium,,True
aMEM_10pct-L_3s-mean,26,0.0948,0.246,84.5,aMEM_10pct-L_3s-mean,aMEM_10pct-L_3s-mean,l,lambda,35.0,ug/mL,35 ug/mL,medium,,True
aMEM_10pct-L_3s-mean,27,0.0749,0.198,109.0,aMEM_10pct-L_3s-mean,aMEM_10pct-L_3s-mean,l,lambda,35.0,ug/mL,35 ug/mL,medium,,True
aMEM_10pct-L_3s-mean,28,0.0563,0.162,141.0,aMEM_10pct-L_3s-mean,aMEM_10pct-L_3s-mean,l,lambda,35.0,ug/mL,35 ug/mL,medium,,True
aMEM_10pct-L_3s-mean,29,0.0423,0.124,173.0,aMEM_10pct-L_3s-mean,aMEM_10pct-L_3s-mean,l,lambda,35.0,ug/mL,35 ug/mL,medium,,True
aMEM_10pct-L_3s-mean,30,0.0343,0.0925,221.0,aMEM_10pct-L_3s-mean,aMEM_10pct-L_3s-mean,l,lambda,35.0,ug/mL,35 ug/mL,medium,,True
aMEM_10pct-L_3s-mean,31,0.0276,0.0563,285.0,aMEM_10pct-L_3s-mean,aMEM_10pct-L_3s-mean,l,lambda,35.0,ug/mL,35 ug/mL,medium,,True
aMEM_10pct-L_3s-mean,32,0.0231,0.0409,349.0,aMEM_10pct-L_3s-mean,aMEM_10pct-L_3s-mean,l,lambda,35.0,ug/mL,35 ug/mL,medium,,True
aMEM_10pct-L_3s-mean,33,0.0205,0.0297,445.0,aMEM_10pct-L_3s-mean,aMEM_10pct-L_3s-mean,l,lambda,35.0,ug/mL,35 ug/mL,medium,,True
aMEM_10pct-L_3s-mean,34,0.0183,0.0314,573.0,aMEM_10pct-L_3s-mean,aMEM_10pct-L_3s-mean,l,lambda,35.0,ug/mL,35 ug/mL,medium,,True
aMEM_10pct-L_3s-mean,35,0.0162,0.0113,701.0,aMEM_10pct-L_3s-mean,aMEM_10pct-L_3s-mean,l,lambda,35.0,ug/mL,35 ug/mL,medium,,True
aMEM_10pct-L_3s-mean,36,0.0147,0.0229,893.0,aMEM_10pct-L_3s-mean,aMEM_10pct-L_3s-mean,l,lambda,35.0,ug/mL,35 ug/mL,medium,,True
aMEM_10pct-L_3s-mean,37,0.0128,0.0399,1150.0,aMEM_10pct-L_3s-mean,aMEM_10pct-L_3s-mean,l,lambda,35.0,ug/mL,35 ug/mL,medium,,True
aMEM_10pct-L_3s-mean,38,0.0107,0.022,1400.0,aMEM_10pct-L_3s-mean,aMEM_10pct-L_3s-mean,l,lambda,35.0,ug/mL,35 ug/mL,medium,,True
aMEM_10pct-L_3s-mean,39,0.00902,0.0203,1790.0,aMEM_10pct-L_3s-mean,aMEM_10pct-L_3s-mean,l,lambda,35.0,ug/mL,35 ug/mL,medium,,True
aMEM_10pct-L_3s-mean,40,0.007,0.025,2300.0,aMEM_10pct-L_3s-mean,aMEM_10pct-L_3s-mean,l,lambda,35.0,ug/mL,35 ug/mL,medium,,True
